industry,category_kr,brand,copy,date,url,src
healthcare_pharma,제약/의료/복지,센트룸 구미,건강은 챙겨야하고 맛없는 건 먹기 싫은 어른이들을 위해,2024-08-01,https://play.tvcf.co.kr/953731,AUG_240907
finance,금융/보험,LS증권 투혼,차가운 고수들의 투자 플랫폼,2024-08-01,https://play.tvcf.co.kr/954385,AUG_240907
finance,금융/보험,KB손해보험 다이렉트,음주운전은 부끄러운 게 아닙니다. 범죄입니다.,2024-08-01,https://play.tvcf.co.kr/954652,AUG_240907
beauty,화장품,CJ 올리브영,클린 뷰티 다정공식 완성!,2024-08-01,https://play.tvcf.co.kr/954339,AUG_240907
retail,서비스/유통/레저,홈플러스,또 한번 뛰어야 가볍게 산다.,2024-08-01,https://play.tvcf.co.kr/954378,AUG_240907
finance,금융/보험,현대해상,아이를 통해 행복을 키우는 세상,2024-08-01,https://play.tvcf.co.kr/954270,AUG_240907
public_gov,관공서/단체,한국수력원자력,새로운 에너지 세상을 만들다,2024-08-01,https://play.tvcf.co.kr/953767,AUG_240907
public_gov,관공서/단체,포카리스웨트 온열질환 예방 캠페인,여름을 보내는 방법은 달라도 여름을 지키는 방법은 같다.,2024-08-01,https://play.tvcf.co.kr/954381,AUG_240907
corporate_pr,기업PR,티타임A1,티타임 A1으로 쉽게 창업하세요.,2024-08-01,https://play.tvcf.co.kr/954419,AUG_240907
healthcare_pharma,제약/의료/복지,코스네이처,작은 한 알이지만 인류에겐 도약,2024-08-01,https://play.tvcf.co.kr/954626,AUG_240907
beverage_alcohol,음료/기호식품,켈리,부드러운 첫맛에 한 번. 강렬한 끝맛에 두 번.,2024-08-01,https://play.tvcf.co.kr/954359,AUG_240907
finance,금융/보험,캐롯손해보험,한 번 캐롯하면 다시 캐롯할 수밖에,2024-08-01,https://play.tvcf.co.kr/952927,AUG_240907
beverage_alcohol,음료/기호식품,카스,"대한민국 승리의 소리로, 진짜가 되는 시간",2024-08-01,https://play.tvcf.co.kr/954421,AUG_240907
public_gov,관공서/단체,전통시장 온누리상품권,"쓰던 카드 그대로, 대한민국 행복충전",2024-08-01,https://play.tvcf.co.kr/954357,AUG_240907
public_gov,관공서/단체,월드비전 글로벌 6K,나의 글로벌 6K,2024-08-01,https://play.tvcf.co.kr/954404,AUG_240907
beverage_alcohol,음료/기호식품,아르포텐 포스,아르포텐 포슨데요,2024-08-01,https://play.tvcf.co.kr/954275,AUG_240907
public_gov,관공서/단체,식품의약품안전처 마약중독 캠페인,"마약을 이기는 힘. 용기 한 걸음, 함께 한 걸음.",2024-08-01,https://play.tvcf.co.kr/954354,AUG_240907
beauty,화장품,스템앤셀,주름잡자,2024-08-01,https://play.tvcf.co.kr/955039,AUG_240907
public_gov,관공서/단체,서울특별시의사회,지켜주십시오. 공정 정의 상식.,2024-08-01,https://play.tvcf.co.kr/954394,AUG_240907
telecom,정보통신,삼성 갤럭시 워치 울트라,Go Ultra Challenge,2024-08-01,https://play.tvcf.co.kr/954355,AUG_240907
fnb,식품/제과,사세,삼천맛 흥행 사세 버팔로,2024-08-01,https://play.tvcf.co.kr/954138,AUG_240907
public_gov,관공서/단체,사랑의 열매,폼 나는 나눔 플랫폼,2024-08-01,https://play.tvcf.co.kr/954295,AUG_240907
corporate_pr,기업PR,빙그레,처음 입는 광복,2024-08-01,https://play.tvcf.co.kr/954376,AUG_240907
corporate_pr,기업PR,보건복지부,그래도… 매일 매일이 감탄!,2024-08-01,https://play.tvcf.co.kr/952911,AUG_240907
fnb,식품/제과,버거킹,"버거킹, 더 맛있더라구",2024-08-01,https://play.tvcf.co.kr/954390,AUG_240907
public_gov,관공서/단체,방송통신심의위원회,허위 정보가 영향을 주지 않도록,2024-08-01,https://play.tvcf.co.kr/954387,AUG_240907
education,출판/교육/문화,미래엔,미래엔 클래스가 다르다!,2024-08-01,https://play.tvcf.co.kr/954334,AUG_240907
finance,금융/보험,미래신용정보,채권 회수는 미래적으로,2024-08-01,https://play.tvcf.co.kr/954412,AUG_240907
beverage_alcohol,음료/기호식품,몽베스트 블랜딩 콤부차,"taste, best",2024-08-01,https://play.tvcf.co.kr/950138,AUG_240907
home_appliance,전기전자,메디큐브 에이지알,전문 고주파가 만드는 압도적 탄력 개선,2024-08-01,https://play.tvcf.co.kr/954744,AUG_240907
beauty,화장품,딘토,"아름다움의 깊이, 딘토",2024-08-01,https://play.tvcf.co.kr/954271,AUG_240907
healthcare_pharma,제약/의료/복지,둘코락스,변비가 당신의 하루를 막고 있다면,2024-08-01,https://play.tvcf.co.kr/954342,AUG_240907
telecom,정보통신,넷플릭스,요즘 넷플 뭐 봄?,2024-08-01,https://play.tvcf.co.kr/954401,AUG_240907
education,출판/교육/문화,YBM Y클라우드,뉴스포츠 교육이 필요한 순간,2024-08-01,https://play.tvcf.co.kr/957496,AUG_240907
healthcare_pharma,제약/의료/복지,안정액,안정이 세상을 구한다,2024-08-01,https://play.tvcf.co.kr/954328,AUG_240907
healthcare_pharma,제약/의료/복지,코스네이처,영양소 만원입니다,2024-08-01,https://play.tvcf.co.kr/954622,AUG_240907
home_appliance,전기전자,LG 시네빔 큐브,당신의 세상을 움직이다,2024-08-02,https://play.tvcf.co.kr/954431,AUG_240907
healthcare_pharma,제약/의료/복지,콜레올로지,빨간통만 기억하세요,2024-08-02,https://play.tvcf.co.kr/954469,AUG_240907
healthcare_pharma,제약/의료/복지,맨올로지 컷,누가 하든 성공할 수 있어요,2024-08-02,https://play.tvcf.co.kr/954478,AUG_240907
home_appliance,전기전자,더 라그나로크,추억으로 초대합니다,2024-08-02,https://play.tvcf.co.kr/954973,AUG_240907
home_living,생활/가정용품,비트캡슐 울트라콤팩트,빨래 양 적을 땐 비트캡슐 울트라콤팩트,2024-08-02,https://play.tvcf.co.kr/954475,AUG_240907
beverage_alcohol,음료/기호식품,레몬진,찐! 통레몬 탄산주 레몬진,2024-08-02,https://play.tvcf.co.kr/953398,AUG_240907
automotive,자동차/정유,제네시스 GV60,ready to drive?,2024-08-02,https://play.tvcf.co.kr/957088,AUG_240907
automotive,자동차/정유,T station,세상 편한 타이어서비스,2024-08-03,https://play.tvcf.co.kr/954600,AUG_240907
home_appliance,전기전자,LG webOS,"TV, 매년 새로워지다",2024-08-03,https://play.tvcf.co.kr/954459,AUG_240907
home_appliance,전기전자,LG 퓨리케어 오브제컬렉션 얼음정수기,처음.얼음.그대로.,2024-08-03,https://play.tvcf.co.kr/954460,AUG_240907
fnb,식품/제과,원할머니보쌈족발,No.1 보쌈의 정수,2024-08-03,https://play.tvcf.co.kr/953123,AUG_240907
telecom,정보통신,KT M모바일,참말로 그냥 M모 했씨유,2024-08-05,https://play.tvcf.co.kr/954648,AUG_240907
finance,금융/보험,KB자산운용,"다가오는 내일, 떠오르는 투자",2024-08-05,https://play.tvcf.co.kr/954666,AUG_240907
finance,금융/보험,KB국민은행,금융은 역시,2024-08-05,https://play.tvcf.co.kr/954665,AUG_240907
finance,금융/보험,KB국민은행,대한민국 모두의 금융 흥행작이 될 때까지,2024-08-05,https://play.tvcf.co.kr/954675,AUG_240907
fnb,식품/제과,동원 선물세트,온 가족 모두 참치~,2024-08-05,https://play.tvcf.co.kr/954740,AUG_240907
corporate_pr,기업PR,대상그룹,"당신의 삶이라는 멋진 영화 속, 맛있는 순간, 행복한 순간을 늘 함께해 온 우리.
우리는 모두 당신이 사람하는 대상입니다.",2024-08-05,https://play.tvcf.co.kr/954983,AUG_240907
public_gov,관공서/단체,한국화재보험협회,불안함을 피하지 마세요,2024-08-05,https://play.tvcf.co.kr/954658,AUG_240907
corporate_pr,기업PR,KB금융그룹,국민의 염원을 담아 국민과 함께 응원합니다.,2024-08-06,https://play.tvcf.co.kr/954903,AUG_240907
corporate_pr,기업PR,현대자동차그룹,여섯 명의 양궁 대표팀 선수들 고맙습니다.,2024-08-06,https://play.tvcf.co.kr/954902,AUG_240907
fashion,패션/스포츠,푸마,Rewrite the Classics,2024-08-06,https://play.tvcf.co.kr/954916,AUG_240907
fnb,식품/제과,맘스터치,"사랑의 하츄핑, 오늘, 맘스터치에서 만나요!",2024-08-07,https://play.tvcf.co.kr/954956,AUG_240907
corporate_pr,기업PR,LG전자,공간.미래.연결하다.,2024-08-07,https://play.tvcf.co.kr/955009,AUG_240907
healthcare_pharma,제약/의료/복지,GNM 자연의 품격,"간, 눈, 혈행 건강을 한판에!",2024-08-07,https://play.tvcf.co.kr/955400,AUG_240907
home_appliance,전기전자,리니지 M,정점에서 마주한 위대한 만남,2024-08-07,https://play.tvcf.co.kr/956075,AUG_240907
retail,서비스/유통/레저,29CM,29HOME에서 구함,2024-08-08,https://play.tvcf.co.kr/955441,AUG_240907
beauty,화장품,CJ 올리브영,"올영으로, 나에게 옳은쪽으로",2024-08-08,https://play.tvcf.co.kr/955179,AUG_240907
healthcare_pharma,제약/의료/복지,코웰메디 임플란트,임플란트는 역시 코엘메디로 진행시켜.,2024-08-08,https://play.tvcf.co.kr/955163,AUG_240907
healthcare_pharma,제약/의료/복지,정관장,건강은 정관장으로,2024-08-08,https://play.tvcf.co.kr/955006,AUG_240907
healthcare_pharma,제약/의료/복지,아큐브 오아시스 MAX 원데이 멀티포컬,노안이요? 방법이 있어요,2024-08-08,https://play.tvcf.co.kr/955175,AUG_240907
healthcare_pharma,제약/의료/복지,식중독예방 캠페인,"안전한 식사 준비, 식중독 예방 실천 요령으로 다 했다",2024-08-08,https://play.tvcf.co.kr/955167,AUG_240907
public_gov,관공서/단체,공익광고협의회,우리는 모두 우리,2024-08-08,https://play.tvcf.co.kr/955038,AUG_240907
finance,금융/보험,교보생명,"생활에 감이 필요할 때, 교보로 감",2024-08-08,https://play.tvcf.co.kr/955164,AUG_240907
automotive,자동차/정유,The Kia K8,당신이 빛나는 이유,2024-08-09,https://play.tvcf.co.kr/955235,AUG_240907
corporate_pr,기업PR,퍼시픽링스,대한민국 골프 국가대표팀을 응원합니다,2024-08-09,https://play.tvcf.co.kr/955234,AUG_240907
public_gov,관공서/단체,경기도 기회소득,가치있는 활동에 정당한 보상을,2024-08-09,https://play.tvcf.co.kr/955233,AUG_240907
beverage_alcohol,음료/기호식품,진로골드,부드러움의 황금비율,2024-08-09,https://play.tvcf.co.kr/955295,AUG_240907
healthcare_pharma,제약/의료/복지,슬림웨이다이어트,슬림한 몸매 갖고싶니?,2024-08-09,https://play.tvcf.co.kr/955232,AUG_240907
finance,금융/보험,네이버페이,똑똑한 자동차 보험 비교. 네이버페이로 시작.,2024-08-09,https://play.tvcf.co.kr/955242,AUG_240907
beauty,화장품,슈링크,당신의 피부 고민이 삶의 고민이 되지 않도록,2024-08-09,https://play.tvcf.co.kr/955161,AUG_240907
beverage_alcohol,음료/기호식품,맥심 T.O.P,"가장 가까운 휴식, 맥심 T.O.P",2024-08-09,https://play.tvcf.co.kr/955519,AUG_240907
fnb,식품/제과,하겐다즈,The ice cream of ice creams,2024-08-10,https://play.tvcf.co.kr/955246,AUG_240907
beverage_alcohol,음료/기호식품,카스,CassCool에서 모두가 하나되는 소리!,2024-08-10,https://play.tvcf.co.kr/955247,AUG_240907
beverage_alcohol,음료/기호식품,카누,WHAT'S YOUR KANU?,2024-08-10,https://play.tvcf.co.kr/955244,AUG_240907
home_appliance,전기전자,던전앤파이터 모바일,우리가 기다린 당신의 플레이,2024-08-10,https://play.tvcf.co.kr/955464,AUG_240907
automotive,자동차/정유,아임반,아임반 했습니다. I'm 반했습니다.,2024-08-12,https://play.tvcf.co.kr/955270,AUG_240907
fnb,식품/제과,족발의신,족발에 화덕을 더하다,2024-08-12,https://play.tvcf.co.kr/955404,AUG_240907
public_gov,관공서/단체,위드플러스,간병에 대한 걱정이 줄었습니다.,2024-08-12,https://play.tvcf.co.kr/955405,AUG_240907
public_gov,관공서/단체,사랑의 열매,기부는 나답기 위한 것,2024-08-12,https://play.tvcf.co.kr/955321,AUG_240907
home_appliance,전기전자,쿠쿠 셰프스틱 프리존 인덕션,"쿠쿠의 열기, 끝까지 간다",2024-08-12,https://play.tvcf.co.kr/955423,AUG_240907
retail,서비스/유통/레저,별그리다 더프라우드,Proud of You,2024-08-12,https://play.tvcf.co.kr/955447,AUG_240907
fnb,식품/제과,버거킹,진짜 불맛은 몸으로 기억된다.,2024-08-12,https://play.tvcf.co.kr/955458,AUG_240907
finance,금융/보험,더핀,"대출 비교, 더핀으로 끝.",2024-08-12,https://play.tvcf.co.kr/955601,AUG_240907
finance,금융/보험,IBK 기업은행,"IBK기업은행이 되고 싶은 우산, 거꾸로 우산",2024-08-13,https://play.tvcf.co.kr/955579,AUG_240907
home_appliance,전기전자,일곱 개의 대죄 키우기,숨만 쉬어도 성장하는 성장촉진 RPG,2024-08-13,https://play.tvcf.co.kr/955733,AUG_240907
beverage_alcohol,음료/기호식품,하이뮨 프로틴밸런스 액티브,"요즘 나의 베프, 하이뮨",2024-08-13,https://play.tvcf.co.kr/955755,AUG_240907
home_appliance,전기전자,메이플스토리,그란데스의 안식과 자유를 위해,2024-08-13,https://play.tvcf.co.kr/955796,AUG_240907
healthcare_pharma,제약/의료/복지,셀메드,하루를 빈틈없이 커버하는 셀메드 플랜을 셀메드 상담소에서 만나보세요.,2024-08-13,https://play.tvcf.co.kr/956067,AUG_240907
healthcare_pharma,제약/의료/복지,정관장,김혜윤도 정관장으로 에너지 관리중입니다,2024-08-14,https://play.tvcf.co.kr/955582,AUG_240907
automotive,자동차/정유,에쓰오일,GLOVE FOR GLOBE,2024-08-14,https://play.tvcf.co.kr/955603,AUG_240907
fashion,패션/스포츠,캘러웨이 어패럴,"모든 순간 새롭기에, 모든 순간 즐거운",2024-08-14,https://play.tvcf.co.kr/955638,AUG_240907
public_gov,관공서/단체,교육부 착플 캠페인,칭찬은 칭찬으로 돌아오는 법,2024-08-14,https://play.tvcf.co.kr/955716,AUG_240907
finance,금융/보험,KB국민은행,일상이 편해지는 KB스타뱅킹,2024-08-14,https://play.tvcf.co.kr/955637,AUG_240907
public_gov,관공서/단체,저작권 캠페인,"저작권 가치, 우리가 같이",2024-08-14,https://play.tvcf.co.kr/955725,AUG_240907
beauty,화장품,THE WHOO,ART OF BALANCE,2024-08-14,https://play.tvcf.co.kr/955747,AUG_240907
healthcare_pharma,제약/의료/복지,관절닥터 타마본 5Days,🎵파이브 데이즈 관절 랄랄랄라~,2024-08-14,https://play.tvcf.co.kr/956005,AUG_240907
healthcare_pharma,제약/의료/복지,우루샷,"오늘의 피로 청소, 우루샷",2024-08-14,https://play.tvcf.co.kr/955605,AUG_240907
telecom,정보통신,AFK 새로운 여정,에스페리아의 인도자여. 영웅들을 이끌고 출발하라!,2024-08-15,https://play.tvcf.co.kr/955741,AUG_240907
education,출판/교육/문화,MBC건축박람회,"공간, 그 이상의 가치가 실현되는 곳",2024-08-15,https://play.tvcf.co.kr/955746,AUG_240907
automotive,자동차/정유,폴스타4,그런 건 본 적이 없었어요,2024-08-15,https://play.tvcf.co.kr/955748,AUG_240907
telecom,정보통신,삼성 갤럭시 Z 플립6,Galaxy AI is here,2024-08-15,https://play.tvcf.co.kr/957195,AUG_240907
retail,서비스/유통/레저,여행먼저크루즈,여행 먼저 돈은 나중에,2024-08-15,https://play.tvcf.co.kr/955742,AUG_240907
telecom,정보통신,쿠팡 플레이,쿠팡과 쿠팡플레이가 승현이의 꿈을 응원합니다,2024-08-16,https://play.tvcf.co.kr/955720,AUG_240907
home_appliance,전기전자,볼뉴머,"설렘의 시작, 볼뉴머",2024-08-16,https://play.tvcf.co.kr/955729,AUG_240907
automotive,자동차/정유,더 뉴 투아렉,인생이란 네 안의 즐거움을 발견해가는 여정이란다,2024-08-16,https://play.tvcf.co.kr/955753,AUG_240907
telecom,정보통신,SK텔레콤,AI로 대한민국을 새롭게 하는 힘,2024-08-16,https://play.tvcf.co.kr/955768,AUG_240907
automotive,자동차/정유,New 르노 그랑 콜레오스 E-Tech 하이브리드,THINK WIDER,2024-08-16,https://play.tvcf.co.kr/955766,AUG_240907
home_living,생활/가정용품,퍼울,"새옷인가요? 아니, 퍼울했죠",2024-08-16,https://play.tvcf.co.kr/955769,AUG_240907
healthcare_pharma,제약/의료/복지,아큐브 오아시스 원데이,"선명함의 차이, 너만의 퍼포먼스를 보여줘",2024-08-16,https://play.tvcf.co.kr/955773,AUG_240907
public_gov,관공서/단체,2024 충장로라온페스타,END가 아닌 AND,2024-08-16,https://play.tvcf.co.kr/955775,AUG_240907
automotive,자동차/정유,메르세데스 벤츠 S-CLASS,누구도 따르지 않는다. 시대의 기준이 될 뿐이다.,2024-08-17,https://play.tvcf.co.kr/955777,AUG_240907
finance,금융/보험,신한금융그룹,당신 덕분입니다.,2024-08-17,https://play.tvcf.co.kr/955776,AUG_240907
fnb,식품/제과,롯데리아,"즐겁게, 재밌게, 맛있게. 세계가 K버거의 세계로.",2024-08-17,https://play.tvcf.co.kr/955996,AUG_240907
beverage_alcohol,음료/기호식품,게토레이,"나의 땀이, 나의 위대함",2024-08-18,https://play.tvcf.co.kr/955778,AUG_240907
beverage_alcohol,음료/기호식품,베지밀 꼭꼭 씹히는 애플망고 두유,씹어야 풀린다,2024-08-19,https://play.tvcf.co.kr/955959,AUG_240907
beauty,화장품,무신사뷰티,"Next Beauty, Musinsa Beauty",2024-08-19,https://play.tvcf.co.kr/955791,AUG_240907
telecom,정보통신,KT,"KT, 당신과 미래 사이에",2024-08-19,https://play.tvcf.co.kr/955790,AUG_240907
healthcare_pharma,제약/의료/복지,농협홍삼 한삼인,나는 한삼인,2024-08-19,https://play.tvcf.co.kr/955802,AUG_240907
fnb,식품/제과,해남고구마,청정 땅끝에서 자란 명품 해남고구마,2024-08-19,https://play.tvcf.co.kr/955956,AUG_240907
healthcare_pharma,제약/의료/복지,메디콕,우리 모두 메디콕해,2024-08-19,https://play.tvcf.co.kr/955955,AUG_240907
automotive,자동차/정유,KGM ACTYON,아름다운 실용주의,2024-08-19,https://play.tvcf.co.kr/955958,AUG_240907
beauty,화장품,닥터지 바쿠치올 포어젯,청렴한 모공! 밝아진 내일! 젯바른 모공대책,2024-08-19,https://play.tvcf.co.kr/955972,AUG_240907
public_gov,관공서/단체,서울관광재단,Feel Soul Good,2024-08-19,https://play.tvcf.co.kr/955977,AUG_240907
public_gov,관공서/단체,세이브더칠드런,당신과 함께 한 아이라도 더. Save 더 Children.,2024-08-19,https://play.tvcf.co.kr/955889,AUG_240907
fnb,식품/제과,써브웨이,"손, 님이 다했다",2024-08-19,https://play.tvcf.co.kr/957092,AUG_240907
beverage_alcohol,음료/기호식품,카스 라이트,나만의 라이트 타임!,2024-08-20,https://play.tvcf.co.kr/956029,AUG_240907
fashion,패션/스포츠,르무통,서 있을 땐 르무통,2024-08-20,https://play.tvcf.co.kr/956038,AUG_240907
automotive,자동차/정유,The Kia EV3,"궁금증 해결도 베테랑답게, 기아 AI어시스턴트",2024-08-20,https://play.tvcf.co.kr/956176,AUG_240907
beverage_alcohol,음료/기호식품,링티,의사가 만든 링티,2024-08-20,https://play.tvcf.co.kr/956039,AUG_240907
fnb,식품/제과,농심 신라면,우리에겐 신라면이 있다,2024-08-20,https://play.tvcf.co.kr/957198,AUG_240907
public_gov,관공서/단체,세이브더칠드런,지울 수 있으면 지킬 수 있습니다.,2024-08-20,https://play.tvcf.co.kr/955986,AUG_240907
education,출판/교육/문화,2024 영양고추 HOT 페스티벌,K매운맛 영양고추 맛보러 오이소~,2024-08-21,https://play.tvcf.co.kr/956169,AUG_240907
home_appliance,전기전자,리니지 리마스터,이계를 넘어선 거대한 움직임,2024-08-21,https://play.tvcf.co.kr/956189,AUG_240907
finance,금융/보험,현대카드,GOLD. SILVER. 이 평범한 단어가 누굴 만나느냐에 따라 이렇게 달라지는 거다.,2024-08-21,https://play.tvcf.co.kr/956190,AUG_240907
fashion,패션/스포츠,테일러메이드,스타일리쉬 퍼포우먼스,2024-08-21,https://play.tvcf.co.kr/956537,AUG_240907
automotive,자동차/정유,HD현대,진심을 주유합니다,2024-08-21,https://play.tvcf.co.kr/956044,AUG_240907
fnb,식품/제과,짜슐랭,더 진하고 풍미로운 짜슐랭,2024-08-22,https://play.tvcf.co.kr/956041,AUG_240907
fashion,패션/스포츠,부쉬넬 골프,PGA 99%가 사용하는 단 하나의 도구,2024-08-22,https://play.tvcf.co.kr/956188,AUG_240907
telecom,정보통신,LG유플러스,통신비 하나로 다 되는 세상,2024-08-22,https://play.tvcf.co.kr/956230,AUG_240907
automotive,자동차/정유,포르쉐 타이칸,"한계, 그 이상의 새로운 타이칸",2024-08-22,https://play.tvcf.co.kr/956231,AUG_240907
fnb,식품/제과,버거킹 올데이킹 몬스터주니어,이게 몬주 알아?,2024-08-22,https://play.tvcf.co.kr/957446,AUG_240907
healthcare_pharma,제약/의료/복지,아로나민 골드,먹은 나와 안먹은 나의 차이,2024-08-23,https://play.tvcf.co.kr/956245,AUG_240907
home_appliance,전기전자,쿠첸 그레인,잡곡으로 건강하자,2024-08-23,https://play.tvcf.co.kr/956417,AUG_240907
home_appliance,전기전자,바디프랜드 에덴,전신쾌감 스트레칭,2024-08-23,https://play.tvcf.co.kr/956409,AUG_240907
beverage_alcohol,음료/기호식품,정관장 활기력 MAX,"차원이 다른 ENERGY, 활기력 MAX",2024-08-23,https://play.tvcf.co.kr/956350,AUG_240907
fashion,패션/스포츠,블랙야크,"편하게 생각해, 요크셔처럼",2024-08-23,https://play.tvcf.co.kr/956356,AUG_240907
fashion,패션/스포츠,마스터바니에디션,beyond masterpiece,2024-08-23,https://play.tvcf.co.kr/956427,AUG_240907
beauty,화장품,닥터지 바쿠치올 포어젯,"퇴근도, 모공관리도 젯-바르게",2024-08-23,https://play.tvcf.co.kr/956685,AUG_240907
fashion,패션/스포츠,스노우피크 어패럴,문득 가을이 왔다. 스노우피크 왔다,2024-08-23,https://play.tvcf.co.kr/957378,AUG_240907
healthcare_pharma,제약/의료/복지,판시딜,덜빠지게 굵어지게 풍성하게,2024-08-24,https://play.tvcf.co.kr/956413,AUG_240907
home_living,생활/가정용품,에이스침대,"모두가 아는 숙면 공식, 침대=과학",2024-08-24,https://play.tvcf.co.kr/956415,AUG_240907
fashion,패션/스포츠,바로인슈즈,너도 한 번 신어봐,2024-08-24,https://play.tvcf.co.kr/956412,AUG_240907
healthcare_pharma,제약/의료/복지,메디콕,나에게 콕 맞춘 새로운 건강습관,2024-08-24,https://play.tvcf.co.kr/956414,AUG_240907
beauty,화장품,헤라,"MORE YOU, EFFORTLESSLY",2024-08-26,https://play.tvcf.co.kr/956449,AUG_240907
beauty,화장품,제로이드,"피부 장벽 제대로, 피부 고민 ZERO",2024-08-26,https://play.tvcf.co.kr/956525,AUG_240907
automotive,자동차/정유,에쓰오일,요즘에는 다들 MY S-OIL 앱에 있는 전자영수증으로 종이를 아낀다구요.,2024-08-26,https://play.tvcf.co.kr/956582,AUG_240907
healthcare_pharma,제약/의료/복지,웰릿 이뮨베라,맛있게 쌓는 면역,2024-08-26,https://play.tvcf.co.kr/956575,AUG_240907
public_gov,관공서/단체,행정안전부,지진을 대하는 우리의 자세,2024-08-27,https://play.tvcf.co.kr/956643,AUG_240907
public_gov,관공서/단체,대한장애인체육회,패럴림픽에서도 다시 뜨겁게,2024-08-27,https://play.tvcf.co.kr/956677,AUG_240907
healthcare_pharma,제약/의료/복지,정관장 에브리타임,리프레시가 필요할 땐? 깨먹자!,2024-08-27,https://play.tvcf.co.kr/956692,AUG_240907
finance,금융/보험,KB증권,똑똑한 AI를 언제 어디서나 편리하게 만나보세요,2024-08-27,https://play.tvcf.co.kr/956724,AUG_240907
healthcare_pharma,제약/의료/복지,영진 구론산 바몬드,큰 피로엔 구론구론!,2024-08-27,https://play.tvcf.co.kr/956824,AUG_240907
healthcare_pharma,제약/의료/복지,락토핏,올 추석에도 락토핏으로 건강을 선물하세요,2024-08-27,https://play.tvcf.co.kr/956644,AUG_240907
beauty,화장품,CJ 올리브영 올영세일,우리의 가을을 버라이어티하게,2024-08-28,https://play.tvcf.co.kr/956668,AUG_240907
home_appliance,전기전자,2024 NEW 코웨이 icon 얼음정수기,갓 만든 신선한 얼음을 바로바로!,2024-08-28,https://play.tvcf.co.kr/956743,AUG_240907
telecom,정보통신,구글플레이,"고플레이, 구글플레이",2024-08-28,https://play.tvcf.co.kr/957112,AUG_240907
telecom,정보통신,SK텔레콤,보안부터 AI까지 안심의 풀코스,2024-08-28,https://play.tvcf.co.kr/957133,AUG_240907
healthcare_pharma,제약/의료/복지,그날엔,"세상 빠른 이별, 그날엔",2024-08-28,https://play.tvcf.co.kr/957150,AUG_240907
home_appliance,전기전자,영웅전설: 가가브 트릴로지,또 다시 당신을 설레게 할 천년의 이야기,2024-08-28,https://play.tvcf.co.kr/957399,AUG_240907
healthcare_pharma,제약/의료/복지,정관장 황진단,"황진단, 작품이 되다",2024-08-28,https://play.tvcf.co.kr/957374,AUG_240907
home_living,생활/가정용품,좋은느낌,좋은 느낌이 좋으니까,2024-08-29,https://play.tvcf.co.kr/956807,AUG_240907
beauty,화장품,오브제 내추럴 커버로션,너의 최고 버전이 되어봐,2024-08-29,https://play.tvcf.co.kr/957045,AUG_240907
telecom,정보통신,구글플레이,"플레이어는 하나, 영웅은 다섯",2024-08-29,https://play.tvcf.co.kr/957049,AUG_240907
home_appliance,전기전자,코웨이 비렉스 리클라이닝 안마베드,안마는 비렉스인 이유,2024-08-29,https://play.tvcf.co.kr/957102,AUG_240907
retail,서비스/유통/레저,에버랜드,예측할 수 없던 우리 학교 이야기의 시작,2024-08-29,https://play.tvcf.co.kr/957134,AUG_240907
fashion,패션/스포츠,파리게이츠,Join the PG,2024-08-29,https://play.tvcf.co.kr/957193,AUG_240907
public_gov,관공서/단체,서울관광재단,여기 서울에서 너만의 소울을 느껴봐,2024-08-29,https://play.tvcf.co.kr/957096,AUG_240907
home_appliance,전기전자,안방그릴,심플한 미식라이프,2024-08-30,https://play.tvcf.co.kr/957097,AUG_240907
telecom,정보통신,젠톡,"나에 대한 모든 이유, GenTok",2024-08-30,https://play.tvcf.co.kr/957154,AUG_240907
beverage_alcohol,음료/기호식품,빙그레 바나나맛우유,"역시, 너도 국가대표야",2024-08-30,https://play.tvcf.co.kr/957155,AUG_240907
telecom,정보통신,KT,그 멋진꿈도 KT가 함께할게요,2024-08-30,https://play.tvcf.co.kr/957199,AUG_240907
education,출판/교육/문화,KBS 2024 파리 패럴림픽,KBS가 파리 패럴림픽을 응원합니다,2024-08-30,https://play.tvcf.co.kr/957201,AUG_240907
education,출판/교육/문화,전국체육대회·전국장애인체육대회,파리의 열기를 다시 한 번 경남에서,2024-08-30,https://play.tvcf.co.kr/957197,AUG_240907
healthcare_pharma,제약/의료/복지,마그랩,1등 마그네슘 마그랩,2024-08-30,https://play.tvcf.co.kr/957202,AUG_240907
retail,서비스/유통/레저,참좋은여행,함께라 참 좋다,2024-08-30,https://play.tvcf.co.kr/957423,AUG_240907
education,출판/교육/문화,YBM,"멋진 교과서, YBM 교과서",2024-08-30,https://play.tvcf.co.kr/957527,AUG_240907
automotive,자동차/정유,아이오닉 5N,Never just drive,2024-08-31,https://play.tvcf.co.kr/957379,AUG_240907
education,출판/교육/문화,KBS 캠페인,우리 아이 우리 미래,2024-08-31,https://play.tvcf.co.kr/957204,AUG_240907
automotive,자동차/정유,The 기아 EV,당신을 변화시키는 움직임,2024-04-01,https://play.tvcf.co.kr/940488,Apr_240507_0508 수정
education,출판/교육/문화,SBS Play,즐거움을 잇다!,2024-04-01,https://play.tvcf.co.kr/940480,Apr_240507_0508 수정
education,출판/교육/문화,SBS,선거방송은 SBS,2024-04-01,https://play.tvcf.co.kr/940478,Apr_240507_0508 수정
fashion,패션/스포츠,PXG,차원이 다른 퍼포먼스로 기적을 만들다,2024-04-01,https://play.tvcf.co.kr/940533,Apr_240507_0508 수정
home_appliance,전기전자,FC 모바일,미안하다 트릭이다,2024-04-01,https://play.tvcf.co.kr/940851,Apr_240507_0508 수정
home_appliance,전기전자,FC 모바일,에에에에 에프씨 모바일 Ayo!,2024-04-01,https://play.tvcf.co.kr/940852,Apr_240507_0508 수정
beauty,화장품,CJ올리브영,Change Your Vibe!,2024-04-01,https://play.tvcf.co.kr/940508,Apr_240507_0508 수정
retail,서비스/유통/레저,호텔스닷컴,"내가 찾던 여행, 그곳에",2024-04-01,https://play.tvcf.co.kr/940479,Apr_240507_0508 수정
healthcare_pharma,제약/의료/복지,현대약품 유린타민,"전립선비대에 의한 배뇨 곤란, 유린타민으로 개선하세요",2024-04-01,https://play.tvcf.co.kr/940295,Apr_240507_0508 수정
fnb,식품/제과,한돈,영양도 맛도 신선함도. 국대급 한돈.,2024-04-01,https://play.tvcf.co.kr/940492,Apr_240507_0508 수정
healthcare_pharma,제약/의료/복지,한국 MSD 박스뉴반스,새로 나온 박스뉴반스로 걱정 하나 빼기,2024-04-01,https://play.tvcf.co.kr/940490,Apr_240507_0508 수정
home_living,생활/가정용품,필립스,경험하세요. 차원이 다른 깔끔함.,2024-04-01,https://play.tvcf.co.kr/940536,Apr_240507_0508 수정
retail,서비스/유통/레저,쿠팡 라이브,쿠팡 덕분에 신발에 날개를 달았네!,2024-04-01,https://play.tvcf.co.kr/940310,Apr_240507_0508 수정
healthcare_pharma,제약/의료/복지,콴첼,"마침내, 콴첼이 되다",2024-04-01,https://play.tvcf.co.kr/941520,Apr_240507_0508 수정
healthcare_pharma,제약/의료/복지,콜레올로지,신봉선 다이어트를 검색하세요,2024-04-01,https://play.tvcf.co.kr/940540,Apr_240507_0508 수정
home_appliance,전기전자,캐논,위대한 시선이 되다,2024-04-01,https://play.tvcf.co.kr/940715,Apr_240507_0508 수정
beverage_alcohol,음료/기호식품,카누,"Work, Life, Coffee",2024-04-01,https://play.tvcf.co.kr/940469,Apr_240507_0508 수정
beverage_alcohol,음료/기호식품,츄파춥스 밀크소다 제로,츄파 츄파 츄파 춥스 소다 소다 밀크 소다,2024-04-01,https://play.tvcf.co.kr/940543,Apr_240507_0508 수정
healthcare_pharma,제약/의료/복지,익스트림,체력은 익스트림,2024-04-01,https://play.tvcf.co.kr/941160,Apr_240507_0508 수정
home_appliance,전기전자,웰스 아이스원 얼음정수기,원하던대로 원하는만큼,2024-04-01,https://play.tvcf.co.kr/940315,Apr_240507_0508 수정
healthcare_pharma,제약/의료/복지,당큐락,혈당 고민엔? 땡큐 당큐락,2024-04-01,https://play.tvcf.co.kr/939293,Apr_240507_0508 수정
beverage_alcohol,음료/기호식품,오트사이드,지나치게 맛있다,2024-04-01,https://play.tvcf.co.kr/938371,Apr_240507_0508 수정
home_living,생활/가정용품,에싸,"소파의 한계, 그 위에 에싸",2024-04-01,https://play.tvcf.co.kr/940372,Apr_240507_0508 수정
beverage_alcohol,음료/기호식품,어메이징 오트,"아침밥을 포기하지 않도록, 어메이징 오트",2024-04-01,https://play.tvcf.co.kr/940312,Apr_240507_0508 수정
healthcare_pharma,제약/의료/복지,액티넘 EX골드,효과의 차이가 능력의 차이,2024-04-01,https://play.tvcf.co.kr/939283,Apr_240507_0508 수정
beverage_alcohol,음료/기호식품,알로에베라킹,이러니 킹이라 불릴 수 밖에,2024-04-01,https://play.tvcf.co.kr/941410,Apr_240507_0508 수정
finance,금융/보험,신한투자증권,"투자는 운이 아니다, 투자는 공부다",2024-04-01,https://play.tvcf.co.kr/940496,Apr_240507_0508 수정
finance,금융/보험,신영증권,손주사랑 신탁이 되다,2024-04-01,https://play.tvcf.co.kr/939818,Apr_240507_0508 수정
fnb,식품/제과,시모나바밤바,시모나의 꿀맛과 밤맛의 바밤바가 만났다,2024-04-01,https://play.tvcf.co.kr/940282,Apr_240507_0508 수정
beverage_alcohol,음료/기호식품,스텔라 아르투아,맛이 가치가 되는 순간,2024-04-01,https://play.tvcf.co.kr/940529,Apr_240507_0508 수정
public_gov,관공서/단체,스마트순찰차,NNCP는 안전과 함께 달립니다,2024-04-01,https://play.tvcf.co.kr/940482,Apr_240507_0508 수정
public_gov,관공서/단체,선택 2024 MBC 선거방송,선거방송이 갖춰야 할 모든 것,2024-04-01,https://play.tvcf.co.kr/940472,Apr_240507_0508 수정
public_gov,관공서/단체,선택 2024 MBC 선거방송,"4월 10일, 당신과 토론합니다",2024-04-01,https://play.tvcf.co.kr/940473,Apr_240507_0508 수정
home_appliance,전기전자,삼성 BESPOKE AI 콤보,AI로 세탁부터 건조까지 한번에 빠르게,2024-04-01,https://play.tvcf.co.kr/940509,Apr_240507_0508 수정
home_appliance,전기전자,삼성 BESPOKE 무풍에어컨,천만의 선택 BESPOKE 무풍에어컨,2024-04-01,https://play.tvcf.co.kr/941676,Apr_240507_0508 수정
fnb,식품/제과,삼산회관,"한 번 먹으면, 멈출 수 없는 맛",2024-04-01,https://play.tvcf.co.kr/940534,Apr_240507_0508 수정
fnb,식품/제과,사세,"치킨집이 아니라 치킨, 집!",2024-04-01,https://play.tvcf.co.kr/940188,Apr_240507_0508 수정
beverage_alcohol,음료/기호식품,미에로화이바,톡쏘는 식이섬유,2024-04-01,https://play.tvcf.co.kr/940345,Apr_240507_0508 수정
automotive,자동차/정유,메르세데스 벤츠,메르세데스-벤츠라는 것,2024-04-01,https://play.tvcf.co.kr/940535,Apr_240507_0508 수정
fnb,식품/제과,두찜,블록버스터 찜닭의 탄생,2024-04-01,https://play.tvcf.co.kr/940360,Apr_240507_0508 수정
healthcare_pharma,제약/의료/복지,동아제약 멜라토닝,"색소침착, 뭘로 토닝? 멜라 토닝!",2024-04-01,https://play.tvcf.co.kr/940484,Apr_240507_0508 수정
retail,서비스/유통/레저,델타항공,멈추지 말고 도전하세요,2024-04-01,https://play.tvcf.co.kr/940532,Apr_240507_0508 수정
beverage_alcohol,음료/기호식품,당코치,당뇨인에게 참 좋은 당코치,2024-04-01,https://play.tvcf.co.kr/940487,Apr_240507_0508 수정
home_appliance,전기전자,다이슨 슈퍼소닉 뉴럴,자동으로 온도를 조절해 두피 건강을 돕는 헤어드라이어,2024-04-01,https://play.tvcf.co.kr/940467,Apr_240507_0508 수정
home_appliance,전기전자,다이슨 슈퍼소닉 뉴럴,"빠르고 스마트한 드라이, 과도한 열 손상 없이",2024-04-01,https://play.tvcf.co.kr/940468,Apr_240507_0508 수정
healthcare_pharma,제약/의료/복지,뉴트리원 퍼펙트 아이케어 3X GR,눈은 언제 쉬어?,2024-04-01,https://play.tvcf.co.kr/937236,Apr_240507_0508 수정
fashion,패션/스포츠,나르지오,세상에서 가장 편한 신발,2024-04-01,https://play.tvcf.co.kr/940455,Apr_240507_0508 수정
fnb,식품/제과,교촌치킨,모두의 인생이 인생맛으로 채워지도록,2024-04-01,https://play.tvcf.co.kr/940572,Apr_240507_0508 수정
home_appliance,전기전자,LG 트롬 오브제컬렉션 워시콤보,진정한 올인원 AI 세탁건조기,2024-04-01,https://play.tvcf.co.kr/943024,Apr_240507_0508 수정
fnb,식품/제과,아웃백스테이크하우스,이러니 사로잡힐 수 밖에,2024-04-01,https://play.tvcf.co.kr/942896,Apr_240507_0508 수정
home_appliance,전기전자,LG 시네빔 큐브,놀랍도록 선명한 4K화질로 완성하는 홈 시네마,2024-04-01,https://play.tvcf.co.kr/943025,Apr_240507_0508 수정
home_appliance,전기전자,나이트 크로우,친구끼리 싸우는거 아니다~ 전쟁을해라!,2024-04-01,https://play.tvcf.co.kr/944228,Apr_240507_0508 수정
healthcare_pharma,제약/의료/복지,락토바이브,"인생은 스스로 착, 균생도 스스로 착!",2024-04-01,https://play.tvcf.co.kr/944303,Apr_240507_0508 수정
healthcare_pharma,제약/의료/복지,아이원 루테인지아잔틴 미니,수박씨보다 작게,2024-04-01,https://play.tvcf.co.kr/939836,Apr_240507_0508 수정
healthcare_pharma,제약/의료/복지,쥬비스 다이어트,성공은 언제나 하나씩 바르게,2024-04-01,https://play.tvcf.co.kr/940501,Apr_240507_0508 수정
fashion,패션/스포츠,빈폴,익숙한 새로움,2024-04-01,https://play.tvcf.co.kr/940929,Apr_240507_0508 수정
retail,서비스/유통/레저,SSG닷컴,최신을 다한 미식 컬렉션,2024-04-01,https://play.tvcf.co.kr/940279,Apr_240507_0508 수정
home_appliance,전기전자,삼성 BESPOKE 무풍에어컨,"바람, 더위와 함께 사라지다",2024-04-01,https://play.tvcf.co.kr/941685,Apr_240507_0508 수정
home_living,생활/가정용품,비트캡슐,처음 느끼는 빨래쾌감,2024-04-01,https://play.tvcf.co.kr/940470,Apr_240507_0508 수정
beverage_alcohol,음료/기호식품,한맥,오늘 가장 부드러운 순간,2024-04-01,https://play.tvcf.co.kr/940354,Apr_240507_0508 수정
beverage_alcohol,음료/기호식품,크러시,나와 가장 가까운 4세대 맥주,2024-04-01,https://play.tvcf.co.kr/940350,Apr_240507_0508 수정
finance,금융/보험,캐롯손해보험,터치 한 번이면 알아서 사고 접수,2024-04-01,https://play.tvcf.co.kr/940486,Apr_240507_0508 수정
beverage_alcohol,음료/기호식품,조지아커피,"깨우다, 오늘을 새롭게",2024-04-01,https://play.tvcf.co.kr/937196,Apr_240507_0508 수정
finance,금융/보험,KB손해보험 다이렉트,"만기오면, 연아의 KB다이렉트",2024-04-02,https://play.tvcf.co.kr/940714,Apr_240507_0508 수정
home_living,생활/가정용품,액츠 캡슐세제,빨레엔 슉! 액츠캡슐,2024-04-02,https://play.tvcf.co.kr/940722,Apr_240507_0508 수정
healthcare_pharma,제약/의료/복지,아큐브,"찍고, 보자. 마이아큐브",2024-04-02,https://play.tvcf.co.kr/940839,Apr_240507_0508 수정
telecom,정보통신,별이되어라2,세상 모든 판타지를 넘어,2024-04-02,https://play.tvcf.co.kr/940840,Apr_240507_0508 수정
healthcare_pharma,제약/의료/복지,리큐덤,"움직임이 많은 상처엔, 리큐덤",2024-04-02,https://play.tvcf.co.kr/940845,Apr_240507_0508 수정
healthcare_pharma,제약/의료/복지,뉴트리원 센토메가,신선함이 눈에 보이는 오메가3,2024-04-02,https://play.tvcf.co.kr/939007,Apr_240507_0508 수정
home_appliance,전기전자,LG 퓨리케어 360˚ 공기청정기 UV살균,한 차원 높은 청정의 완성,2024-04-02,https://play.tvcf.co.kr/940924,Apr_240507_0508 수정
beauty,화장품,AHC,매일매일 앞선케어,2024-04-02,https://play.tvcf.co.kr/942109,Apr_240507_0508 수정
healthcare_pharma,제약/의료/복지,에버콜라겐,22년 콜라겐만 연구했으니 깊이가 다를 수 밖에,2024-04-02,https://play.tvcf.co.kr/943058,Apr_240507_0508 수정
retail,서비스/유통/레저,아시아나 항공,누군가의 세상이 타고 있다,2024-04-02,https://play.tvcf.co.kr/940702,Apr_240507_0508 수정
home_living,생활/가정용품,순수한면,모든 면이 좋아야 진짜 순면,2024-04-03,https://play.tvcf.co.kr/940944,Apr_240507_0508 수정
retail,서비스/유통/레저,런드리고,가장 가까운 세탁소,2024-04-03,https://play.tvcf.co.kr/940721,Apr_240507_0508 수정
finance,금융/보험,교보생명,건강을 지켜주는 든든한 건강보장군,2024-04-03,https://play.tvcf.co.kr/940906,Apr_240507_0508 수정
corporate_pr,기업PR,르노코리아,"Renault, 한국에서 만나다",2024-04-03,https://play.tvcf.co.kr/943197,Apr_240507_0508 수정
beverage_alcohol,음료/기호식품,펩시,즐거움에 목마를때,2024-04-04,https://play.tvcf.co.kr/941186,Apr_240507_0508 수정
home_living,생활/가정용품,템퍼,THE DIFFERENCE IS TEMPUR,2024-04-04,https://play.tvcf.co.kr/941153,Apr_240507_0508 수정
beverage_alcohol,음료/기호식품,테일러 딥워터,빼기 시작해? 딥워터로 시작해!,2024-04-04,https://play.tvcf.co.kr/940972,Apr_240507_0508 수정
healthcare_pharma,제약/의료/복지,영진 구론산 바몬드,구론구론!,2024-04-04,https://play.tvcf.co.kr/941287,Apr_240507_0508 수정
beverage_alcohol,음료/기호식품,별빛청하 스파클링,별처럼 빛날 너의 오늘엔,2024-04-04,https://play.tvcf.co.kr/940940,Apr_240507_0508 수정
beauty,화장품,바닐라코 클린 잇 제로 클렌징밤,오늘밤 클렌징,2024-04-04,https://play.tvcf.co.kr/941672,Apr_240507_0508 수정
home_living,생활/가정용품,랙스가이,"결론은 명품원단, 결론은 랙스가이",2024-04-04,https://play.tvcf.co.kr/941149,Apr_240507_0508 수정
home_appliance,전기전자,LG 스타일러 오브제컬렉션,어디서나 스타일 구길 일 없도록,2024-04-04,https://play.tvcf.co.kr/941211,Apr_240507_0508 수정
telecom,정보통신,에어비앤비,Airbnb로 더 즐거워지는 여행,2024-04-04,https://play.tvcf.co.kr/941161,Apr_240507_0508 수정
fnb,식품/제과,차오차이,새로운 중화미식,2024-04-05,https://play.tvcf.co.kr/941275,Apr_240507_0508 수정
finance,금융/보험,우리은행,전문가의 1:1 자산관리,2024-04-05,https://play.tvcf.co.kr/941009,Apr_240507_0508 수정
retail,서비스/유통/레저,에버랜드,에버랜드에 자꾸 갈 지도,2024-04-05,https://play.tvcf.co.kr/941424,Apr_240507_0508 수정
beverage_alcohol,음료/기호식품,서울우유 A2+,A2우유에 플러스+까지,2024-04-05,https://play.tvcf.co.kr/941271,Apr_240507_0508 수정
home_appliance,전기전자,삼성 BESPOKE AI,세상에 없던 AI라이프,2024-04-05,https://play.tvcf.co.kr/941268,Apr_240507_0508 수정
fashion,패션/스포츠,르무통,걸을 땐 르무통,2024-04-05,https://play.tvcf.co.kr/941284,Apr_240507_0508 수정
healthcare_pharma,제약/의료/복지,그날엔 덱스,"덱스처럼 빠르게, 강하게",2024-04-05,https://play.tvcf.co.kr/941163,Apr_240507_0508 수정
home_living,생활/가정용품,퍼실 딥클린 실내건조,해결은 허쉬 딥클린,2024-04-05,https://play.tvcf.co.kr/941279,Apr_240507_0508 수정
healthcare_pharma,제약/의료/복지,케토톱,인생은 좀 오버해야 재미있지,2024-04-05,https://play.tvcf.co.kr/941273,Apr_240507_0508 수정
public_gov,관공서/단체,외교부,아프리카와 한국이 함께 만드는 미래,2024-04-06,https://play.tvcf.co.kr/941174,Apr_240507_0508 수정
beverage_alcohol,음료/기호식품,오리온 더 드래프트,"처음 뵙겠습니다, 오키나와에서 왔습니다",2024-04-06,https://play.tvcf.co.kr/941482,Apr_240507_0508 수정
healthcare_pharma,제약/의료/복지,센시아,문제는 겉이 아니라 속에 있으니까,2024-04-06,https://play.tvcf.co.kr/941302,Apr_240507_0508 수정
healthcare_pharma,제약/의료/복지,바이크롬,장.간.만,2024-04-06,https://play.tvcf.co.kr/941263,Apr_240507_0508 수정
automotive,자동차/정유,르노코리아,한국에서 만나다,2024-04-06,https://play.tvcf.co.kr/941292,Apr_240507_0508 수정
automotive,자동차/정유,BMW 5 시리즈,새로워진 BMW NEW 5 시리즈,2024-04-06,https://play.tvcf.co.kr/941528,Apr_240507_0508 수정
healthcare_pharma,제약/의료/복지,비맥스,피로회복 B로 회복,2024-04-06,https://play.tvcf.co.kr/941294,Apr_240507_0508 수정
beauty,화장품,미샤,너의 모든 순간이 美의 순간이 되도록,2024-04-08,https://play.tvcf.co.kr/941514,Apr_240507_0508 수정
fnb,식품/제과,농심,"구리마불, 새롭게 맛 볼 나라는?",2024-04-08,https://play.tvcf.co.kr/941184,Apr_240507_0508 수정
public_gov,관공서/단체,국민체육진흥공단,당신의 스포츠를 보여주세요,2024-04-08,https://play.tvcf.co.kr/941522,Apr_240507_0508 수정
public_gov,관공서/단체,경기RE100,대한민국에는 경기도가 있습니다,2024-04-08,https://play.tvcf.co.kr/941532,Apr_240507_0508 수정
healthcare_pharma,제약/의료/복지,상쾌환 부스터 제로,축제로구나,2024-04-08,https://play.tvcf.co.kr/941524,Apr_240507_0508 수정
education,출판/교육/문화,카카오VX 프렌즈 스크린,골프의 즐거움이 출렁이게,2024-04-08,https://play.tvcf.co.kr/941430,Apr_240507_0508 수정
corporate_pr,기업PR,현대해상,먼저 움직이는 현대해상,2024-04-09,https://play.tvcf.co.kr/940943,Apr_240507_0508 수정
home_living,생활/가정용품,오랄비 iO,세계 치과의사 추천 칫솔 브랜드,2024-04-09,https://play.tvcf.co.kr/941692,Apr_240507_0508 수정
home_appliance,전기전자,레이븐2,9년의 시간을 거슬러 다시 돌아왔다,2024-04-09,https://play.tvcf.co.kr/941625,Apr_240507_0508 수정
fnb,식품/제과,맘스터치 슈퍼싸이콤보,"맘스터치 20주년 기념, 위대한 터치",2024-04-09,https://play.tvcf.co.kr/942725,Apr_240507_0508 수정
fnb,식품/제과,KFC,손끝까지 맛있다,2024-04-09,https://play.tvcf.co.kr/941932,Apr_240507_0508 수정
finance,금융/보험,KB페이,됩니다,2024-04-11,https://play.tvcf.co.kr/941807,Apr_240507_0508 수정
fashion,패션/스포츠,캘러웨이 X forged star+,욕심 많은 대한민국 골퍼를 위해.,2024-04-11,https://play.tvcf.co.kr/941938,Apr_240507_0508 수정
healthcare_pharma,제약/의료/복지,아임비타,한 샷으로 바뀌는 에너지,2024-04-11,https://play.tvcf.co.kr/941738,Apr_240507_0508 수정
fnb,식품/제과,맥도날드 더블 빅맥&빅맥 BLT,"사람들은 버거를 패스트 푸드라고 부르지만
그 안에는 정성의 시간이 담겨 있어요.",2024-04-11,https://play.tvcf.co.kr/941852,Apr_240507_0508 수정
fashion,패션/스포츠,휠라,OUR SPORT IS BEAUTIFUL,2024-04-11,https://play.tvcf.co.kr/942073,Apr_240507_0508 수정
healthcare_pharma,제약/의료/복지,챔프,아이의 열은 왜 예고 없이 찾아올까요?,2024-04-11,https://play.tvcf.co.kr/941840,Apr_240507_0508 수정
fashion,패션/스포츠,내셔널지오그래픽 어패럴,지구를 사랑한 우리는 Earth Based,2024-04-12,https://play.tvcf.co.kr/941739,Apr_240507_0508 수정
construction_realestate,아파트/건설,LX지인,창호의 프레임을 새롭게,2024-04-12,https://play.tvcf.co.kr/942085,Apr_240507_0508 수정
fnb,식품/제과,오뚜기,카레로 엄마의 마음까지 싹-싹,2024-04-12,https://play.tvcf.co.kr/942088,Apr_240507_0508 수정
home_appliance,전기전자,컴투스 서머너즈워,어쩌면 게임이 인생이 될지도,2024-04-12,https://play.tvcf.co.kr/942068,Apr_240507_0508 수정
automotive,자동차/정유,토요타 GR86,잠들어있던 낭만을 깨우다,2024-04-12,https://play.tvcf.co.kr/942100,Apr_240507_0508 수정
home_appliance,전기전자,검의꽃 M,전투감각 All Max,2024-04-12,https://play.tvcf.co.kr/943975,Apr_240507_0508 수정
beverage_alcohol,음료/기호식품,백산수,백산수는 살아있다,2024-04-12,https://play.tvcf.co.kr/942086,Apr_240507_0508 수정
home_appliance,전기전자,바디프랜드,당신의 헬스케어 로봇,2024-04-13,https://play.tvcf.co.kr/942097,Apr_240507_0508 수정
fnb,식품/제과,명륜진사갈비,여기는 대한민국 고기 테마파크,2024-04-13,https://play.tvcf.co.kr/942095,Apr_240507_0508 수정
home_appliance,전기전자,제스파,안마의자의 기준을 뒤집다,2024-04-13,https://play.tvcf.co.kr/942101,Apr_240507_0508 수정
home_appliance,전기전자,코웨이,국내 최초 리클라이닝 안마베드,2024-04-13,https://play.tvcf.co.kr/942081,Apr_240507_0508 수정
fnb,식품/제과,참깨스틱 진,"참깨스틱, 당신을 고소합니다",2024-04-13,https://play.tvcf.co.kr/942102,Apr_240507_0508 수정
fashion,패션/스포츠,에코골프어패럴,More than a game at every moment,2024-04-13,https://play.tvcf.co.kr/944280,Apr_240507_0508 수정
home_appliance,전기전자,삼성 BESPOKE 큐브™ Air,초월적인 라이프를 경험하다,2024-04-14,https://play.tvcf.co.kr/942180,Apr_240507_0508 수정
fnb,식품/제과,써브웨이,감히 상상할 수 없었던 경이로운 신선함,2024-04-15,https://play.tvcf.co.kr/942106,Apr_240507_0508 수정
retail,서비스/유통/레저,크린토피아,크린토피아저씨,2024-04-15,https://play.tvcf.co.kr/942190,Apr_240507_0508 수정
healthcare_pharma,제약/의료/복지,지큐랩,땡큐 지큐랩,2024-04-15,https://play.tvcf.co.kr/942276,Apr_240507_0508 수정
fnb,식품/제과,아웃백스테이크하우스,우리가 사랑한 다이닝,2024-04-15,https://play.tvcf.co.kr/942274,Apr_240507_0508 수정
healthcare_pharma,제약/의료/복지,비타500 ZERO,"건강한 제로, 비타500 ZERO",2024-04-15,https://play.tvcf.co.kr/942277,Apr_240507_0508 수정
public_gov,관공서/단체,복권위원회,복권으로 함께 모두를 이롭게,2024-04-15,https://play.tvcf.co.kr/942270,Apr_240507_0508 수정
home_living,생활/가정용품,다우니,7일간 피어나는 향수 컬렉션,2024-04-15,https://play.tvcf.co.kr/942271,Apr_240507_0508 수정
home_living,생활/가정용품,퍼울 다크 세탁세제,"새 옷 인가요? 아니, 퍼울했죠",2024-04-15,https://play.tvcf.co.kr/942282,Apr_240507_0508 수정
fnb,식품/제과,농심,자작한 짜구리 한 마리 몰고가세요,2024-04-15,https://play.tvcf.co.kr/942285,Apr_240507_0508 수정
fashion,패션/스포츠,타이틀리스트,최고는 절대 멈추지 않는다,2024-04-15,https://play.tvcf.co.kr/942302,Apr_240507_0508 수정
education,출판/교육/문화,SBS,함께 만드는 희망내일,2024-04-15,https://play.tvcf.co.kr/942306,Apr_240507_0508 수정
fnb,식품/제과,투썸플레이스,아무데서나 떠먹어요,2024-04-15,https://play.tvcf.co.kr/942310,Apr_240507_0508 수정
home_appliance,전기전자,아지아,모든 것을 전문가의 기준으로,2024-04-15,https://play.tvcf.co.kr/942314,Apr_240507_0508 수정
home_appliance,전기전자,안드로이드,"써클 투 서치, 오직 안드로이드에서만",2024-04-15,https://play.tvcf.co.kr/942323,Apr_240507_0508 수정
telecom,정보통신,비즈내비,일 잘하는 워크 솔루션,2024-04-15,https://play.tvcf.co.kr/942335,Apr_240507_0508 수정
beverage_alcohol,음료/기호식품,제누,"설탕은 빼고 단백질은 더하고, 새로운 커피믹스",2024-04-15,https://play.tvcf.co.kr/942367,Apr_240507_0508 수정
telecom,정보통신,LG유플러스,"사장님, 유플러스에선 현실이에요",2024-04-15,https://play.tvcf.co.kr/942579,Apr_240507_0508 수정
fnb,식품/제과,버거킹 NEW 와퍼,더 강렬해진 불맛의 왕,2024-04-15,https://play.tvcf.co.kr/942291,Apr_240507_0508 수정
home_appliance,전기전자,로보락 S8 MaxV Ultra,로봇팔 브러쉬로 사각지대까지 깔끔하게,2024-04-15,https://play.tvcf.co.kr/942786,Apr_240507_0508 수정
home_appliance,전기전자,샤크 에보 파워 시스템 네오플러스,가벼우니까 수시로 꺼내서 깔끔한 마무리까지,2024-04-15,https://play.tvcf.co.kr/942297,Apr_240507_0508 수정
home_living,생활/가정용품,다우니,세계적인 퍼퓸 매점과 협업한 다우니 7일간 피어나는 향수.,2024-04-15,https://play.tvcf.co.kr/944092,Apr_240507_0508 수정
healthcare_pharma,제약/의료/복지,센트룸 맨·우먼 더블업,"비타민 B군이 두 배로, 센트룸으로 DO BETTER",2024-04-15,https://play.tvcf.co.kr/942287,Apr_240507_0508 수정
finance,금융/보험,신협,"이제 당신이 업히세요, 평생 어부바 신협",2024-04-15,https://play.tvcf.co.kr/942272,Apr_240507_0508 수정
beverage_alcohol,음료/기호식품,토레타,가벼운 일상 이온보충 토레타!,2024-04-15,https://play.tvcf.co.kr/942278,Apr_240507_0508 수정
fashion,패션/스포츠,다이나핏,할거면 진짜로,2024-04-16,https://play.tvcf.co.kr/942267,Apr_240507_0508 수정
home_living,생활/가정용품,페브리즈,오늘 냄새 오늘 리셋!,2024-04-16,https://play.tvcf.co.kr/942377,Apr_240507_0508 수정
home_appliance,전기전자,세라젬 파우제,"Better Me, CERAGEM PAUSE M6",2024-04-16,https://play.tvcf.co.kr/942376,Apr_240507_0508 수정
public_gov,관공서/단체,공익광고협의회,나부터 돌아보는 반전 매너,2024-04-16,https://play.tvcf.co.kr/942396,Apr_240507_0508 수정
home_appliance,전기전자,로보락 S8 MaxV Ultra,도대체 청소가 뭐더라?,2024-04-16,https://play.tvcf.co.kr/942408,Apr_240507_0508 수정
fnb,식품/제과,파리바게트,LET'S PARIS!,2024-04-17,https://play.tvcf.co.kr/942427,Apr_240507_0508 수정
beauty,화장품,설화수,언제나 늘 함께해,2024-04-17,https://play.tvcf.co.kr/942586,Apr_240507_0508 수정
fnb,식품/제과,노모어피자,우리가 원했던 피자의 탄생,2024-04-17,https://play.tvcf.co.kr/942642,Apr_240507_0508 수정
home_appliance,전기전자,레이븐2,레이븐 그 이상,2024-04-17,https://play.tvcf.co.kr/942739,Apr_240507_0508 수정
healthcare_pharma,제약/의료/복지,바세린 립테라피,"내 입술 배리어, 바세린 립테라피",2024-04-17,https://play.tvcf.co.kr/942820,Apr_240507_0508 수정
beauty,화장품,폰즈,단 하나의 저자극 클렌징,2024-04-17,https://play.tvcf.co.kr/943293,Apr_240507_0508 수정
beauty,화장품,센카 퍼펙트 휩,"약산성으로 순~하게, 세정력은 강하게!",2024-04-18,https://play.tvcf.co.kr/942744,Apr_240507_0508 수정
retail,서비스/유통/레저,알리익스프레스,알리 익스프레스엔 다 있으니까,2024-04-18,https://play.tvcf.co.kr/942776,Apr_240507_0508 수정
home_appliance,전기전자,삼성 더 프레임,Make your own TV,2024-04-18,https://play.tvcf.co.kr/942782,Apr_240507_0508 수정
telecom,정보통신,아스달 연대기: 세 개의 세력,"태초의 세력전쟁, 그 위대한 서막",2024-04-18,https://play.tvcf.co.kr/942809,Apr_240507_0508 수정
healthcare_pharma,제약/의료/복지,마이니,나를 위한 에너지샷,2024-04-18,https://play.tvcf.co.kr/942810,Apr_240507_0508 수정
beauty,화장품,다슈 다운텍,"붕뜬 옆머리, 3분이면 끝!",2024-04-18,https://play.tvcf.co.kr/942823,Apr_240507_0508 수정
home_appliance,전기전자,삼성 BESPOKE AI 하이브리드,초대합니다. AI를 만나 더 아껴주는 냉장고를 만나보세요.,2024-04-18,https://play.tvcf.co.kr/942883,Apr_240507_0508 수정
fashion,패션/스포츠,내셔널지오그래픽 어패럴,어떤 순간에도 자유롭고 편안하게,2024-04-18,https://play.tvcf.co.kr/943038,Apr_240507_0508 수정
beverage_alcohol,음료/기호식품,맥심 모카골드 마일드,진한 집중 한잔,2024-04-18,https://play.tvcf.co.kr/942775,Apr_240507_0508 수정
beverage_alcohol,음료/기호식품,썬키스트 과일 소다,요즘 ST 선키스트,2024-04-19,https://play.tvcf.co.kr/942780,Apr_240507_0508 수정
beverage_alcohol,음료/기호식품,새로 살구,"살구로 상큼하게, 제로 슈거로 산뜻하게",2024-04-19,https://play.tvcf.co.kr/942821,Apr_240507_0508 수정
healthcare_pharma,제약/의료/복지,코스네이처,"5중 멀티케어, 닥터린 글루코션 블러드케어",2024-04-19,https://play.tvcf.co.kr/942873,Apr_240507_0508 수정
fashion,패션/스포츠,탑텐,좋은 옷이 좋은 하루를 만든다,2024-04-19,https://play.tvcf.co.kr/942898,Apr_240507_0508 수정
healthcare_pharma,제약/의료/복지,정관장 화애락,여성 전문 건강브랜드 화애락,2024-04-19,https://play.tvcf.co.kr/943007,Apr_240507_0508 수정
beverage_alcohol,음료/기호식품,오트몬드,"오트로 한 번, 아몬드로 두 번",2024-04-19,https://play.tvcf.co.kr/943010,Apr_240507_0508 수정
public_gov,관공서/단체,더경기패스,다 된다 더 된다,2024-04-19,https://play.tvcf.co.kr/943013,Apr_240507_0508 수정
fashion,패션/스포츠,파크랜드,옷으로 당신을 말하다,2024-04-19,https://play.tvcf.co.kr/943017,Apr_240507_0508 수정
retail,서비스/유통/레저,이마트,"우주급 맥주 축제, 슈퍼비어페스타",2024-04-19,https://play.tvcf.co.kr/943049,Apr_240507_0508 수정
home_appliance,전기전자,경동나비엔 환기청정기,"공기청정기의 한계, 환기청정의 기술로 넘어서다",2024-04-19,https://play.tvcf.co.kr/943054,Apr_240507_0508 수정
home_appliance,전기전자,LG 트롬 오브제컬렉션 워시콤보,세탁기로 닫혀 건조기로 열립니다,2024-04-19,https://play.tvcf.co.kr/943050,Apr_240507_0508 수정
corporate_pr,기업PR,한컴,"함께 쓰는 AI, 함께  크는 AI",2024-04-20,https://play.tvcf.co.kr/943042,Apr_240507_0508 수정
fnb,식품/제과,60계치킨 크크크치킨,바삭함의 끝판왕,2024-04-20,https://play.tvcf.co.kr/943052,Apr_240507_0508 수정
healthcare_pharma,제약/의료/복지,플랜트 콜라겐,"이젠, 성을 보고 고르세요",2024-04-20,https://play.tvcf.co.kr/943046,Apr_240507_0508 수정
retail,서비스/유통/레저,쿠팡,우리 진짜 이야기 들어보실래요?,2024-04-20,https://play.tvcf.co.kr/943048,Apr_240507_0508 수정
fnb,식품/제과,투썸플레이스,케이크는 누워서 떠먹기,2024-04-20,https://play.tvcf.co.kr/943043,Apr_240507_0508 수정
healthcare_pharma,제약/의료/복지,고려은단 식물성 퓨어 알티지 오메가3,"오메가 3, 이제 식물성으로 시작하세요",2024-04-21,https://play.tvcf.co.kr/943035,Apr_240507_0508 수정
fnb,식품/제과,포케올데이,"사랑하자, 나를 더 자주",2024-04-22,https://play.tvcf.co.kr/943199,Apr_240507_0508 수정
fashion,패션/스포츠,와이드앵글,앵글이 모든 걸 바꾼다,2024-04-22,https://play.tvcf.co.kr/943247,Apr_240507_0508 수정
beverage_alcohol,음료/기호식품,환타,원해? 환타!,2024-04-22,https://play.tvcf.co.kr/944373,Apr_240507_0508 수정
healthcare_pharma,제약/의료/복지,박카스,"젊음을 힘껏, 마음껏",2024-04-22,https://play.tvcf.co.kr/943245,Apr_240507_0508 수정
telecom,정보통신,삼쩜삼,"5놀라月아, 5월엔 삼쩜삼 환급",2024-04-22,https://play.tvcf.co.kr/943428,Apr_240507_0508 수정
healthcare_pharma,제약/의료/복지,사리돈 에이,"이제, 통증도 잠들 시간",2024-04-22,https://play.tvcf.co.kr/943386,Apr_240507_0508 수정
fnb,식품/제과,켈로그 통귀리밥,먹성비갑 통귀리밥,2024-04-23,https://play.tvcf.co.kr/943305,Apr_240507_0508 수정
corporate_pr,기업PR,세방그룹,더 나은 미래를 향해 멈추지 않고 전진,2024-04-23,https://play.tvcf.co.kr/943369,Apr_240507_0508 수정
fashion,패션/스포츠,바로인슈즈,한 번에 신는 새로운 신발,2024-04-23,https://play.tvcf.co.kr/943381,Apr_240507_0508 수정
healthcare_pharma,제약/의료/복지,정관장,"건강하고 행복하게, 정관장",2024-04-23,https://play.tvcf.co.kr/943032,Apr_240507_0508 수정
retail,서비스/유통/레저,아난티,"카라멜 하나를 사더라도, 이터널저니에서",2024-04-23,https://play.tvcf.co.kr/943479,Apr_240507_0508 수정
retail,서비스/유통/레저,이마트,궁극의 맛 팔보채가 당신의 식탁 위에,2024-04-23,https://play.tvcf.co.kr/943505,Apr_240507_0508 수정
healthcare_pharma,제약/의료/복지,대원헬스랩,건강을 위한 스펙트럼을 펼치다,2024-04-23,https://play.tvcf.co.kr/943588,Apr_240507_0508 수정
fnb,식품/제과,팔도비빔면,40년 비빔면의 근본,2024-04-24,https://play.tvcf.co.kr/943385,Apr_240507_0508 수정
healthcare_pharma,제약/의료/복지,레디어스,"스킨, 코어부터 채우다",2024-04-24,https://play.tvcf.co.kr/943431,Apr_240507_0508 수정
finance,금융/보험,NH투자증권,"나는 투자한다, 나는 성장한다",2024-04-24,https://play.tvcf.co.kr/943484,Apr_240507_0508 수정
automotive,자동차/정유,New 르노 아르카나,프렌츠 아이덴티티로 더 강렬하게.,2024-04-24,https://play.tvcf.co.kr/944213,Apr_240507_0508 수정
beauty,화장품,이니스프리,되찾자 나의 가장 환한 피부,2024-04-25,https://play.tvcf.co.kr/943504,Apr_240507_0508 수정
home_appliance,전기전자,FC 온라인,지금 초대장 받으세요.,2024-04-25,https://play.tvcf.co.kr/943596,Apr_240507_0508 수정
home_appliance,전기전자,엡손 홈 프로젝터,보다 스마트한 홈라이프의 시작,2024-04-25,https://play.tvcf.co.kr/943613,Apr_240507_0508 수정
finance,금융/보험,보험클리닉,없나? 싶을 땐 만나! 보험클리닉,2024-04-25,https://play.tvcf.co.kr/943967,Apr_240507_0508 수정
corporate_pr,기업PR,삼성전자,HAVE A GOOD AI LIFE,2024-04-25,https://play.tvcf.co.kr/944016,Apr_240507_0508 수정
telecom,정보통신,카카오페이,결제는. 어디서나 카카오페이,2024-04-25,https://play.tvcf.co.kr/944196,Apr_240507_0508 수정
fnb,식품/제과,삼양 맵탱,맵탈케어엔 맵탱,2024-04-25,https://play.tvcf.co.kr/943538,Apr_240507_0508 수정
fnb,식품/제과,명륜진사갈비,입안 가득 퍼지는 우와한 풍미,2024-04-25,https://play.tvcf.co.kr/943606,Apr_240507_0508 수정
fashion,패션/스포츠,코드텐,어떻게 입는 순간 차갑냐고?,2024-04-25,https://play.tvcf.co.kr/943600,Apr_240507_0508 수정
healthcare_pharma,제약/의료/복지,랏토핏,새로워진 락토핏,2024-04-26,https://play.tvcf.co.kr/943953,Apr_240507_0508 수정
fnb,식품/제과,파리바게트,커피와 파바 디저트가 만나 행복해진 마음의 소리!,2024-04-26,https://play.tvcf.co.kr/944012,Apr_240507_0508 수정
beauty,화장품,미스 디올,사랑을 위해 무엇을 할 수 있나요?,2024-04-26,https://play.tvcf.co.kr/944022,Apr_240507_0508 수정
corporate_pr,기업PR,비비고,비비고가 바뀌었어?,2024-04-26,https://play.tvcf.co.kr/944425,Apr_240507_0508 수정
home_appliance,전기전자,LG그램,모두가 링크된 그램의 세계로,2024-04-26,https://play.tvcf.co.kr/943987,Apr_240507_0508 수정
telecom,정보통신,헤이딜러,생애 첫 내차팔기,2024-04-26,https://play.tvcf.co.kr/944301,Apr_240507_0508 수정
automotive,자동차/정유,현대자동차 N,이것이 도로 위의 SportsmaNship,2024-04-27,https://play.tvcf.co.kr/944237,Apr_240507_0508 수정
finance,금융/보험,KB증권,"내 투자실력, 커져라 뚝딱!",2024-04-27,https://play.tvcf.co.kr/943974,Apr_240507_0508 수정
beauty,화장품,리쥬란,rejuvenate your skin,2024-04-27,https://play.tvcf.co.kr/944275,Apr_240507_0508 수정
home_appliance,전기전자,삼성 올인원 PC Pro,"AI시대의 온리원, 삼성 올인원 Pro",2024-04-27,https://play.tvcf.co.kr/944412,Apr_240507_0508 수정
healthcare_pharma,제약/의료/복지,비맥스,설명은 약사님이 하신다,2024-04-27,https://play.tvcf.co.kr/944072,Apr_240507_0508 수정
beverage_alcohol,음료/기호식품,토레타,매번 진땀 뺄 순 없잖아?,2024-04-27,https://play.tvcf.co.kr/944076,Apr_240507_0508 수정
fnb,식품/제과,농심 짜파게티 더 블랙,"드디어 짜파게티 보다 더 한 게, 더 한 게 나왔습니다.",2024-04-28,https://play.tvcf.co.kr/944018,Apr_240507_0508 수정
finance,금융/보험,KB금융그룹,국민 곁에 KB가 늘 함께하겠습니다.,2024-04-29,https://play.tvcf.co.kr/944083,Apr_240507_0508 수정
beverage_alcohol,음료/기호식품,BUDWEISER,BE A KING,2024-04-29,https://play.tvcf.co.kr/944119,Apr_240507_0508 수정
home_appliance,전기전자,소니 WH-1000XM5,이제 노이즈 캔슬링하세요,2024-04-29,https://play.tvcf.co.kr/944402,Apr_240507_0508 수정
home_appliance,전기전자,LG 디오스 오브제컬렉션 식기세척기,나의 첫 식기세척기,2024-04-30,https://play.tvcf.co.kr/944283,Apr_240507_0508 수정
telecom,정보통신,브롤스타즈,이토록 모두가 브롤스타즈,2024-04-30,https://play.tvcf.co.kr/944400,Apr_240507_0508 수정
retail,서비스/유통/레저,이마트,무엇을 골라도 맛있는 Pick,2024-04-30,https://play.tvcf.co.kr/944284,Apr_240507_0508 수정
fashion,패션/스포츠,VWX,이건 나의 잘난채,2023-08-01,https://play.tvcf.co.kr/913995,Aug_230903
telecom,정보통신,SK텔레콤 갤럭시 Z 플립5,5! my wonderFlip,2023-08-01,https://play.tvcf.co.kr/914034,Aug_230903
public_gov,관공서/단체,SK이노베이션,"이런미래, 지금까지는 SF. 지금부터는 SK이노베이션.",2023-08-01,https://play.tvcf.co.kr/913996,Aug_230903
beverage_alcohol,음료/기호식품,OKF 알로에베라킹 제로슈가,몽글몽글 씹히는 생알로에의 건강함,2023-08-01,https://play.tvcf.co.kr/913991,Aug_230903
finance,금융/보험,NH농협생명,들었어? 농업인정부지원보험,2023-08-01,https://play.tvcf.co.kr/914573,Aug_230903
telecom,정보통신,KT 갤럭시 Z 플립5,홀딱 반해버렸소. 갤럭시 Z 플립 5도 KT. OTT 보려면 KT.,2023-08-01,https://play.tvcf.co.kr/914075,Aug_230903
finance,금융/보험,KB금융그룹,돈을 위해 모인 돈독한 프렌즈. 스타프렌즈.,2023-08-01,https://play.tvcf.co.kr/913961,Aug_230903
finance,금융/보험,IBK기업은행,금융으로 만나는 새로운 세상. IBK기업은행.,2023-08-01,https://play.tvcf.co.kr/913962,Aug_230903
automotive,자동차/정유,BMW XM,Break the norm. THE XM.,2023-08-01,https://play.tvcf.co.kr/913641,Aug_230903
healthcare_pharma,제약/의료/복지,하루틴 리포좀 멀티비타민,쏙 들어가게 하는 기술. 하루틴 리포좀 멀티비타민.,2023-08-01,https://play.tvcf.co.kr/914190,Aug_230903
fnb,식품/제과,하겐다즈,"8월, 전국 편의점. 전제품 2+1.",2023-08-01,https://play.tvcf.co.kr/913965,Aug_230903
telecom,정보통신,LG유플러스,"이런 혜택, 유플러스 만의 WHY NOT?",2023-08-01,https://play.tvcf.co.kr/915039,Aug_230903
beauty,화장품,토리든,DIVE IN TO DIVE IN.,2023-08-01,https://play.tvcf.co.kr/914021,Aug_230903
healthcare_pharma,제약/의료/복지,콜대원,느닷없이 찾아온 여름감기엔. 다짜고짜 콜대원.,2023-08-01,https://play.tvcf.co.kr/914221,Aug_230903
beverage_alcohol,음료/기호식품,코카콜라 제로 레몬,NEW Lemon Coca cola zero,2023-08-01,https://play.tvcf.co.kr/913323,Aug_230903
fnb,식품/제과,켈로그 프로틴 딜라이트,"우리, 내일 아침도 같이 충전해요",2023-08-01,https://play.tvcf.co.kr/910725,Aug_230903
finance,금융/보험,캐롯손해보험 퍼마일 자동차보험,캐롯은 데이터로 똑똑하게,2023-08-01,https://play.tvcf.co.kr/914011,Aug_230903
healthcare_pharma,제약/의료/복지,정관장 화애락 터닝미,나 다움을 위한 갱년기 터닝포인트,2023-08-01,https://play.tvcf.co.kr/913994,Aug_230903
healthcare_pharma,제약/의료/복지,정관장 에브리타임,좋은 건 다 시간이 듭니다. 에브리 타임만 빼고.,2023-08-01,https://play.tvcf.co.kr/914026,Aug_230903
home_living,생활/가정용품,자코모,사랑이라는 포근함. 결국 자코모.,2023-08-01,https://play.tvcf.co.kr/914005,Aug_230903
fnb,식품/제과,임금님표 이천쌀,최고 중 최고 이천 쌀,2023-08-01,https://play.tvcf.co.kr/914044,Aug_230903
finance,금융/보험,우체국 디지털금융,잇다 해,2023-08-01,https://play.tvcf.co.kr/913988,Aug_230903
retail,서비스/유통/레저,여기어때,8월 여기 어때에서 예약하면 베스킨라빈스 무료,2023-08-01,https://play.tvcf.co.kr/914862,Aug_230903
home_living,생활/가정용품,에몬스,이것이 공간을 채우는 에몬스의 요즘생각,2023-08-01,https://play.tvcf.co.kr/914093,Aug_230903
healthcare_pharma,제약/의료/복지,알콘 워터렌즈,"진심, 편안함, 촉촉함.",2023-08-01,https://play.tvcf.co.kr/914040,Aug_230903
fashion,패션/스포츠,스케쳐스 슬립인스,발만 넣으면 끝,2023-08-01,https://play.tvcf.co.kr/914035,Aug_230903
corporate_pr,기업PR,세방그룹,세상을 바꾸는 움직임 세방그룹,2023-08-01,https://play.tvcf.co.kr/913955,Aug_230903
telecom,정보통신,삼성 갤럭시 Z 플립5,Join the 멋. Join the flip side.,2023-08-01,https://play.tvcf.co.kr/914041,Aug_230903
telecom,정보통신,삼성 갤럭시 Z 폴드5,Join the 흥. Join the flip side.,2023-08-01,https://play.tvcf.co.kr/914030,Aug_230903
public_gov,관공서/단체,사람사랑 생명사랑 밤길걷기 Live WALK,우리가 함께 걷는 이유,2023-08-01,https://play.tvcf.co.kr/914032,Aug_230903
home_living,생활/가정용품,브라운 시리즈 9 PRO+,저녁까지 깔끔하게,2023-08-01,https://play.tvcf.co.kr/913964,Aug_230903
home_living,생활/가정용품,몽키우드,홈테리어 키는 몽키우드니까,2023-08-01,https://play.tvcf.co.kr/913957,Aug_230903
retail,서비스/유통/레저,롯데면세점,공항보다 더 큰 롯데 면세권에서 산다,2023-08-01,https://play.tvcf.co.kr/914574,Aug_230903
construction_realestate,아파트/건설,두산건설 위브,"오늘도 나는, 나를 넘어선다. We  Solve. We' ve.",2023-08-01,https://play.tvcf.co.kr/914087,Aug_230903
fnb,식품/제과,도미노피자,"격이 다른 품격을 만드는, 겹이 다른 피자.",2023-08-01,https://play.tvcf.co.kr/909912,Aug_230903
beverage_alcohol,음료/기호식품,나랑드 사이다,내가 사랑하는 또 하나의 제로,2023-08-01,https://play.tvcf.co.kr/914042,Aug_230903
healthcare_pharma,제약/의료/복지,검가드,잇몸가드 검가드,2023-08-01,https://play.tvcf.co.kr/914047,Aug_230903
beauty,화장품,CJ 올리브영,다정력레이스의 다음 챔피언이 되어주세요,2023-08-01,https://play.tvcf.co.kr/915530,Aug_230903
home_living,생활/가정용품,메탈크래프,휴식을 완성하다,2023-08-01,https://play.tvcf.co.kr/915284,Aug_230903
corporate_pr,기업PR,플레디스,PLEDIS WONDER TEENS,2023-08-01,https://play.tvcf.co.kr/916568,Aug_230903
automotive,자동차/정유,아우디 Q4 e-tron,Progress you can feel,2023-08-01,https://play.tvcf.co.kr/916207,Aug_230903
beauty,화장품,숨37°,내 안에 감춰진 자연의 에너지를 찾았다,2023-08-01,https://play.tvcf.co.kr/915029,Aug_230903
telecom,정보통신,LG유플러스 갤럭시 Z 플립5,역시 유플러스 혜택 KING,2023-08-02,https://play.tvcf.co.kr/914179,Aug_230903
fnb,식품/제과,맥도날드 창녕 갈릭 치킨 버거,"3년간 창녕 농부님에 큰 웃음을 준 한국의 맛.
이번엔 치킨 버거까지.",2023-08-02,https://play.tvcf.co.kr/914177,Aug_230903
corporate_pr,기업PR,넥스틴,좋은 기술이 좋은 다음을 만듭니다,2023-08-02,https://play.tvcf.co.kr/914176,Aug_230903
telecom,정보통신,굿리치,이것은. 굿리치인가 갓리치인가.,2023-08-02,https://play.tvcf.co.kr/913882,Aug_230903
finance,금융/보험,KB국민은행,고객을 위해 시간을 바꾸는 은행이 있습니다.,2023-08-03,https://play.tvcf.co.kr/914216,Aug_230903
beverage_alcohol,음료/기호식품,펩시 제로 슈거,I WANT PEPSI,2023-08-03,https://play.tvcf.co.kr/914545,Aug_230903
beauty,화장품,파이코어 디퍼런씨,바다로부터 내일의 피부를 기대하다.,2023-08-03,https://play.tvcf.co.kr/914544,Aug_230903
beverage_alcohol,음료/기호식품,테라,태양을 이기는 테라의 청정함,2023-08-03,https://play.tvcf.co.kr/914259,Aug_230903
automotive,자동차/정유,쉐보레 트레일블레이저,THE NEW  TRAILBLAZER,2023-08-03,https://play.tvcf.co.kr/914532,Aug_230903
home_living,생활/가정용품,센소다인 리페어 & 프로텍,센소다인 리페어 앤 프로텍트만의 차이를 경험해보세요,2023-08-03,https://play.tvcf.co.kr/914542,Aug_230903
finance,금융/보험,삼성액티브자산운용 KoAct ETF,oK Act. KoAct.,2023-08-03,https://play.tvcf.co.kr/914214,Aug_230903
fnb,식품/제과,배스킨라빈스,티드의 우유 생크림이 부드러운 아이스크림 속으로.,2023-08-03,https://play.tvcf.co.kr/914256,Aug_230903
home_appliance,전기전자,바디프랜드,누구든지 언제든지 편안하게 welcome,2023-08-03,https://play.tvcf.co.kr/914262,Aug_230903
healthcare_pharma,제약/의료/복지,라엘 밸런스,오직 여성을 위해 라엘이 만들었으니까,2023-08-03,https://play.tvcf.co.kr/914543,Aug_230903
beauty,화장품,CJ 올리브영,다정한 마음이 아름다운 자연에 닿도록,2023-08-03,https://play.tvcf.co.kr/915531,Aug_230903
telecom,정보통신,SK텔레콤 갤럭시 Z 플립5,이것이 SKT의 진정한 플립사랑,2023-08-04,https://play.tvcf.co.kr/914257,Aug_230903
fnb,식품/제과,CJ플랜테이블,비건보다 맛있는 비건,2023-08-04,https://play.tvcf.co.kr/914680,Aug_230903
fnb,식품/제과,오뚜기 짜슐랭,복작복작 풍미명작. 오뚜기 짜슐랭.,2023-08-04,https://play.tvcf.co.kr/914678,Aug_230903
beverage_alcohol,음료/기호식품,별빛청하 스파클링,나의 데일리 기념주. 별빛청하 SPAKLING.,2023-08-04,https://play.tvcf.co.kr/914553,Aug_230903
finance,금융/보험,우리카드,진짜 궁긍해서 묻습니다. 그게. 정석입니까?,2023-08-05,https://play.tvcf.co.kr/914692,Aug_230903
public_gov,관공서/단체,"수협중앙회, 수협은행",진심을 담아. 이름에 담아.,2023-08-05,https://play.tvcf.co.kr/914691,Aug_230903
fnb,식품/제과,청년피자,콘 바스켓에 담긴 씨푸드의 깊은 감칠맛,2023-08-07,https://play.tvcf.co.kr/914800,Aug_230903
home_appliance,전기전자,바디프랜드,OH! HEALTHY DAY,2023-08-07,https://play.tvcf.co.kr/914794,Aug_230903
finance,금융/보험,미래에셋 현대카드,긁적 긁적. 카드 긁고 주식 적립.,2023-08-07,https://play.tvcf.co.kr/914825,Aug_230903
automotive,자동차/정유,랜드로버 레인지로버 스포츠,극한까지 여유롭다.,2023-08-07,https://play.tvcf.co.kr/914771,Aug_230903
home_appliance,전기전자,글램팜,당신은 이미 글램팜을 만난 적 있다,2023-08-07,https://play.tvcf.co.kr/914772,Aug_230903
beverage_alcohol,음료/기호식품,2%부족할때,사랑은 if로 시작된다,2023-08-07,https://play.tvcf.co.kr/915036,Aug_230903
education,출판/교육/문화,KBS 항저우 아시안게임,"또박또박 보여줄게, 이제",2023-08-08,https://play.tvcf.co.kr/914951,Aug_230903
beauty,화장품,CNP 프로폴리스 앰플,스킨케어 완성까지 5초. 그래서 벼락치기 앰플.,2023-08-08,https://play.tvcf.co.kr/914724,Aug_230903
fnb,식품/제과,청정원 호밍스,호밍스가 맛있더라,2023-08-08,https://play.tvcf.co.kr/914857,Aug_230903
automotive,자동차/정유,아이오닉,아이오닉이 뒤바꾼 세상,2023-08-08,https://play.tvcf.co.kr/915008,Aug_230903
healthcare_pharma,제약/의료/복지,덴티움,당신의 치과의사는 안다. Dentium.,2023-08-08,https://play.tvcf.co.kr/914713,Aug_230903
home_appliance,전기전자,LG 퓨리케어 오브제컬렉션 정수기,이게 바로 물을 다루는 완벽한 능력.,2023-08-09,https://play.tvcf.co.kr/915045,Aug_230903
finance,금융/보험,KB국민은행,Let's Go.  With KB Bank,2023-08-09,https://play.tvcf.co.kr/915048,Aug_230903
education,출판/교육/문화,서울패션위크,SEOUL FASHION WEEK,2023-08-09,https://play.tvcf.co.kr/915424,Aug_230903
corporate_pr,기업PR,SK하이닉스,초기술로 세상을 더 행복하게,2023-08-10,https://play.tvcf.co.kr/915033,Aug_230903
retail,서비스/유통/레저,하이원 워터월드,시원함 원해? 그럼 하이원해.,2023-08-10,https://play.tvcf.co.kr/915111,Aug_230903
automotive,자동차/정유,불스원샷,"내 차 엔진 속 때, 관리하기 좋을 때? 바로 기름 넣을 때!",2023-08-10,https://play.tvcf.co.kr/915165,Aug_230903
fnb,식품/제과,청정원 행복놀이터 동물복지 유정란,"당신의 행복이 곧, 행복놀이터 동물복지 유정란이니까.",2023-08-10,https://play.tvcf.co.kr/915170,Aug_230903
healthcare_pharma,제약/의료/복지,리스테린 토탈케어 캐비티케어 마일드,7배 더 강력한 충치예방,2023-08-10,https://play.tvcf.co.kr/915169,Aug_230903
fashion,패션/스포츠,캘러웨이 어패럴,THE JOURNEY NEVER ENDS. CALLAWAY.,2023-08-10,https://play.tvcf.co.kr/915399,Aug_230903
finance,금융/보험,우리금융그룹,우리를 위해 우리가 바꾼다,2023-08-11,https://play.tvcf.co.kr/915154,Aug_230903
fnb,식품/제과,빙그레,세상에서 가장 늦은 졸업식,2023-08-11,https://play.tvcf.co.kr/915153,Aug_230903
finance,금융/보험,현대카드,틈이 없었네. 재미없을 틈.,2023-08-11,https://play.tvcf.co.kr/915367,Aug_230903
fnb,식품/제과,아라치 치킨,"치킨은 아라치, 아라치?",2023-08-12,https://play.tvcf.co.kr/915211,Aug_230903
telecom,정보통신,말쓰몰,Don't draw the line anymore,2023-08-12,https://play.tvcf.co.kr/915213,Aug_230903
home_appliance,전기전자,닌텐도 스위치,닌텐도 스위치,2023-08-12,https://play.tvcf.co.kr/915208,Aug_230903
education,출판/교육/문화,카카오VX 프렌즈 아카데미,골프 연습을 더 즐겁게. Friends Academy,2023-08-12,https://play.tvcf.co.kr/915562,Aug_230903
telecom,정보통신,KT,우리 가족을 생각한다면 KT,2023-08-12,https://play.tvcf.co.kr/915292,Aug_230903
beauty,화장품,TS샴푸,정직함의 위대함,2023-08-12,https://play.tvcf.co.kr/915647,Aug_230903
automotive,자동차/정유,BMW XM,BREAK THE NORMAL,2023-08-13,https://play.tvcf.co.kr/913745,Aug_230903
healthcare_pharma,제약/의료/복지,MSD,"CHANGE THE FUTURE, CHANGE THE WORLD",2023-08-14,https://play.tvcf.co.kr/915261,Aug_230903
finance,금융/보험,KB라이프,라이프를 나름답게,2023-08-14,https://play.tvcf.co.kr/915231,Aug_230903
finance,금융/보험,KB국민은행,KB 9To6 뱅크,2023-08-14,https://play.tvcf.co.kr/915226,Aug_230903
fnb,식품/제과,BHC치킨 마법클,단짠으로 치명적인 마법. 바삭함으로 홀리는 마법.,2023-08-14,https://play.tvcf.co.kr/915217,Aug_230903
retail,서비스/유통/레저,현대백화점면세점,현대백화점을 면세하다,2023-08-14,https://play.tvcf.co.kr/915250,Aug_230903
corporate_pr,기업PR,포스코,철에는 판타지가 있다,2023-08-14,https://play.tvcf.co.kr/915162,Aug_230903
fnb,식품/제과,롯데리아,I'm into your rhythm of pop pop,2023-08-14,https://play.tvcf.co.kr/915236,Aug_230903
beverage_alcohol,음료/기호식품,스타벅스 셀렉트,"내가 선택한 새로운 라떼, 스타벅스 셀렉트.",2023-08-14,https://play.tvcf.co.kr/915525,Aug_230903
public_gov,관공서/단체,환경부,5초면 충분한 시간이 앞으로의 500년을 바꾸니까. Bye bye plastic.,2023-08-14,https://play.tvcf.co.kr/915505,Aug_230903
public_gov,관공서/단체,월드비전,Global 6k for water,2023-08-14,https://play.tvcf.co.kr/915428,Aug_230903
fnb,식품/제과,버거킹,Originals by BURGER KING. Originals PEPPER JACK.,2023-08-14,https://play.tvcf.co.kr/915401,Aug_230903
public_gov,관공서/단체,포스코홀딩스,세상에 가치를 더합니다. Green Tomorrow with posco.,2023-08-14,https://play.tvcf.co.kr/915355,Aug_230903
automotive,자동차/정유,싼타페,일상과 일상 사이를 열다,2023-08-14,https://play.tvcf.co.kr/915244,Aug_230903
beverage_alcohol,음료/기호식품,한맥,한맥의 부드러운 환상거품,2023-08-14,https://play.tvcf.co.kr/915369,Aug_230903
beverage_alcohol,음료/기호식품,포카리스웨트,더위를 이기지말자,2023-08-14,https://play.tvcf.co.kr/915268,Aug_230903
education,출판/교육/문화,KBS,제 78주년 광복절,2023-08-15,https://play.tvcf.co.kr/915375,Aug_230903
public_gov,관공서/단체,인천시교육청,한 명 한 명의 결대로 꿈대로,2023-08-15,https://play.tvcf.co.kr/911258,Aug_230903
automotive,자동차/정유,싼타페 MX5,HYUNDAI.,2023-08-15,https://play.tvcf.co.kr/915394,Aug_230903
fnb,식품/제과,빙그레,많이 늦었습니다. 축하드립니다. 그리고 감사합니다.,2023-08-15,https://play.tvcf.co.kr/915379,Aug_230903
beauty,화장품,코스알엑스 미셀라 클렌징 워터,무자극 더 촉촉,2023-08-16,https://play.tvcf.co.kr/915368,Aug_230903
finance,금융/보험,카카오뱅크 개인금고,모두를 위한 개인금고의 시작,2023-08-16,https://play.tvcf.co.kr/915381,Aug_230903
public_gov,관공서/단체,초록우산 어린이재단,펼치자 우리의 초능력. 아이들을 돕는 초록빛 능력.,2023-08-16,https://play.tvcf.co.kr/915391,Aug_230903
beverage_alcohol,음료/기호식품,짐빔 하이볼,"하이볼, 제대로 즐길 짐빔 됐어?",2023-08-16,https://play.tvcf.co.kr/915398,Aug_230903
home_appliance,전기전자,삼성 신혼가전,"신혼가전 크기는, 알아보는게 아니라, 깔아보는겁니다.",2023-08-16,https://play.tvcf.co.kr/915378,Aug_230903
fnb,식품/제과,맥도날드 창녕 갈릭 치킨 버거,3년간 창녕농부님에게 큰 웃음 준 한국의 맛. 이번엔 치킨버거까지.,2023-08-16,https://play.tvcf.co.kr/915504,Aug_230903
education,출판/교육/문화,2023 세계육상선수권,FIGHT,2023-08-16,https://play.tvcf.co.kr/915510,Aug_230903
telecom,정보통신,골프로그,"나의 골프 로그인, 골프로그",2023-08-16,https://play.tvcf.co.kr/915584,Aug_230903
beauty,화장품,리파 하트브러시,오늘 하루도 잘 풀렸다. 하트브러쉬.,2023-08-16,https://play.tvcf.co.kr/915551,Aug_230903
public_gov,관공서/단체,세이브더칠드런,Delete the children. Save the children,2023-08-17,https://play.tvcf.co.kr/915532,Aug_230903
home_appliance,전기전자,서든어택,여기는 피지컬 지상주의 서든어택,2023-08-17,https://play.tvcf.co.kr/915511,Aug_230903
healthcare_pharma,제약/의료/복지,후시딘,"상처, 지지않아.",2023-08-17,https://play.tvcf.co.kr/915566,Aug_230903
healthcare_pharma,제약/의료/복지,NH한삼인 홍삼정스틱,"이제 대한민국은, 궁민추천 한스틱.",2023-08-17,https://play.tvcf.co.kr/915567,Aug_230903
home_living,생활/가정용품,일룸,"하나의 소파, 다양한 라이프",2023-08-17,https://play.tvcf.co.kr/915663,Aug_230903
healthcare_pharma,제약/의료/복지,비네이쳐스,아누카 사과는 아누카 리치,2023-08-17,https://play.tvcf.co.kr/915846,Aug_230903
finance,금융/보험,우리카드,탄탄한 기본기와 압도적 추가 혜택. 카드의 정석. 우리카드.,2023-08-18,https://play.tvcf.co.kr/915564,Aug_230903
finance,금융/보험,우리은행,매월 혜택 원하시오? 우리 WON하시오.,2023-08-18,https://play.tvcf.co.kr/915573,Aug_230903
automotive,자동차/정유,The new 쏘렌토,"또 한번, 메인 스트림답게",2023-08-19,https://play.tvcf.co.kr/915648,Aug_230903
telecom,정보통신,피터팬의 좋은방 구하기,피터팬 덕분에 좋은 방에 삶니다,2023-08-19,https://play.tvcf.co.kr/915653,Aug_230903
home_appliance,전기전자,청호나이스 에스프레카페,커피머신과 얼음정수기의 절묘한 만남,2023-08-19,https://play.tvcf.co.kr/915651,Aug_230903
home_living,생활/가정용품,질레트 랩스 딥 클렌징 바,면도와 각질제거를 동시에,2023-08-19,https://play.tvcf.co.kr/915649,Aug_230903
fnb,식품/제과,교촌치킨,교촌이 찾아낸 '치면'적 맛궁합,2023-08-19,https://play.tvcf.co.kr/915710,Aug_230903
beverage_alcohol,음료/기호식품,게토레이,나의 땀이 나의 위대함,2023-08-19,https://play.tvcf.co.kr/915652,Aug_230903
corporate_pr,기업PR,SK이노베이션,"이런 미래, 지금까지는 SF. 지금부터는 SK이노베이션.",2023-08-20,https://play.tvcf.co.kr/915842,Aug_230903
healthcare_pharma,제약/의료/복지,프롬바이오 관절엔 크릴오일,관절엔 크릴오일,2023-08-21,https://play.tvcf.co.kr/915820,Aug_230903
beverage_alcohol,음료/기호식품,짐빔 하이볼,간편해짐-빔하이볼,2023-08-21,https://play.tvcf.co.kr/915711,Aug_230903
healthcare_pharma,제약/의료/복지,정관장 아이패스,이것이 바로 성공을 위한 방정식,2023-08-21,https://play.tvcf.co.kr/915952,Aug_230903
education,출판/교육/문화,애드아시아 2023 서울,"READY. SET, TRANSFORM.",2023-08-21,https://play.tvcf.co.kr/915664,Aug_230903
healthcare_pharma,제약/의료/복지,아큐브,당신의 촉촉한 첫 렌즈,2023-08-21,https://play.tvcf.co.kr/915824,Aug_230903
finance,금융/보험,롯데캐피탈,당신의 일상에 행복을,2023-08-21,https://play.tvcf.co.kr/915945,Aug_230903
beauty,화장품,라보에이치,두피는 두피가 잘 안다,2023-08-21,https://play.tvcf.co.kr/915836,Aug_230903
fnb,식품/제과,청년피자,청년피자 씨푸드 콘 바스켓,2023-08-22,https://play.tvcf.co.kr/915854,Aug_230903
beverage_alcohol,음료/기호식품,짐빔 하이볼,짐~빔 짐~빔. 마시는 순간 시원해 짐-빔 하이볼,2023-08-22,https://play.tvcf.co.kr/915847,Aug_230903
beverage_alcohol,음료/기호식품,조니워커 블랙,블랙은 늘 옳으니까,2023-08-22,https://play.tvcf.co.kr/915837,Aug_230903
beauty,화장품,리파 하트브러시,찰랑거림에도 등급이 있다,2023-08-22,https://play.tvcf.co.kr/915926,Aug_230903
home_appliance,전기전자,리니지W,LV.75까지 단숨에,2023-08-22,https://play.tvcf.co.kr/916013,Aug_230903
telecom,정보통신,LG유플러스,I'm OK (아무너케),2023-08-23,https://play.tvcf.co.kr/916154,Aug_230903
beverage_alcohol,음료/기호식품,컵풀,Healthy and beauty,2023-08-23,https://play.tvcf.co.kr/916020,Aug_230903
beverage_alcohol,음료/기호식품,짐빔 하이볼,오늘 집빔? 그럼 짐빔!,2023-08-23,https://play.tvcf.co.kr/915936,Aug_230903
healthcare_pharma,제약/의료/복지,정관장,홍삼 is 사이언스,2023-08-23,https://play.tvcf.co.kr/915987,Aug_230903
fnb,식품/제과,요기요,가장 똑똑한 배달 실속배달,2023-08-23,https://play.tvcf.co.kr/916276,Aug_230903
beverage_alcohol,음료/기호식품,펩시,Great taste PEPSI,2023-08-24,https://play.tvcf.co.kr/916137,Aug_230903
healthcare_pharma,제약/의료/복지,아주약품 올키,맛있어야 애들이 먹지,2023-08-24,https://play.tvcf.co.kr/916104,Aug_230903
beauty,화장품,썸바이미,완전하게 안전하게,2023-08-24,https://play.tvcf.co.kr/916040,Aug_230903
healthcare_pharma,제약/의료/복지,센트룸 나이트케어,숙면권을 지켜주자,2023-08-24,https://play.tvcf.co.kr/916109,Aug_230903
beverage_alcohol,음료/기호식품,브루클린 필스너,깔끔하게. 상쾌하게. 브루클린을 만나다,2023-08-24,https://play.tvcf.co.kr/916124,Aug_230903
healthcare_pharma,제약/의료/복지,리스테린 토탈케어 캐비티케어 마일드,충치엔 리스테린,2023-08-24,https://play.tvcf.co.kr/916129,Aug_230903
beauty,화장품,리바이포유,넌 내 평생의 소중한 사랑이야,2023-08-24,https://play.tvcf.co.kr/916111,Aug_230903
fnb,식품/제과,롯데 꼬깔콘,바삭바삭 소리까지 맛있다,2023-08-24,https://play.tvcf.co.kr/916117,Aug_230903
healthcare_pharma,제약/의료/복지,니조랄,알유비지? 비듬과 지루성피부염을한번에,2023-08-24,https://play.tvcf.co.kr/916114,Aug_230903
healthcare_pharma,제약/의료/복지,뉴트리원라이프 비비랩,당신에겐 아름다움의 기초체력이 있나요?,2023-08-24,https://play.tvcf.co.kr/916128,Aug_230903
beauty,화장품,AHC 누드톤업크림,매일 입는 누드 광채,2023-08-24,https://play.tvcf.co.kr/916337,Aug_230903
home_living,생활/가정용품,하기스 네이처메이드,그래서 하기스 네이처메이드를 씁니다,2023-08-24,https://play.tvcf.co.kr/916245,Aug_230903
automotive,자동차/정유,The new 쏘렌토,The mainstream,2023-08-25,https://play.tvcf.co.kr/916211,Aug_230903
education,출판/교육/문화,SBS 항저우 아시안게임,다시 뜨겁게,2023-08-25,https://play.tvcf.co.kr/916217,Aug_230903
home_appliance,전기전자,LG 트롬 워시타워,Washed by Washtower,2023-08-25,https://play.tvcf.co.kr/916223,Aug_230903
finance,금융/보험,DB손해보험,"2023년 9월, 약속된 플레이가 시작됩니다.",2023-08-25,https://play.tvcf.co.kr/916150,Aug_230903
finance,금융/보험,하나손해보험,"엄마들의 보험료 고민, 어떡 '하나'?",2023-08-25,https://play.tvcf.co.kr/916112,Aug_230903
telecom,정보통신,콜 오브 드래곤즈,"끝내 이기고야 마는, k전투력",2023-08-25,https://play.tvcf.co.kr/916213,Aug_230903
finance,금융/보험,카카오뱅크,우리는 미니로 생활 중,2023-08-25,https://play.tvcf.co.kr/916377,Aug_230903
healthcare_pharma,제약/의료/복지,진짜석류 어린저분자 피쉬콜라겐 젤리스틱,싸다좋다 순수식품,2023-08-25,https://play.tvcf.co.kr/916216,Aug_230903
healthcare_pharma,제약/의료/복지,익스트림 프로바이오틱스,검색해봐 김종국 유산균,2023-08-25,https://play.tvcf.co.kr/916257,Aug_230903
healthcare_pharma,제약/의료/복지,애드마일스,이것저것 먹지말고 애드마일스,2023-08-25,https://play.tvcf.co.kr/916122,Aug_230903
healthcare_pharma,제약/의료/복지,박카스,"오랜 시간 자리를 지켜온 당신이 있기에,
지금의 대한민국이 있습니다.",2023-08-25,https://play.tvcf.co.kr/916220,Aug_230903
beauty,화장품,디올 쟈도르 로르,"Jadore, DIOR.",2023-08-25,https://play.tvcf.co.kr/916218,Aug_230903
telecom,정보통신,구글플레이,"모두의 모든 순간에, Google play",2023-08-25,https://play.tvcf.co.kr/916206,Aug_230903
education,출판/교육/문화,MBC 2022 항저우 아시안게임,함께 항저우,2023-08-26,https://play.tvcf.co.kr/916228,Aug_230903
healthcare_pharma,제약/의료/복지,판시딜,오늘부터 풍성!,2023-08-26,https://play.tvcf.co.kr/916357,Aug_230903
beverage_alcohol,음료/기호식품,HY쉼,"스트레스 긴장푸쉼, 수면케어 꿀잠자쉼",2023-08-28,https://play.tvcf.co.kr/916262,Aug_230903
beauty,화장품,CJ 올리브영,"올영세일, 새로움 가득",2023-08-28,https://play.tvcf.co.kr/916242,Aug_230903
fnb,식품/제과,쿠티크,언제 어디서든 핫플메뉴,2023-08-28,https://play.tvcf.co.kr/916372,Aug_230903
home_living,생활/가정용품,글래드 매직랩프레쓰앤씰,랩이야? 밀페용기야? Magic Wrap.,2023-08-28,https://play.tvcf.co.kr/916340,Aug_230903
fashion,패션/스포츠,에피그램,"시간이 머무는 이 곳, 보은에서",2023-08-29,https://play.tvcf.co.kr/916360,Aug_230903
beauty,화장품,아벤느 제라캄 뉴트리션,"그럴듯한 말로 포장하기보다, 진실로 건강한 피부를 만들어줍니다.",2023-08-29,https://play.tvcf.co.kr/916379,Aug_230903
automotive,자동차/정유,The 기아 레이 EV,아무리 생각해봐도 이런 전기차는 처음이죠?,2023-08-29,https://play.tvcf.co.kr/916604,Aug_230903
public_gov,관공서/단체,행정안전부,"지진, 미리 대비하고 알아두세요.",2023-08-30,https://play.tvcf.co.kr/916553,Aug_230903
home_appliance,전기전자,쿠첸 브레인,"For best grains, brain",2023-08-30,https://play.tvcf.co.kr/916559,Aug_230903
fnb,식품/제과,맥도날드,i'm lovin' it,2023-08-30,https://play.tvcf.co.kr/916556,Aug_230903
fashion,패션/스포츠,마스터바니에디션,Beyond masterpiece,2023-08-30,https://play.tvcf.co.kr/916466,Aug_230903
fnb,식품/제과,동원맛참,"이젠 바로 밥참치, 동원맛참",2023-08-30,https://play.tvcf.co.kr/916457,Aug_230903
automotive,자동차/정유,현대자동차,"Longest Run, 지구와 나의 롱런을 위해",2023-08-31,https://play.tvcf.co.kr/916592,Aug_230903
fnb,식품/제과,하남돼지집,고기맛의 국룰 세상없던 굽룰,2023-08-31,https://play.tvcf.co.kr/916584,Aug_230903
beauty,화장품,아도르,옐로할래,2023-08-31,https://play.tvcf.co.kr/916577,Aug_230903
home_appliance,전기전자,피파 온라인 4,can you score against me?,2023-08-31,https://play.tvcf.co.kr/916601,Aug_230903
education,출판/교육/문화,KBS,언제나 KBS,2023-08-31,https://play.tvcf.co.kr/916663,Aug_230903
finance,금융/보험,IBK기업은행,기업을 앞으로,2023-08-31,https://play.tvcf.co.kr/916629,Aug_230903
telecom,정보통신,잡코리아,잘 나가고 싶은 직장인들의 쉽고 빠른 이직 기술,2023-08-31,https://play.tvcf.co.kr/916859,Aug_230903
home_appliance,전기전자,경동나비엔,Good bye 유지태,2023-08-31,https://play.tvcf.co.kr/916900,Aug_230903
fashion,패션/스포츠,볼빅,이것이 우리의 Vic-picture,2023-08-31,https://play.tvcf.co.kr/916945,Aug_230903
finance,금융/보험,OK저축은행,읏~! OK 저축은행,2023-12-01,https://play.tvcf.co.kr/927306,DEC_240104
fnb,식품/제과,60계치킨 하하핫치킨,매일 새기름으로! 60마리만!,2023-12-01,https://play.tvcf.co.kr/927299,DEC_240104
finance,금융/보험,SBI저축은행,1등만 기억하는 이런 아름다운 세상,2023-12-01,https://play.tvcf.co.kr/927303,DEC_240104
retail,서비스/유통/레저,홈플러스,메리 홈플러스,2023-12-01,https://play.tvcf.co.kr/927315,DEC_240104
retail,서비스/유통/레저,현대글로비스 오토벨,"마음편한 내차팔기, 오토벨",2023-12-01,https://play.tvcf.co.kr/927232,DEC_240104
retail,서비스/유통/레저,참좋은여행,"참좋은 여행 덕분에, 우리 가족에게 다녀왔습니다",2023-12-01,https://play.tvcf.co.kr/927229,DEC_240104
education,출판/교육/문화,미래엔 초코,"아이공부, 맘만 앞설때",2023-12-01,https://play.tvcf.co.kr/927328,DEC_240104
telecom,정보통신,스윙마스터,스윙을 스윗하게,2023-12-01,https://play.tvcf.co.kr/928480,DEC_240104
education,출판/교육/문화,패스트캠퍼스,오직 패스트캠퍼스에서만,2023-12-01,https://play.tvcf.co.kr/927048,DEC_240104
home_living,생활/가정용품,일룸,생활이 창작이 되는 곳,2023-12-01,https://play.tvcf.co.kr/927248,DEC_240104
home_living,생활/가정용품,필립스,세상 모든 수염을 훔치다,2023-12-01,https://play.tvcf.co.kr/927276,DEC_240104
retail,서비스/유통/레저,야놀자,"올겨울에도 놀자, 계산적으로",2023-12-01,https://play.tvcf.co.kr/927269,DEC_240104
corporate_pr,기업PR,SK엔무브,에너지 세이빙 컴퍼니,2023-12-01,https://play.tvcf.co.kr/927253,DEC_240104
fnb,식품/제과,오뚜기 마열라면,"마지막까지 열정적으로, 마열라면",2023-12-01,https://play.tvcf.co.kr/927261,DEC_240104
home_living,생활/가정용품,데스커,너는 가능성의 연속,2023-12-01,https://play.tvcf.co.kr/927258,DEC_240104
home_appliance,전기전자,LG 퓨리케어 오브제컬렉션 하이드로타워,청정 가습의 극한까지,2023-12-01,https://play.tvcf.co.kr/927300,DEC_240104
public_gov,관공서/단체,GH경기주택도시공사,"우리는 지적합니다, 지분적립합니다",2023-12-01,https://play.tvcf.co.kr/927233,DEC_240104
corporate_pr,기업PR,DB그룹 기업PR,"사람, 그곳에 DB의 꿈이 있다",2023-12-01,https://play.tvcf.co.kr/927242,DEC_240104
home_living,생활/가정용품,하루온 팩,하루온 종일 따뜻해요,2023-12-01,https://play.tvcf.co.kr/927297,DEC_240104
beverage_alcohol,음료/기호식품,카스,우리 다 모여 진짜가 되는 시간,2023-12-01,https://play.tvcf.co.kr/927326,DEC_240104
finance,금융/보험,우리은행,우리 모두에 우리의 힘을,2023-12-01,https://play.tvcf.co.kr/927308,DEC_240104
telecom,정보통신,요기요 요기패스X,끝이 없는 무료배달 멤버십,2023-12-01,https://play.tvcf.co.kr/927234,DEC_240104
healthcare_pharma,제약/의료/복지,엘라비에 프리미어,오늘부터 히알루론산필러,2023-12-01,https://play.tvcf.co.kr/927246,DEC_240104
beauty,화장품,다이아린 트웬티케이,지친 나를 위해 자연으로 채워주는 시간,2023-12-01,https://play.tvcf.co.kr/927262,DEC_240104
public_gov,관공서/단체,국민연금,함께해요 국민연금,2023-12-01,https://play.tvcf.co.kr/927302,DEC_240104
beauty,화장품,고혼진,TIMELESS BEAUTY,2023-12-01,https://play.tvcf.co.kr/927301,DEC_240104
telecom,정보통신,넷플릭스,12월 넷플 뭐봄?,2023-12-01,https://play.tvcf.co.kr/927305,DEC_240104
healthcare_pharma,제약/의료/복지,콜라겐올로지 부스터 샷,마실수록 예뻐지는 분홍물,2023-12-01,https://play.tvcf.co.kr/927313,DEC_240104
fashion,패션/스포츠,리카타 골프,완벽한 스윙을 만드는 나만의 스타일,2023-12-01,https://play.tvcf.co.kr/927317,DEC_240104
public_gov,관공서/단체,중장년 내일센터,우리 회사에 딱 맞는 근로자를 희망하십니까?,2023-12-01,https://play.tvcf.co.kr/927320,DEC_240104
healthcare_pharma,제약/의료/복지,슬리피아,Live a better life,2023-12-01,https://play.tvcf.co.kr/927330,DEC_240104
public_gov,관공서/단체,대한간호협회,당신의 간호에 간호를 더합니다,2023-12-01,https://play.tvcf.co.kr/927318,DEC_240104
fashion,패션/스포츠,코오롱스포츠 안타티카,"겨울이 묻는다, 어디까지 마주할 수 있는가",2023-12-01,https://play.tvcf.co.kr/927292,DEC_240104
beverage_alcohol,음료/기호식품,맥널티 스테비아 커피믹스,매일 마셔도 달콤함은 그대로 설탕은 제로,2023-12-01,https://play.tvcf.co.kr/927331,DEC_240104
fnb,식품/제과,배스킨라빈스 크리스마스 케이크,"꿈같은 홀리데이, 아이스크림 케이크로부터",2023-12-01,https://play.tvcf.co.kr/927504,DEC_240104
home_living,생활/가정용품,마켓비,마켓비~  BE~ TRENDY,2023-12-01,https://play.tvcf.co.kr/927314,DEC_240104
beauty,화장품,아모레퍼시픽,"Less plastic, We are fantastic",2023-12-01,https://play.tvcf.co.kr/927661,DEC_240104
public_gov,관공서/단체,초록우산 어린이재단,돌봄으로 쓰이던 아이들의 네 시간이 온전한 내 시간이 될 수 있도록,2023-12-01,https://play.tvcf.co.kr/927925,DEC_240104
retail,서비스/유통/레저,롯데하이마트,가전라이프의 처음부터 끝까지 책임지는 롯데하이마트,2023-12-01,https://play.tvcf.co.kr/928028,DEC_240104
fnb,식품/제과,마이펫 닥터,마이펫이 닥터가 필요한 이유,2023-12-01,https://play.tvcf.co.kr/928125,DEC_240104
healthcare_pharma,제약/의료/복지,알콘,"근거리, 중간거리, 원거리도 선명하게",2023-12-01,https://play.tvcf.co.kr/929666,DEC_240104
home_living,생활/가정용품,파나소닉 람대쉬,"Play, Lamdash",2023-12-01,https://play.tvcf.co.kr/929891,DEC_240104
fashion,패션/스포츠,르무통,효철이도 이제 르무통을 신습니다,2023-12-02,https://play.tvcf.co.kr/927343,DEC_240104
healthcare_pharma,제약/의료/복지,광동 맑은365 면역보감 더 프리미엄,건강한 하루의 근본을 지키세요,2023-12-02,https://play.tvcf.co.kr/927338,DEC_240104
beauty,화장품,메리쏘드,쉽고 새로운 METHOD,2023-12-02,https://play.tvcf.co.kr/927342,DEC_240104
beauty,화장품,엑토인 7% 더마크림 울트라,"올겨울, 기적의 보습을 경험하세요",2023-12-03,https://play.tvcf.co.kr/927483,DEC_240104
public_gov,관공서/단체,경서글로텍,청소가 필요한 모든곳에,2023-12-03,https://play.tvcf.co.kr/927487,DEC_240104
public_gov,관공서/단체,한국가스공사,에너지는 save 캐시는 back,2023-12-03,https://play.tvcf.co.kr/927482,DEC_240104
telecom,정보통신,코빗,"수수료는 ZERO, 인센티브는 PLUS",2023-12-04,https://play.tvcf.co.kr/927626,DEC_240104
public_gov,관공서/단체,국민권익위원회 국민신문고,국민신문고로 크고 작은 문제해결,2023-12-04,https://play.tvcf.co.kr/927624,DEC_240104
public_gov,관공서/단체,경기도 똑타,똑똑하게 할인받는 공유자전거 요금할인 서비스,2023-12-04,https://play.tvcf.co.kr/927625,DEC_240104
fnb,식품/제과,서브웨이,신선한 리얼 랍스터 그대로 오직 써브웨이에서만,2023-12-04,https://play.tvcf.co.kr/927573,DEC_240104
public_gov,관공서/단체,서울특별시의회,서울시민 여러분의 소중한 제보와 의견을 기다리겠습니다.,2023-12-04,https://play.tvcf.co.kr/927633,DEC_240104
public_gov,관공서/단체,부산광역시교육청,아침을 깨워서 교실을 깨우다,2023-12-04,https://play.tvcf.co.kr/927488,DEC_240104
fnb,식품/제과,청년피자,지구에 없던 맛이야,2023-12-04,https://play.tvcf.co.kr/927634,DEC_240104
healthcare_pharma,제약/의료/복지,벨로테로,"내게 맞는 필러, 벨로테로",2023-12-04,https://play.tvcf.co.kr/927647,DEC_240104
home_living,생활/가정용품,다우니,향기로 이어지는 소중한 추억,2023-12-04,https://play.tvcf.co.kr/927686,DEC_240104
fashion,패션/스포츠,노스페이스 화이트라벨,멋내지 않아도 멋있게,2023-12-05,https://play.tvcf.co.kr/927649,DEC_240104
public_gov,관공서/단체,환경부,함께하는 오늘이 우리의 푸른 하늘을 만듭니다,2023-12-05,https://play.tvcf.co.kr/927695,DEC_240104
telecom,정보통신,아자르,connection is just one chat away,2023-12-05,https://play.tvcf.co.kr/927692,DEC_240104
automotive,자동차/정유,투싼,인생의 날개를 다는 순간은 반드시 찾아온다,2023-12-05,https://play.tvcf.co.kr/927725,DEC_240104
fashion,패션/스포츠,코오롱스포츠 헤스티아,이 계절은 이토록 자유롭다고,2023-12-05,https://play.tvcf.co.kr/927802,DEC_240104
public_gov,관공서/단체,연천군,"Yes, 연천!",2023-12-06,https://play.tvcf.co.kr/927911,DEC_240104
public_gov,관공서/단체,서울교통공사,"똑바로 타자, 우리 지하철",2023-12-06,https://play.tvcf.co.kr/927910,DEC_240104
beverage_alcohol,음료/기호식품,카누,커피의 세계관을 넓히다,2023-12-06,https://play.tvcf.co.kr/927800,DEC_240104
beauty,화장품,아이오페,알아보면 알아볼수록 레티놀은 아이오페,2023-12-06,https://play.tvcf.co.kr/927828,DEC_240104
construction_realestate,아파트/건설,KCC 페인트,라이프를 칠하다,2023-12-06,https://play.tvcf.co.kr/928513,DEC_240104
beauty,화장품,달바,더블로 완성되는 단 하나의 크림,2023-12-07,https://play.tvcf.co.kr/927929,DEC_240104
public_gov,관공서/단체,인천광역시,"all ways 인천, 모든길은 인천으로 통한다",2023-12-07,https://play.tvcf.co.kr/927997,DEC_240104
home_living,생활/가정용품,인디고,인생 반려견을 위한 디테일한 고민의 시작,2023-12-07,https://play.tvcf.co.kr/927992,DEC_240104
telecom,정보통신,포켓몬고,유형은 달라도 즐거움은 하나,2023-12-07,https://play.tvcf.co.kr/928019,DEC_240104
beverage_alcohol,음료/기호식품,카누 바리스타,"겨울을 깊이있게, 카누답게",2023-12-07,https://play.tvcf.co.kr/928021,DEC_240104
public_gov,관공서/단체,유니세프,우리는 유니세프 팀입니다,2023-12-07,https://play.tvcf.co.kr/928020,DEC_240104
fnb,식품/제과,농심 배홍동 비빔면,비벼! 비벼! 비벼! 배홍동 비빔면,2023-12-07,https://play.tvcf.co.kr/928022,DEC_240104
beverage_alcohol,음료/기호식품,동서 한잔용 옥수수차,물보다 구수한 한잔,2023-12-07,https://play.tvcf.co.kr/928286,DEC_240104
fnb,식품/제과,자담치킨 맵슐랭 콤보&피자,"권은비, 매워서 이러는거임",2023-12-08,https://play.tvcf.co.kr/928015,DEC_240104
finance,금융/보험,IBK기업은행,I거나 B거나 K거나,2023-12-08,https://play.tvcf.co.kr/928118,DEC_240104
healthcare_pharma,제약/의료/복지,누가베스트 N모션,척추엔 엔모션,2023-12-08,https://play.tvcf.co.kr/928120,DEC_240104
public_gov,관공서/단체,국민체육진흥공단,스포츠를 넘어 문화까지 올림픽 공원에서 모두 누리세요.,2023-12-08,https://play.tvcf.co.kr/928123,DEC_240104
public_gov,관공서/단체,고용노동부 2024 최저임금,"약속이 있으니까, 약속을 지키니까",2023-12-08,https://play.tvcf.co.kr/928126,DEC_240104
automotive,자동차/정유,캐딜락 에스컬레이드,GLAM YOUR SUCCESS,2023-12-08,https://play.tvcf.co.kr/928128,DEC_240104
telecom,정보통신,삼성 갤럭시 S23 FE,FE IS COMING,2023-12-08,https://play.tvcf.co.kr/928140,DEC_240104
home_living,생활/가정용품,롱스핀,깔끔한 입안습관,2023-12-08,https://play.tvcf.co.kr/928553,DEC_240104
public_gov,관공서/단체,보건복지부,우리 집에 돌봄이 온다,2023-12-09,https://play.tvcf.co.kr/928138,DEC_240104
finance,금융/보험,NH농협은행 올원뱅크,금융세상을 키우는 올원적 대답,2023-12-09,https://play.tvcf.co.kr/928117,DEC_240104
home_appliance,전기전자,바디프랜드 팔콘,공간엔 COMPACT 건강엔 PERPECT,2023-12-09,https://play.tvcf.co.kr/928134,DEC_240104
fashion,패션/스포츠,롤렉스,변함없는 탁월함,2023-12-10,https://play.tvcf.co.kr/928164,DEC_240104
public_gov,관공서/단체,바보의나눔,바보가 좋다 나눔이 좋다,2023-12-10,https://play.tvcf.co.kr/929039,DEC_240104
healthcare_pharma,제약/의료/복지,클로좀,피부가 좋으면 사람이 달라보인다,2023-12-11,https://play.tvcf.co.kr/928290,DEC_240104
education,출판/교육/문화,스파르타코딩클럽,"훈민코딩, 누구나 코드를 읽고 쓸 수 있도록",2023-12-11,https://play.tvcf.co.kr/928201,DEC_240104
beauty,화장품,한율,피부 10층까지 1초컷 신속배달,2023-12-11,https://play.tvcf.co.kr/928803,DEC_240104
beauty,화장품,아이오페 레티놀 슈퍼 바운스 세럼,알아볼수록 레티놀은 아이오페,2023-12-11,https://play.tvcf.co.kr/928234,DEC_240104
public_gov,관공서/단체,서울특별시교육청,우리가 지킨다,2023-12-11,https://play.tvcf.co.kr/928227,DEC_240104
public_gov,관공서/단체,한국장애인고용공단,우린 함께 일할 준비가 되어있어,2023-12-11,https://play.tvcf.co.kr/928243,DEC_240104
fnb,식품/제과,프랭크버거,맛이 또 미쳤네?,2023-12-11,https://play.tvcf.co.kr/928329,DEC_240104
healthcare_pharma,제약/의료/복지,콴첼,관절엔 콴첼,2023-12-11,https://play.tvcf.co.kr/928442,DEC_240104
home_living,생활/가정용품,뭄뭄실내화,뭄뭄과 소니로 달라진 집의 능력,2023-12-11,https://play.tvcf.co.kr/928784,DEC_240104
telecom,정보통신,헤이딜러,커서 훌륭한 중고차가 되려무나!,2023-12-11,https://play.tvcf.co.kr/929029,DEC_240104
public_gov,관공서/단체,산림청,"나무, 나무랄 데 없다",2023-12-12,https://play.tvcf.co.kr/928280,DEC_240104
finance,금융/보험,라이나생명보험 더간편한 메디칼 간병보험,드라마가 아닌 현실입니다,2023-12-12,https://play.tvcf.co.kr/928419,DEC_240104
beauty,화장품,올리오,PICK & UP!,2023-12-12,https://play.tvcf.co.kr/928274,DEC_240104
education,출판/교육/문화,일회용품 줄이기 캠페인,여러분도 함께 해주실거죠?,2023-12-12,https://play.tvcf.co.kr/928425,DEC_240104
beauty,화장품,마몽드,"틔워, 너만의 아름다움을",2023-12-12,https://play.tvcf.co.kr/928268,DEC_240104
fnb,식품/제과,풀무원 지구식단,이효리는 풀무원 지구식단합니다.,2023-12-12,https://play.tvcf.co.kr/928266,DEC_240104
education,출판/교육/문화,제로베이스,한방에 취업 뽀갰다,2023-12-12,https://play.tvcf.co.kr/928443,DEC_240104
home_appliance,전기전자,메디큐브,이것이 뷰티기기의 미래,2023-12-12,https://play.tvcf.co.kr/928291,DEC_240104
automotive,자동차/정유,토요타 프리우스,하이브리드의 새로운 미래를 완성하다,2023-12-13,https://play.tvcf.co.kr/928450,DEC_240104
finance,금융/보험,토스뱅크,일하는 누구나 토스뱅크에서 안전하게,2023-12-13,https://play.tvcf.co.kr/928431,DEC_240104
public_gov,관공서/단체,가정위탁제도,가정위탁제도로 더 큰 행복을 만나보세요,2023-12-13,https://play.tvcf.co.kr/928475,DEC_240104
education,출판/교육/문화,메가스터디 엠베스트,중등인강 1위 Mbest,2023-12-13,https://play.tvcf.co.kr/928505,DEC_240104
education,출판/교육/문화,비상교육 온리원,시험이 끝났다면 이제 까먹을 차례입니다,2023-12-14,https://play.tvcf.co.kr/928508,DEC_240104
finance,금융/보험,앨리스,모험말고 보험하자,2023-12-14,https://play.tvcf.co.kr/928481,DEC_240104
education,출판/교육/문화,SBS,HAPPY HOLIDAYS!,2023-12-14,https://play.tvcf.co.kr/928490,DEC_240104
beverage_alcohol,음료/기호식품,테라,이 맛이 청정라거다!,2023-12-14,https://play.tvcf.co.kr/928489,DEC_240104
beverage_alcohol,음료/기호식품,효민사와,상큼하게 효민사와,2023-12-14,https://play.tvcf.co.kr/928495,DEC_240104
home_appliance,전기전자,세븐나이츠키우기,핸즈프리 RPG 세븐나이츠 키우기,2023-12-14,https://play.tvcf.co.kr/928690,DEC_240104
telecom,정보통신,아이폰 15플러스,오오오오오오래가는 배터리,2023-12-15,https://play.tvcf.co.kr/928558,DEC_240104
fnb,식품/제과,7번가피자,도우가 맛있어야 진짜다,2023-12-15,https://play.tvcf.co.kr/928514,DEC_240104
beverage_alcohol,음료/기호식품,비타카페,마시면 끝,2023-12-15,https://play.tvcf.co.kr/928568,DEC_240104
public_gov,관공서/단체,금연캠페인,흡연은 도움이 필요한 질병입니다,2023-12-15,https://play.tvcf.co.kr/928499,DEC_240104
public_gov,관공서/단체,한컴,"함께 크는 AI, 한컴",2023-12-15,https://play.tvcf.co.kr/928459,DEC_240104
automotive,자동차/정유,폭스바겐 더 골프,유행은 변하지만 오리지널리티는 문화가 된다,2023-12-15,https://play.tvcf.co.kr/928516,DEC_240104
beverage_alcohol,음료/기호식품,몽베스트 블랜딩하우스,나에게 주는 선물같은 시간,2023-12-15,https://play.tvcf.co.kr/928557,DEC_240104
public_gov,관공서/단체,공익광고협의회,"늘, 꼭, 또",2023-12-15,https://play.tvcf.co.kr/928563,DEC_240104
education,출판/교육/문화,메가스터디 엠베스트,"Truly T, 조정식",2023-12-15,https://play.tvcf.co.kr/928688,DEC_240104
finance,금융/보험,삼성화재 다이렉트 자동차보험,착한 사람 모두 든든하게 지켜주마,2023-12-15,https://play.tvcf.co.kr/928940,DEC_240104
home_appliance,전기전자,청호나이스,러블리한 일상의 시작,2023-12-15,https://play.tvcf.co.kr/929144,DEC_240104
beverage_alcohol,음료/기호식품,맥심카누,카누가 정의하는 프리미엄 원두 커피의 새로운 기준,2023-12-15,https://play.tvcf.co.kr/929866,DEC_240104
finance,금융/보험,SBI저축은행,1등이 1등을 응원합니다,2023-12-16,https://play.tvcf.co.kr/928658,DEC_240104
telecom,정보통신,카카오모빌리티,편리한 이동이 가치있는 순간으로,2023-12-16,https://play.tvcf.co.kr/928606,DEC_240104
public_gov,관공서/단체,국민체육진흥공단,K만의 창의적 플레이,2023-12-16,https://play.tvcf.co.kr/928656,DEC_240104
beauty,화장품,웰라 니오신,한국에서도 NIOXIN,2023-12-16,https://play.tvcf.co.kr/928659,DEC_240104
healthcare_pharma,제약/의료/복지,라이필 관절에쎈크릴,"100세 시대, 마음껏 움직이는 건 몇살까지?",2023-12-18,https://play.tvcf.co.kr/928758,DEC_240104
home_appliance,전기전자,휴롬,"휴롬과 효리, 건강한 만남의 시작",2023-12-18,https://play.tvcf.co.kr/928723,DEC_240104
retail,서비스/유통/레저,인스파이어,엔터테인먼트 리조트의 새로운 기준,2023-12-18,https://play.tvcf.co.kr/928766,DEC_240104
public_gov,관공서/단체,고용노동부 건설올패스카드,건설올패스 카드가 건설근로자와 함께합니다,2023-12-18,https://play.tvcf.co.kr/928763,DEC_240104
finance,금융/보험,신한금융그룹,SUPER SOL에서 뵙겠습니다.,2023-12-18,https://play.tvcf.co.kr/928760,DEC_240104
finance,금융/보험,삼성증권 S.Lounge,바로알림 S.Lounge,2023-12-19,https://play.tvcf.co.kr/928817,DEC_240104
finance,금융/보험,삼성증권 S.Lounge,바로상담 S.Lounge,2023-12-19,https://play.tvcf.co.kr/928828,DEC_240104
healthcare_pharma,제약/의료/복지,그레인온 골드카무트효소,효소하자,2023-12-19,https://play.tvcf.co.kr/928898,DEC_240104
education,출판/교육/문화,링글 잉글리시 에듀케이션 서비스,링글할 걸 후회말고,2023-12-19,https://play.tvcf.co.kr/929034,DEC_240104
healthcare_pharma,제약/의료/복지,메이킨Q,"유쾌, 상쾌, 통쾌! 변비엔 메이킨",2023-12-20,https://play.tvcf.co.kr/928944,DEC_240104
fnb,식품/제과,롯데껌,입안에서 퍼지는 낭만 속으로,2023-12-20,https://play.tvcf.co.kr/928916,DEC_240104
retail,서비스/유통/레저,이마트,작정하고 준비한 작심세일,2023-12-20,https://play.tvcf.co.kr/928942,DEC_240104
fashion,패션/스포츠,블로우코리아,Blow passion for your trend,2023-12-20,https://play.tvcf.co.kr/928881,DEC_240104
public_gov,관공서/단체,울산광역시 울주군,"느긋하게, 당연하게",2023-12-20,https://play.tvcf.co.kr/928945,DEC_240104
healthcare_pharma,제약/의료/복지,뉴트리코어 X Dr 블루션 블러딕스,올인원 케어의 시작,2023-12-20,https://play.tvcf.co.kr/928946,DEC_240104
public_gov,관공서/단체,환경부 빈용기보증금제도,반환이 전부인 드라마,2023-12-20,https://play.tvcf.co.kr/928956,DEC_240104
healthcare_pharma,제약/의료/복지,셀티아이,응 가!,2023-12-20,https://play.tvcf.co.kr/929019,DEC_240104
telecom,정보통신,SK텔레콤 에이닷,요약하면 더 잘 보이는 것들이 있습니다,2023-12-21,https://play.tvcf.co.kr/929020,DEC_240104
public_gov,관공서/단체,대한적십자사,생명을 살리는 일에 적십자가 가지 못할 길은 없다,2023-12-21,https://play.tvcf.co.kr/929146,DEC_240104
fnb,식품/제과,롯데리아,"땡스버거, 롯데리아에서 지금 만나요",2023-12-21,https://play.tvcf.co.kr/929014,DEC_240104
retail,서비스/유통/레저,코웨이 비렉스 안마베드,기억하세요. 이제 안마는 코웨이 비렉스.,2023-12-21,https://play.tvcf.co.kr/929043,DEC_240104
fnb,식품/제과,대숲맑은 담양딸기,딸기의 명품,2023-12-21,https://play.tvcf.co.kr/929040,DEC_240104
corporate_pr,기업PR,케이삼흥,당신의 내일을 위한 새로운 대안,2023-12-21,https://play.tvcf.co.kr/929124,DEC_240104
construction_realestate,아파트/건설,로열파크씨티 푸르지오,대한민국 리조트도시 시즌2,2023-12-21,https://play.tvcf.co.kr/929154,DEC_240104
retail,서비스/유통/레저,꽃집청년들,"T도 F가 된다, Flower 앞에선",2023-12-21,https://play.tvcf.co.kr/929044,DEC_240104
healthcare_pharma,제약/의료/복지,웰릿 이뮨베라,"면역, 맛있게 쌓는 시대",2023-12-22,https://play.tvcf.co.kr/929049,DEC_240104
education,출판/교육/문화,말해보카,그냥 말해보카,2023-12-22,https://play.tvcf.co.kr/929184,DEC_240104
fnb,식품/제과,사조프리미엄참치,참치 맛이 다 똑같다고? 맛 좀 볼래?,2023-12-22,https://play.tvcf.co.kr/929148,DEC_240104
automotive,자동차/정유,BMW i,Keep the vibe,2023-12-22,https://play.tvcf.co.kr/929105,DEC_240104
home_appliance,전기전자,삼성 갤럭시 북4,Power of Touch,2023-12-22,https://play.tvcf.co.kr/929185,DEC_240104
fnb,식품/제과,귀한족발,"충족, 흡족, 환상의 귀족",2023-12-22,https://play.tvcf.co.kr/929186,DEC_240104
fnb,식품/제과,가나 프리미엄,"가나, 디저트에 깊이를 더하다",2023-12-22,https://play.tvcf.co.kr/929183,DEC_240104
home_appliance,전기전자,듀얼소닉,깊이의 차이가 탄력의 차이,2023-12-23,https://play.tvcf.co.kr/929196,DEC_240104
retail,서비스/유통/레저,홈플러스,세상 모든 맛을 집에서,2023-12-23,https://play.tvcf.co.kr/929194,DEC_240104
public_gov,관공서/단체,사랑의 열매,"기부로 나를 가치있게, 기부로 세상을 가치있게",2023-12-23,https://play.tvcf.co.kr/929191,DEC_240104
public_gov,관공서/단체,고용노동부,우리의 내일을 위해,2023-12-23,https://play.tvcf.co.kr/929192,DEC_240104
fnb,식품/제과,노랑통닭,"2024년 1월, 치밍순",2023-12-23,https://play.tvcf.co.kr/929166,DEC_240104
finance,금융/보험,신한카드,신한카드가 ONE 하는 이유,2023-12-24,https://play.tvcf.co.kr/929326,DEC_240104
education,출판/교육/문화,스픽,스픽에서 틀려야 현실에서 트인다,2023-12-25,https://play.tvcf.co.kr/929305,DEC_240104
fnb,식품/제과,맥도날드 행운버거,"세상 가장 맛있는 기부, 행운 버거와 함께하세요!",2023-12-25,https://play.tvcf.co.kr/929317,DEC_240104
home_appliance,전기전자,휴롬,"날것, 날 건강하게 해주는 것",2023-12-26,https://play.tvcf.co.kr/929697,DEC_240104
fnb,식품/제과,버거킹 콰트로 치즈 큐브 스테이크 와퍼,고기 한 번 콰트로지게 먹어보자,2023-12-26,https://play.tvcf.co.kr/929700,DEC_240104
healthcare_pharma,제약/의료/복지,뼈엔MBP,약해진 뼈를 단단하게,2023-12-26,https://play.tvcf.co.kr/929327,DEC_240104
home_appliance,전기전자,LG 퓨리케어 오브제컬렉션 정수기,물을 다루는 빛나는 능력,2023-12-27,https://play.tvcf.co.kr/929858,DEC_240104
home_appliance,전기전자,서든어택,"엄마, 아빠 미안해",2023-12-28,https://play.tvcf.co.kr/929854,DEC_240104
public_gov,관공서/단체,월드비전 자립마을,자립마을 반상회,2023-12-28,https://play.tvcf.co.kr/929861,DEC_240104
education,출판/교육/문화,비상교육 온리원,여러분 모두 오래 기억될 자격이 있어요,2023-12-28,https://play.tvcf.co.kr/929855,DEC_240104
beverage_alcohol,음료/기호식품,제로투,제대로 제로당,2023-12-29,https://play.tvcf.co.kr/929950,DEC_240104
beauty,화장품,알펜무어 모공팩,알펜무어 놀랍도록,2023-12-29,https://play.tvcf.co.kr/929883,DEC_240104
public_gov,관공서/단체,디지털 성범죄 근절 캠페인,법은 피해자는 보호하지만 가해자는 반드시 처벌합니다,2023-12-29,https://play.tvcf.co.kr/929949,DEC_240104
fnb,식품/제과,츄파춥스,"Forever fun, 츄파춥스",2023-12-29,https://play.tvcf.co.kr/930000,DEC_240104
telecom,정보통신,SBS 지식플랫폼 스프,"당신의 궁금증, 지식비서 스프에서 확인하세요",2023-12-30,https://play.tvcf.co.kr/929958,DEC_240104
home_appliance,전기전자,삼성전자 세일 페스타,모두가. 이날을. 기다려 삼.세페,2023-12-30,https://play.tvcf.co.kr/929885,DEC_240104
public_gov,관공서/단체,대한민국정부,약자의 삶에 복지의 힘을,2023-12-30,https://play.tvcf.co.kr/929954,DEC_240104
corporate_pr,기업PR,현대자동차,Happy New You,2023-12-31,https://play.tvcf.co.kr/929965,DEC_240104
beverage_alcohol,음료/기호식품,코카콜라 제로,맛있는 걸 선택해! 코카콜라 제로!,2023-12-31,https://play.tvcf.co.kr/929847,DEC_240104
automotive,자동차/정유,포르쉐 타이칸,지금 당신을 전율시키는 단 하나,2023-12-31,https://play.tvcf.co.kr/929963,DEC_240104
finance,금융/보험,우리금융그룹,우리곁엔 우리가 있다,2023-12-31,https://play.tvcf.co.kr/929962,DEC_240104
education,출판/교육/문화,구몬학습,풀이 깊은 진짜 공부,2024-02-01,https://play.tvcf.co.kr/933464,Feb_240304
public_gov,관공서/단체,노란우산,노란우산 쓰세요,2024-02-01,https://play.tvcf.co.kr/933350,Feb_240304
beverage_alcohol,음료/기호식품,코카콜라 제로 레몬,맛있는 걸 선택해!,2024-02-01,https://play.tvcf.co.kr/933620,Feb_240304
fnb,식품/제과,포테토칩 먹태청양마요맛,먹태는 농심,2024-02-01,https://play.tvcf.co.kr/933791,Feb_240304
automotive,자동차/정유,LS트랙터,당신의 오늘이 더욱 여유로워집니다,2024-02-01,https://play.tvcf.co.kr/933847,Feb_240304
fnb,식품/제과,프랭크버거,버거다운 버거,2024-02-01,https://play.tvcf.co.kr/933787,Feb_240304
home_appliance,전기전자,청호나이스,물보다 소중한 건 없으니까요,2024-02-01,https://play.tvcf.co.kr/933854,Feb_240304
home_living,생활/가정용품,자코모,변함없는 1등소파,2024-02-01,https://play.tvcf.co.kr/933861,Feb_240304
telecom,정보통신,아이폰,톡톡하면 찰칵,2024-02-01,https://play.tvcf.co.kr/933857,Feb_240304
home_appliance,전기전자,샤크 클린 센스 아이큐,미국 No.1 청소기브랜드,2024-02-01,https://play.tvcf.co.kr/933623,Feb_240304
automotive,자동차/정유,메르세데스 벤츠 E-CLASS,당신을 위해 세상의 기준을 완전히 넘어서야 했다,2024-02-01,https://play.tvcf.co.kr/933622,Feb_240304
telecom,정보통신,넷플릭스,"2월, 넷플 뭐봄?",2024-02-01,https://play.tvcf.co.kr/933619,Feb_240304
healthcare_pharma,제약/의료/복지,고려은단 멀티비타민 올인원,대한민국 1등 멀티비타민,2024-02-01,https://play.tvcf.co.kr/933851,Feb_240304
home_appliance,전기전자,코지마 코지스트레칭,"피로회복전담코칭, 코지스트레칭",2024-02-01,https://play.tvcf.co.kr/933856,Feb_240304
healthcare_pharma,제약/의료/복지,혈행건강 프로메가,대한민국 혈행건강에 책임을 다하다,2024-02-01,https://play.tvcf.co.kr/933855,Feb_240304
beauty,화장품,센카 퍼펙트 휩,츄랑 피카츄랑 센카,2024-02-01,https://play.tvcf.co.kr/934224,Feb_240304
healthcare_pharma,제약/의료/복지,선당원,혈당건강에 진심,2024-02-01,https://play.tvcf.co.kr/934466,Feb_240304
healthcare_pharma,제약/의료/복지,리맨파워,힘들었던 갱년기 다시 찾은 전성기,2024-02-01,https://play.tvcf.co.kr/934458,Feb_240304
education,출판/교육/문화,2024 MBC 드라마 극본공모,두드리면 기회가 열린다,2024-02-01,https://play.tvcf.co.kr/934070,Feb_240304
automotive,자동차/정유,HD현대오일뱅크,"Energy, what inspires us",2024-02-01,https://play.tvcf.co.kr/934581,Feb_240304
telecom,정보통신,넷플릭스,다음이 더 기대되는 넷플릭스,2024-02-01,https://play.tvcf.co.kr/933858,Feb_240304
telecom,정보통신,삼성전자,suit it up. What's your pick?,2024-02-01,https://play.tvcf.co.kr/934920,Feb_240304
automotive,자동차/정유,HD현대오일뱅크,"From here, Energy begins",2024-02-01,https://play.tvcf.co.kr/935042,Feb_240304
home_appliance,전기전자,SK매직 초소형 직수 정수기,세상이 인정한 초소형 직수 정수기,2024-02-01,https://play.tvcf.co.kr/936808,Feb_240304
home_appliance,전기전자,아이폰 15 플러스,"괜찮아요, iPhon 15 Plus니까",2024-02-02,https://play.tvcf.co.kr/934071,Feb_240304
corporate_pr,기업PR,현대자동차그룹,"출발합니다, 기프트카 하트비트",2024-02-02,https://play.tvcf.co.kr/933954,Feb_240304
finance,금융/보험,ABL생명,It’s gonna be A Better Life,2024-02-03,https://play.tvcf.co.kr/934069,Feb_240304
retail,서비스/유통/레저,롯데 RE:FRESH,더 맛있는 한우에 100% 진심,2024-02-03,https://play.tvcf.co.kr/934269,Feb_240304
healthcare_pharma,제약/의료/복지,모션필로우,매일밤 코를 곤다면 모션필로우를 만나보세요,2024-02-03,https://play.tvcf.co.kr/934227,Feb_240304
home_appliance,전기전자,웰스 에어가든 공기청정기,웰스는 생활에 집중,2024-02-04,https://play.tvcf.co.kr/934639,Feb_240304
fnb,식품/제과,프레드피자,두판에 들어갈 토핑 한판에,2024-02-05,https://play.tvcf.co.kr/934299,Feb_240304
fnb,식품/제과,청정원 호밍스,찐평양식 슴슴맛이 미쳤슴슴,2024-02-05,https://play.tvcf.co.kr/934548,Feb_240304
fnb,식품/제과,써브웨이,하나하나 고르지 않아도 한마디로 쉽고 빠른 주문,2024-02-05,https://play.tvcf.co.kr/934289,Feb_240304
telecom,정보통신,삼성 갤럭시 S24,누구 말에도 절대 갇히지 말아요,2024-02-05,https://play.tvcf.co.kr/934277,Feb_240304
telecom,정보통신,KT 갤럭시 S24,KT 삼성 초이스로 스마트디바이스까지 한번에,2024-02-05,https://play.tvcf.co.kr/934621,Feb_240304
beauty,화장품,닥터포헤어,두피가 우리의 필드다,2024-02-05,https://play.tvcf.co.kr/934630,Feb_240304
telecom,정보통신,붕괴 스타레일,꿈 속으로 체크인 하세요,2024-02-06,https://play.tvcf.co.kr/934562,Feb_240304
beauty,화장품,아비브,비워서 채운 완벽함,2024-02-07,https://play.tvcf.co.kr/934560,Feb_240304
healthcare_pharma,제약/의료/복지,활명수,부채표가 없는 것은 활명수가 아닙니다,2024-02-07,https://play.tvcf.co.kr/934499,Feb_240304
education,출판/교육/문화,KBS 파리 2024 올림픽,7월의 파리를 물들일 KOREA,2024-02-07,https://play.tvcf.co.kr/934597,Feb_240304
beverage_alcohol,음료/기호식품,츄하이 리치&피치,과즙이 츄릅,2024-02-07,https://play.tvcf.co.kr/934615,Feb_240304
automotive,자동차/정유,워터,커넥터만 연결하면 자동으로 충전 시작,2024-02-07,https://play.tvcf.co.kr/934633,Feb_240304
home_appliance,전기전자,삼성디스플레이,THIS IS NOT THE END,2024-02-07,https://play.tvcf.co.kr/934778,Feb_240304
beauty,화장품,유세린,경험하세요 1위의 차이,2024-02-07,https://play.tvcf.co.kr/935191,Feb_240304
beverage_alcohol,음료/기호식품,크러시,지금 가장 쿨한 4세대 맥주,2024-02-08,https://play.tvcf.co.kr/934640,Feb_240304
fashion,패션/스포츠,브리지스톤골프,역사로 기억될 9번째 도약,2024-02-08,https://play.tvcf.co.kr/934632,Feb_240304
automotive,자동차/정유,KG모빌리티,Korea Great Mobility를 향해,2024-02-08,https://play.tvcf.co.kr/934723,Feb_240304
beverage_alcohol,음료/기호식품,펩시,Something new is coming soon,2024-02-08,https://play.tvcf.co.kr/934724,Feb_240304
fashion,패션/스포츠,스케쳐스 슬립인스,편안함은 힘이 세다,2024-02-08,https://play.tvcf.co.kr/934726,Feb_240304
fnb,식품/제과,명륜진사갈비,역시 최고는 달라!,2024-02-08,https://play.tvcf.co.kr/934729,Feb_240304
automotive,자동차/정유,불스원샷,독일은 독하다 미국은 미쳤다,2024-02-08,https://play.tvcf.co.kr/934629,Feb_240304
home_appliance,전기전자,삼성 SSD 990 EVO,Upgrade everyday performance,2024-02-08,https://play.tvcf.co.kr/934787,Feb_240304
home_appliance,전기전자,버섯커키우기,새해선물 쏟아진다,2024-02-08,https://play.tvcf.co.kr/934780,Feb_240304
home_appliance,전기전자,LG 스타일러 오브제컬렉션,모든 것이 새로워진 전지적 ALL NEW STYLER의 탄생,2024-02-08,https://play.tvcf.co.kr/934850,Feb_240304
healthcare_pharma,제약/의료/복지,테라플루,효과 빠른 감기약,2024-02-09,https://play.tvcf.co.kr/934733,Feb_240304
finance,금융/보험,신한카드,"이 카드는 새로운 마음가짐, 마음 껏 가짐",2024-02-09,https://play.tvcf.co.kr/935041,Feb_240304
home_appliance,전기전자,코웨이 비렉스 페블체어,프리미엄 안마에 디자인을 더하다,2024-02-10,https://play.tvcf.co.kr/934749,Feb_240304
telecom,정보통신,삼성 갤럭시 S24 울트라,애쓰지 않아도. 짜릿하게. 알아서,2024-02-12,https://play.tvcf.co.kr/934761,Feb_240304
beauty,화장품,아이오페 슈퍼바이탈 크림,"저력있는 피부, 빛나는 자신감",2024-02-12,https://play.tvcf.co.kr/934900,Feb_240304
fashion,패션/스포츠,보리보리,지금 이 순간에도 보리보리와 함께 자랍니다,2024-02-12,https://play.tvcf.co.kr/937263,Feb_240304
beauty,화장품,에스트라,어때? 믿고 쓸 수 있겠지?,2024-02-13,https://play.tvcf.co.kr/936451,Feb_240304
retail,서비스/유통/레저,신세계면세점,Play with us,2024-02-13,https://play.tvcf.co.kr/934897,Feb_240304
fnb,식품/제과,농심신라면,우리에겐 신라면이 있다,2024-02-13,https://play.tvcf.co.kr/934784,Feb_240304
retail,서비스/유통/레저,롯데면세점,공항보다 더 큰 롯데면세권에 산다,2024-02-14,https://play.tvcf.co.kr/934866,Feb_240304
public_gov,관공서/단체,공익광고협의회,아… 이러니 아이를 키우나봅니다,2024-02-14,https://play.tvcf.co.kr/934764,Feb_240304
home_appliance,전기전자,삼성디스플레이 QD-OLED,Journey Beyond Impossible,2024-02-14,https://play.tvcf.co.kr/935311,Feb_240304
fnb,식품/제과,투썸플레이스,생딸기 요거트 생크림 바스켓,2024-02-14,https://play.tvcf.co.kr/935371,Feb_240304
telecom,정보통신,삼성 갤럭시 S24,Treasure of the Earth,2024-02-14,https://play.tvcf.co.kr/935402,Feb_240304
healthcare_pharma,제약/의료/복지,MSD,우리를 지킬 인생샷,2024-02-15,https://play.tvcf.co.kr/935333,Feb_240304
beverage_alcohol,음료/기호식품,트레비 토닉워터,세상의 모든 술이 다시 태어나다,2024-02-15,https://play.tvcf.co.kr/935193,Feb_240304
fashion,패션/스포츠,블랙야크,"바람 속으로 들어가는 순간, 벅차오르다",2024-02-15,https://play.tvcf.co.kr/935268,Feb_240304
healthcare_pharma,제약/의료/복지,얼라이브,이런 구미 처음이죠?,2024-02-15,https://play.tvcf.co.kr/935374,Feb_240304
home_appliance,전기전자,리니지W,연합의 명예를 건 위대한 선포,2024-02-15,https://play.tvcf.co.kr/935372,Feb_240304
beverage_alcohol,음료/기호식품,펩시,마지막 한 조각까지 더 맛있게,2024-02-15,https://play.tvcf.co.kr/936796,Feb_240304
retail,서비스/유통/레저,이마트,알지만 몰랐던 이곳,2024-02-16,https://play.tvcf.co.kr/936087,Feb_240304
finance,금융/보험,AXA 손해보험,"난 AXA, 넌 어느쪽?",2024-02-16,https://play.tvcf.co.kr/935336,Feb_240304
home_living,생활/가정용품,에이스침대,침대는 왜 과학일까?,2024-02-16,https://play.tvcf.co.kr/935381,Feb_240304
fashion,패션/스포츠,엑시움,탁구는 러버다,2024-02-16,https://play.tvcf.co.kr/935338,Feb_240304
public_gov,관공서/단체,산림청,당신의 변화보다 더 빠른 진화는 없습니다,2024-02-16,https://play.tvcf.co.kr/935335,Feb_240304
fashion,패션/스포츠,디스커버리 익스페디션,세상은 즐거움으로 가득하다,2024-02-16,https://play.tvcf.co.kr/935353,Feb_240304
public_gov,관공서/단체,한국관광공사,Imagine your korea,2024-02-16,https://play.tvcf.co.kr/935388,Feb_240304
home_appliance,전기전자,알마코리아,To 美 Continued,2024-02-16,https://play.tvcf.co.kr/935394,Feb_240304
home_appliance,전기전자,LG전자,아끼는 내 옷 아끼는 습관,2024-02-16,https://play.tvcf.co.kr/935421,Feb_240304
fnb,식품/제과,도미노피자,오늘도 도미노인 이유,2024-02-16,https://play.tvcf.co.kr/935541,Feb_240304
home_appliance,전기전자,알마코리아,"늘 오늘처럼, 아름다운 루틴 OPUS",2024-02-16,https://play.tvcf.co.kr/935393,Feb_240304
home_appliance,전기전자,알마코리아,"나답게, 강렬하게",2024-02-16,https://play.tvcf.co.kr/935394,Feb_240304
home_living,생활/가정용품,스너글 캡슐세제,포근하게 와닿는 깨끗함,2024-02-16,https://play.tvcf.co.kr/937183,Feb_240304
healthcare_pharma,제약/의료/복지,카리토포텐,야뇨 잔뇨 빈뇨엔 카리토포텐,2024-02-17,https://play.tvcf.co.kr/935343,Feb_240304
home_appliance,전기전자,바디프랜드,Healthcare Robot bodyfreind,2024-02-17,https://play.tvcf.co.kr/935344,Feb_240304
telecom,정보통신,삼성 갤럭시 S24,Which color fits you?,2024-02-17,https://play.tvcf.co.kr/935376,Feb_240304
telecom,정보통신,삼성 갤럭시 S24,What's your titanium color?,2024-02-17,https://play.tvcf.co.kr/935377,Feb_240304
home_living,생활/가정용품,폴리몰리,소파에 없던 자유,2024-02-19,https://play.tvcf.co.kr/935715,Feb_240304
finance,금융/보험,삼성증권,청량한 수수료로 미국주식을 짜릿하게,2024-02-19,https://play.tvcf.co.kr/935414,Feb_240304
fnb,식품/제과,버거킹,통크게 늘어나는 통모짜 패티,2024-02-19,https://play.tvcf.co.kr/935367,Feb_240304
home_appliance,전기전자,캐리어,공조의 기술로 공존의 미래를,2024-02-19,https://play.tvcf.co.kr/935512,Feb_240304
finance,금융/보험,라이나생명보험 골라담는 간편건강보험,노후대비는 지금부터!,2024-02-19,https://play.tvcf.co.kr/935508,Feb_240304
fnb,식품/제과,GRBK,"ESCAPE THE ORDINARY. 일상, 그 너머를 맛보다.",2024-02-19,https://play.tvcf.co.kr/935622,Feb_240304
healthcare_pharma,제약/의료/복지,스키니랩 다이글로핏 다이어트,굿바이 다이어트. 다음은 없어.,2024-02-19,https://play.tvcf.co.kr/935626,Feb_240304
healthcare_pharma,제약/의료/복지,모션필로우,눕기만 하세요. 인공지능 모션 필로우가 알아서 해 주니까.,2024-02-20,https://play.tvcf.co.kr/935610,Feb_240304
beverage_alcohol,음료/기호식품,코카콜라 크리에이션즈 한류,느껴봐 지금 이 magic,2024-02-20,https://play.tvcf.co.kr/935607,Feb_240304
telecom,정보통신,딜라이브,서비스는 ALL 요금은 Light,2024-02-20,https://play.tvcf.co.kr/936369,Feb_240304
telecom,정보통신,캐시워크,만보기의 본보기,2024-02-21,https://play.tvcf.co.kr/936082,Feb_240304
home_appliance,전기전자,바디프랜드 에덴,의자야 침대야?,2024-02-21,https://play.tvcf.co.kr/936110,Feb_240304
automotive,자동차/정유,KGM,Korea Genuinely Made,2024-02-21,https://play.tvcf.co.kr/936689,Feb_240304
beverage_alcohol,음료/기호식품,참이슬,이슬같이 깨끗한 다음날,2024-02-22,https://play.tvcf.co.kr/935693,Feb_240304
home_appliance,전기전자,LG전자,LG만의 기술로 완성하는 세상 모든 콘텐츠 라이프,2024-02-22,https://play.tvcf.co.kr/936102,Feb_240304
public_gov,관공서/단체,인천시설공단,일상에 행복을 더하다,2024-02-22,https://play.tvcf.co.kr/936509,Feb_240304
finance,금융/보험,하나은행,영웅은 하나!,2024-02-23,https://play.tvcf.co.kr/936146,Feb_240304
fashion,패션/스포츠,노스페이스 마운틴 자켓,"마운틴 자켓, 방수를 완성하다",2024-02-23,https://play.tvcf.co.kr/936231,Feb_240304
healthcare_pharma,제약/의료/복지,비판텐,우리 가족은 비판텐을 씁니다,2024-02-23,https://play.tvcf.co.kr/936441,Feb_240304
fashion,패션/스포츠,리복,REAR RETRO REEBOK,2024-02-23,https://play.tvcf.co.kr/936456,Feb_240304
healthcare_pharma,제약/의료/복지,비판텐,손발이 갈라질텐? 바르세요 비판텐,2024-02-23,https://play.tvcf.co.kr/936444,Feb_240304
fnb,식품/제과,한돈,국산 돼지고기를 고집하는 팀. 우리 국돼팀.,2024-02-24,https://play.tvcf.co.kr/936429,Feb_240304
home_appliance,전기전자,센텔리안24 마데카 프라임,"매일 뷰티가 가득한 피부, BeautyFULL",2024-02-26,https://play.tvcf.co.kr/936595,Feb_240304
healthcare_pharma,제약/의료/복지,아로나민 골드,빼자! 피로!,2024-02-26,https://play.tvcf.co.kr/936458,Feb_240304
fashion,패션/스포츠,캘러웨이 어패럴,Deep dive into Callaway,2024-02-26,https://play.tvcf.co.kr/936359,Feb_240304
home_living,생활/가정용품,옥시크린,빨래엔 역시 옥시크린,2024-02-26,https://play.tvcf.co.kr/936680,Feb_240304
home_appliance,전기전자,삼성 갤럭시 북4 프로,The new way to PC,2024-02-27,https://play.tvcf.co.kr/937235,Feb_240304
fashion,패션/스포츠,아이더,이것은 숨을 쉬는 자켓,2024-02-28,https://play.tvcf.co.kr/936795,Feb_240304
beauty,화장품,CJ 올리브영,작심삼월,2024-02-28,https://play.tvcf.co.kr/937048,Feb_240304
fashion,패션/스포츠,네파 듀라이크,그냥 보내기엔 너무 아까운 계절이니까,2024-02-28,https://play.tvcf.co.kr/936686,Feb_240304
retail,서비스/유통/레저,홈플러스,"뛰어야 산다, 홈플런",2024-02-28,https://play.tvcf.co.kr/936846,Feb_240304
finance,금융/보험,우리은행,전 여기서만 관리받아요,2024-02-28,https://play.tvcf.co.kr/936843,Feb_240304
beverage_alcohol,음료/기호식품,밀키스,부드럽게 밀려드는 내적친밀,2024-02-28,https://play.tvcf.co.kr/936832,Feb_240304
beauty,화장품,라메르,내면에서 피어난 진정한 젊음,2024-02-28,https://play.tvcf.co.kr/936847,Feb_240304
fnb,식품/제과,맥도날드 맥크리스피 토마토 치즈 크러스트,속속들이 놀라운 맛의 연속,2024-02-28,https://play.tvcf.co.kr/936845,Feb_240304
beauty,화장품,CJ 올리브영,우리가 사랑하는 올영세일,2024-02-28,https://play.tvcf.co.kr/937046,Feb_240304
beauty,화장품,CJ 올리브영,취향 발견의 축복은 끝이 없네,2024-02-28,https://play.tvcf.co.kr/937047,Feb_240304
home_appliance,전기전자,다이슨 에어랩 멀티 스타일러,"다양한 컬, 스타일링을 한 번에",2024-02-28,https://play.tvcf.co.kr/937119,Feb_240304
beverage_alcohol,음료/기호식품,켈리,켈리는 두번 터지네?,2024-02-29,https://play.tvcf.co.kr/936881,Feb_240304
fashion,패션/스포츠,블랙야크 343MAX,"자연 속으로 걸어가는 순간, 벅차오르다",2024-02-29,https://play.tvcf.co.kr/936874,Feb_240304
automotive,자동차/정유,The 기아 EV,지금이 전기차를 탈 때,2024-02-29,https://play.tvcf.co.kr/936882,Feb_240304
fnb,식품/제과,롯데리아,"롯데리아, 선 넘었다",2024-02-29,https://play.tvcf.co.kr/937059,Feb_240304
fashion,패션/스포츠,부쉬넬 골프,세상에서 가장 작은 부쉬넬,2024-02-29,https://play.tvcf.co.kr/937165,Feb_240304
telecom,정보통신,구글플레이,스타트! 세상에 없던 Play,2024-02-29,https://play.tvcf.co.kr/937221,Feb_240304
home_living,생활/가정용품,검가드 센서티브 치약,관리 안하면 붓고 피나다가 다시 하실 수 있습니다,2025-01-01,https://play.tvcf.co.kr/969267,Feb_250310
fnb,식품/제과,농심 짜파게티,즐거움이 묻어있다,2025-01-01,https://play.tvcf.co.kr/969273,Feb_250310
beauty,화장품,우르오스,피부피로 한방에 풀자!,2025-01-01,https://play.tvcf.co.kr/969279,Feb_250310
education,출판/교육/문화,MBC,을사년 새해 복 많이 받으세요,2025-01-01,https://play.tvcf.co.kr/969278,Feb_250310
education,출판/교육/문화,KBS 쿨 FM,당신의 끝내주는 하루를 위한 COOL PLAN,2025-01-01,https://play.tvcf.co.kr/969268,Feb_250310
education,출판/교육/문화,KBS,신뢰와 혁신 국민과 함께,2025-01-01,https://play.tvcf.co.kr/969261,Feb_250310
finance,금융/보험,DB손해보험,올해도 약속대로 이루어지길,2025-01-01,https://play.tvcf.co.kr/969283,Feb_250310
home_living,생활/가정용품,퍼실 딥클린 실내건조,"상쾌한 실내건조, 딥클린이 답이다",2025-01-01,https://play.tvcf.co.kr/969272,Feb_250310
telecom,정보통신,틱톡,"틱톡 AI 생성 콘텐츠 라벨로 제대로 보고, 제대로 즐기세요",2025-01-01,https://play.tvcf.co.kr/969293,Feb_250310
healthcare_pharma,제약/의료/복지,톡스올로지 클렌즈 비움·버닝올로지 디데이,누가하든 성공할 수 있어요,2025-01-01,https://play.tvcf.co.kr/969274,Feb_250310
healthcare_pharma,제약/의료/복지,이알하나,"갱년기엔, 이알하나",2025-01-01,https://play.tvcf.co.kr/969260,Feb_250310
telecom,정보통신,원신,25년 첫 대규모 업데이트,2025-01-01,https://play.tvcf.co.kr/969282,Feb_250310
healthcare_pharma,제약/의료/복지,아이클타임,이제 훈이랑 아이클타임,2025-01-01,https://play.tvcf.co.kr/966066,Feb_250310
public_gov,관공서/단체,시청자미디어재단,이제는 미디어도 교육이 필요합니다,2025-01-01,https://play.tvcf.co.kr/969265,Feb_250310
telecom,정보통신,스포티파이,나보다 날 더 잘 아는 나만의 스포티파이,2025-01-01,https://play.tvcf.co.kr/969294,Feb_250310
home_appliance,전기전자,샤크 디텍트 클린 & 엠티,당신의 청소가 바뀝니다,2025-01-01,https://play.tvcf.co.kr/969271,Feb_250310
beauty,화장품,샤넬 N1 DE CHANEL 레드 까멜리아 세럼,날마다 피부는 더욱 매끈해 보이며 어린 생기로 빛납니다.,2025-01-01,https://play.tvcf.co.kr/969292,Feb_250310
healthcare_pharma,제약/의료/복지,버닝올로지 올인원,중년 건강 다이어트엔 버닝올로지 올인원,2025-01-01,https://play.tvcf.co.kr/969280,Feb_250310
automotive,자동차/정유,랜드로버 디펜더,2025년형 디펜더 출시,2025-01-01,https://play.tvcf.co.kr/969266,Feb_250310
healthcare_pharma,제약/의료/복지,락토핏,이번 설에도 락토핏으로 건강을 선물하세요,2025-01-01,https://play.tvcf.co.kr/969277,Feb_250310
fnb,식품/제과,땅콩이네감자떡,🎵 땅콩 땅콩 땅콩 땅콩 땅콩이네 감자떡,2025-01-01,https://play.tvcf.co.kr/969296,Feb_250310
fnb,식품/제과,대숲맑은 담양딸기,🎵 프리미엄 담양딸기,2025-01-01,https://play.tvcf.co.kr/969263,Feb_250310
automotive,자동차/정유,MT9,오늘 하루에 다. 시간을 이기는 트랙터 MT9,2025-01-02,https://play.tvcf.co.kr/969480,Feb_250310
automotive,자동차/정유,THE NEW 투아렉,모든 기대를 뛰어 넘는다,2025-01-02,https://play.tvcf.co.kr/969478,Feb_250310
education,출판/교육/문화,KBS,광복 80주년 KBS가 함께합니다.,2025-01-02,https://play.tvcf.co.kr/969476,Feb_250310
finance,금융/보험,한화 시그니처 여성 건강보험 3.0,여성건강에 맞춰 더 섬세하게,2025-01-02,https://play.tvcf.co.kr/969646,Feb_250310
home_living,생활/가정용품,하이퍼스,뭘 좀 아는 사람들의 진짜 가구,2025-01-02,https://play.tvcf.co.kr/970071,Feb_250310
education,출판/교육/문화,메가스터디,Prove What You Got,2025-01-02,https://play.tvcf.co.kr/969582,Feb_250310
healthcare_pharma,제약/의료/복지,용각산 쿨,"목에 곧바로, 위기목면",2025-01-03,https://play.tvcf.co.kr/969787,Feb_250310
education,출판/교육/문화,KBS,여객기 참사 희생자들의 명복을 빕니다.,2025-01-03,https://play.tvcf.co.kr/969543,Feb_250310
education,출판/교육/문화,KB금융 코리아 피겨스케이팅 챔피언십,7분의 화려한 왈츠,2025-01-03,https://play.tvcf.co.kr/969541,Feb_250310
fashion,패션/스포츠,캘러웨이 엘리트 드라이버,드라이버를 넘어선 엘리트 드라이버의 시작,2025-01-03,https://play.tvcf.co.kr/970062,Feb_250310
public_gov,관공서/단체,충청북도교육청,내일. 또 매일. 빛나는 교육,2025-01-03,https://play.tvcf.co.kr/969823,Feb_250310
healthcare_pharma,제약/의료/복지,메가젠 임플란트,"귀로만 선택하던 임플란트, 이제 눈으로 선택하세요!",2025-01-03,https://play.tvcf.co.kr/969542,Feb_250310
home_appliance,전기전자,삼성 갤럭시 북5,이 정도는 돼야 AI 노트북이지,2025-01-04,https://play.tvcf.co.kr/969951,Feb_250310
beauty,화장품,이지듀,"가리려고 발랐는데, 기미가 흐려지네?",2025-01-04,https://play.tvcf.co.kr/968498,Feb_250310
healthcare_pharma,제약/의료/복지,겔포스 엘,그 정도가 딱! 갤포스엘 먹을 정도,2025-01-05,https://play.tvcf.co.kr/969558,Feb_250310
healthcare_pharma,제약/의료/복지,용각산 쿨,"물없이 칙칙, 곧바로 촉촉",2025-01-05,https://play.tvcf.co.kr/969559,Feb_250310
fnb,식품/제과,파파존스,정통으로 한 판 먹었다,2025-01-05,https://play.tvcf.co.kr/969644,Feb_250310
fnb,식품/제과,파파존스,아이브와 함께 아메리칸 프리미엄 피자,2025-01-05,https://play.tvcf.co.kr/969674,Feb_250310
fnb,식품/제과,차오차이,중화요리 먹으러 나는 집으로 간다,2025-01-05,https://play.tvcf.co.kr/969549,Feb_250310
fnb,식품/제과,오뚜기 X.O.만두,보는 눈 있는 엄마라면 X.O.만 보여요,2025-01-05,https://play.tvcf.co.kr/969562,Feb_250310
education,출판/교육/문화,스파르타코딩클럽,"IT 취업, 이젠 한계란 없다.",2025-01-05,https://play.tvcf.co.kr/969934,Feb_250310
healthcare_pharma,제약/의료/복지,세라젬,"이러니, 해볼 수 밖에.",2025-01-05,https://play.tvcf.co.kr/969552,Feb_250310
home_appliance,전기전자,삼성전자 세일 페스타,"갖고싶던 AI제품 모두, 구독으로 삼세페",2025-01-05,https://play.tvcf.co.kr/969547,Feb_250310
home_appliance,전기전자,듀얼소닉 이펙트,기대해 이런 이펙트는 처음일테니까,2025-01-05,https://play.tvcf.co.kr/969620,Feb_250310
retail,서비스/유통/레저,트립닷컴,"남는 여행, 트립닷컴",2025-01-06,https://play.tvcf.co.kr/969561,Feb_250310
education,출판/교육/문화,웅진스마트올,"공부라는 게, 맛이거든.",2025-01-06,https://play.tvcf.co.kr/969622,Feb_250310
automotive,자동차/정유,The 기아 타스만,새로운 세상 속으로,2025-01-06,https://play.tvcf.co.kr/969794,Feb_250310
automotive,자동차/정유,제네시스,제네시스의 디테일은 당신의 손끝에서 완성됩니다,2025-01-06,https://play.tvcf.co.kr/969676,Feb_250310
healthcare_pharma,제약/의료/복지,정관장,새해 건강은 정관장으로,2025-01-06,https://play.tvcf.co.kr/969589,Feb_250310
beauty,화장품,인셀덤,진화하는 광채 에너지,2025-01-06,https://play.tvcf.co.kr/969625,Feb_250310
beauty,화장품,에버셀,에버셀의 시간은 거꾸로 간다,2025-01-06,https://play.tvcf.co.kr/969942,Feb_250310
telecom,정보통신,아임웹,"Start Your Brand, Now",2025-01-06,https://play.tvcf.co.kr/969577,Feb_250310
automotive,자동차/정유,스포티지,당신만의 새로운 게임을 시작하세요,2025-01-06,https://play.tvcf.co.kr/969615,Feb_250310
home_appliance,전기전자,삼성 갤럭시 북5 프로,The new way to PC,2025-01-06,https://play.tvcf.co.kr/969803,Feb_250310
home_living,생활/가정용품,라포레큐,라포레 큐!,2025-01-06,https://play.tvcf.co.kr/969629,Feb_250310
fnb,식품/제과,KFC 켄치밥,점심도 역시 KFC,2025-01-07,https://play.tvcf.co.kr/969781,Feb_250310
finance,금융/보험,AXA손해보험,보험에서의 케어는 달라야한다.,2025-01-07,https://play.tvcf.co.kr/969784,Feb_250310
retail,서비스/유통/레저,LG베스트샵,BEST SHOP BEST MOMENT,2025-01-07,https://play.tvcf.co.kr/969678,Feb_250310
automotive,자동차/정유,현대모비스,Beyond and More,2025-01-07,https://play.tvcf.co.kr/970649,Feb_250310
education,출판/교육/문화,웅진씽크빅,The moment every book becomes special with Booxtory,2025-01-07,https://play.tvcf.co.kr/970603,Feb_250310
fnb,식품/제과,아웃백스테이크하우스,2024 우리가 사랑한 아웃백 어워즈,2025-01-07,https://play.tvcf.co.kr/969810,Feb_250310
corporate_pr,기업PR,복주,물에서 미래와 희망을 찾는 기업,2025-01-07,https://play.tvcf.co.kr/969805,Feb_250310
beauty,화장품,바디앤,미친 볼륨을 만들다,2025-01-07,https://play.tvcf.co.kr/969638,Feb_250310
education,출판/교육/문화,스픽,"틀려라, 트일 것이다.",2025-01-08,https://play.tvcf.co.kr/969364,Feb_250310
fnb,식품/제과,BHC치킨,내 bhc는 내가 정해!,2025-01-08,https://play.tvcf.co.kr/969789,Feb_250310
public_gov,관공서/단체,한국관광공사,Unknown Korea,2025-01-08,https://play.tvcf.co.kr/969954,Feb_250310
beverage_alcohol,음료/기호식품,하이뮨 아미노포텐,올인원 아미노산. 하이뮨 아미노포텐.,2025-01-08,https://play.tvcf.co.kr/969825,Feb_250310
education,출판/교육/문화,피닉스 주파수,탄탄의 셀프케어 101 지금 바로 신청하세요,2025-01-08,https://play.tvcf.co.kr/970927,Feb_250310
healthcare_pharma,제약/의료/복지,콜레올로지·맨올로지 컷,140만 고객님들이 선택한 브랜드,2025-01-08,https://play.tvcf.co.kr/969827,Feb_250310
education,출판/교육/문화,스파르타코딩클럽,IT 취업? 이제 한계란 없다,2025-01-08,https://play.tvcf.co.kr/969935,Feb_250310
corporate_pr,기업PR,삼성전자,Future-Ready. SAMSUNG B2B Intergrated Offering.,2025-01-08,https://play.tvcf.co.kr/969830,Feb_250310
fnb,식품/제과,맥도날드 해피스낵,츄러스 콤보로 즐겨요,2025-01-08,https://play.tvcf.co.kr/969826,Feb_250310
home_appliance,전기전자,서든어택,서든혜택 서든어택,2025-01-09,https://play.tvcf.co.kr/970069,Feb_250310
education,출판/교육/문화,SM엔터테인먼트,"THE CULTURE, THE FUTURE",2025-01-09,https://play.tvcf.co.kr/970126,Feb_250310
healthcare_pharma,제약/의료/복지,이가탄 에프,성분의 차이가 효과의 차이를 만듭니다,2025-01-09,https://play.tvcf.co.kr/969920,Feb_250310
education,출판/교육/문화,서울역사박물관,역사의 속삭임,2025-01-09,https://play.tvcf.co.kr/970139,Feb_250310
finance,금융/보험,메리츠증권,이것이 순도 100% 제로,2025-01-09,https://play.tvcf.co.kr/970096,Feb_250310
home_living,생활/가정용품,하이퍼스,진짜는 사진 뒤에 숨지 않는다. 만져봐야 알 수 있는 진짜 가구의 등장.,2025-02-01,https://play.tvcf.co.kr/971064,Feb_250310
retail,서비스/유통/레저,CJ대한통운 오네,"시작합니다! 매일 매일 오는 배송, 오네",2025-02-01,https://play.tvcf.co.kr/971067,Feb_250310
education,출판/교육/문화,파주운정가구단지 가구박람회,소중한 가구를 운정가구단지에서 만나보세요,2025-02-01,https://play.tvcf.co.kr/971087,Feb_250310
beverage_alcohol,음료/기호식품,카스,모두의 마음을 FRESH 하게,2025-02-01,https://play.tvcf.co.kr/971079,Feb_250310
beauty,화장품,오브제,"한 번 써보고, 너의 최고 버전이 되어 봐.",2025-02-01,https://play.tvcf.co.kr/971065,Feb_250310
retail,서비스/유통/레저,알럭스,"NEW RULE, NEW LUXURY",2025-02-01,https://play.tvcf.co.kr/971836,Feb_250310
fnb,식품/제과,소이조이,"콩을 통째로, 맛있게 구웠다",2025-02-01,https://play.tvcf.co.kr/971083,Feb_250310
healthcare_pharma,제약/의료/복지,마이오스마트,"우리 아이 근시, 처음부터 마이오스마트",2025-02-01,https://play.tvcf.co.kr/971068,Feb_250310
home_living,생활/가정용품,다우니,건조기 사용 후에도 향이 오래오래,2025-02-01,https://play.tvcf.co.kr/971090,Feb_250310
telecom,정보통신,구글플레이,"이제, 당신의 차례. 창구는 대한민국 스타트업의 성장을 지원합니다.",2025-02-01,https://play.tvcf.co.kr/971071,Feb_250310
healthcare_pharma,제약/의료/복지,관절보궁,관절보궁은 관절 건강에 한 눈을 팔아 진심입니다.,2025-02-01,https://play.tvcf.co.kr/971066,Feb_250310
public_gov,관공서/단체,경기도 기후행동 기회소득,"지구의 행복을 바라는 인사, 행소하세요~",2025-02-01,https://play.tvcf.co.kr/971084,Feb_250310
public_gov,관공서/단체,유엔난민기구,아이들에게 더 나은 미래를,2025-02-01,https://play.tvcf.co.kr/973441,Feb_250310
fashion,패션/스포츠,리베레,Wild west midnight,2025-02-01,https://play.tvcf.co.kr/973446,Feb_250310
finance,금융/보험,ABL생명,"나를 이기는 건강, 나이를 이기는 ABL로.",2025-02-02,https://play.tvcf.co.kr/971044,Feb_250310
public_gov,관공서/단체,SK이노베이션,함께합니다.,2025-02-03,https://play.tvcf.co.kr/971102,Feb_250310
education,출판/교육/문화,MBC 2025 하얼빈 동계아시안게임,새로운 팀킴이 선사할 2025 하얼빈 동계아시안게임,2025-02-03,https://play.tvcf.co.kr/971377,Feb_250310
automotive,자동차/정유,제네시스 GV80 쿠페,"COZY ARMREST, APPROVED BY CATS.",2025-02-03,https://play.tvcf.co.kr/972042,Feb_250310
beauty,화장품,브루케시아,너의 고유함을 기억해,2025-02-03,https://play.tvcf.co.kr/971093,Feb_250310
public_gov,관공서/단체,두루누리 사회보험료 지원사업,"누구나 누리라고, 두루누리",2025-02-04,https://play.tvcf.co.kr/971378,Feb_250310
telecom,정보통신,SK텔레콤 미리마니모어 갤럭시 S25,근데 SKT면 뭐가 좋다고?,2025-02-04,https://play.tvcf.co.kr/971385,Feb_250310
telecom,정보통신,넷플릭스,준비됐어? 넷플의 새로운 로맨스,2025-02-04,https://play.tvcf.co.kr/971533,Feb_250310
home_appliance,전기전자,LG 그램,"그램VI법, 그램 AI",2025-02-04,https://play.tvcf.co.kr/972017,Feb_250310
automotive,자동차/정유,현대 팰리세이드,"세상을 품는 힘, 팰리세이드",2025-02-04,https://play.tvcf.co.kr/971410,Feb_250310
fnb,식품/제과,하리보 골드베렌,함께해요 모두 다 행복해요 하리보,2025-02-04,https://play.tvcf.co.kr/971528,Feb_250310
home_appliance,전기전자,필립스 라떼고 3300,찾았다. 내 커피.,2025-02-04,https://play.tvcf.co.kr/971546,Feb_250310
fnb,식품/제과,써브웨이,"세상 쉬운 주문, 썹픽",2025-02-04,https://play.tvcf.co.kr/971384,Feb_250310
telecom,정보통신,삼성 갤럭시 S25 울트라,Filmed #withGalaxy S25 Ultra,2025-02-04,https://play.tvcf.co.kr/971865,Feb_250310
finance,금융/보험,KB손해보험 다이렉트,실속있게 대비하하는 KB다이렉트 실손보험,2025-02-05,https://play.tvcf.co.kr/971549,Feb_250310
healthcare_pharma,제약/의료/복지,GC녹십자웰빙 어삼 양태반 프리미엄,차이를 아는 당신께.,2025-02-05,https://play.tvcf.co.kr/971606,Feb_250310
fnb,식품/제과,공차,또우화 손댄스 춤춰봤또? 너도 한번 도전해봐!,2025-02-05,https://play.tvcf.co.kr/971758,Feb_250310
fnb,식품/제과,고디바,고디바로 사랑을 말하다,2025-02-05,https://play.tvcf.co.kr/971908,Feb_250310
public_gov,관공서/단체,KRX 한국거래소,불법리딩방 사기 에방의 시작은 가족들의 사랑이었습니다.,2025-02-06,https://play.tvcf.co.kr/972038,Feb_250310
fnb,식품/제과,이삭토스트,이삭의 표정은 오늘도 즐거움,2025-02-06,https://play.tvcf.co.kr/971621,Feb_250310
home_living,생활/가정용품,씰리침대,Life ON Sealy,2025-02-06,https://play.tvcf.co.kr/971747,Feb_250310
fnb,식품/제과,배스킨라빈스,서울에 당신을 만나러 갈게요. 올해 발렌타인데이에…,2025-02-06,https://play.tvcf.co.kr/971637,Feb_250310
public_gov,관공서/단체,고용산재보험,일하는 모든 사람에게 고용산재보험을 츄천합니다,2025-02-06,https://play.tvcf.co.kr/971620,Feb_250310
healthcare_pharma,제약/의료/복지,정관장 에브리타임 필름,SIMPLY HEALTHY,2025-02-07,https://play.tvcf.co.kr/972039,Feb_250310
automotive,자동차/정유,New 르노 그랑 콜레오스 E-Tech 하이브리드,think wider,2025-02-07,https://play.tvcf.co.kr/971790,Feb_250310
telecom,정보통신,LG유플러스,갤럭시S25를 가장 잘 쓰는 마법,2025-02-07,https://play.tvcf.co.kr/971891,Feb_250310
education,출판/교육/문화,KBS 2025 하얼빈 동계 아시안 게임,"모태범, 하얼빈에 등장",2025-02-07,https://play.tvcf.co.kr/971793,Feb_250310
education,출판/교육/문화,KBS,계절 기록 : 입춘과 우수 사이,2025-02-07,https://play.tvcf.co.kr/971788,Feb_250310
telecom,정보통신,삼성 갤럭시 S25,"Galaxy AI와 함께, 새로운 세상이 열립니다",2025-02-07,https://play.tvcf.co.kr/971789,Feb_250310
fashion,패션/스포츠,백앤센스,외형이 명품이라면 내부는 백앤센스로 완성하세요.,2025-02-07,https://play.tvcf.co.kr/971639,Feb_250310
public_gov,관공서/단체,국가유산청,"탈, 춤으로 잇다",2025-02-07,https://play.tvcf.co.kr/971780,Feb_250310
education,출판/교육/문화,메가코스,언제까지 이런 구닥다리 교육에 아이들의 시간을 버릴 겁니까. 우리는 다릅니다.,2025-02-07,https://play.tvcf.co.kr/973032,Feb_250310
retail,서비스/유통/레저,이마트,고객님이 응 하실 때까지 고레잇하게 쏘겠습니다.,2025-02-07,https://play.tvcf.co.kr/973066,Feb_250310
education,출판/교육/문화,KBS,"항상, 함께, 국민의 방송 내 곁에",2025-02-08,https://play.tvcf.co.kr/971799,Feb_250310
healthcare_pharma,제약/의료/복지,당신도 대상포진 대상자 캠페인,대상포진을 알면 방심할 수 없습니다.,2025-02-08,https://play.tvcf.co.kr/971798,Feb_250310
fnb,식품/제과,파스꾸찌,파스꾸찌가 제안하는 이탈리아 페어링,2025-02-10,https://play.tvcf.co.kr/971864,Feb_250310
retail,서비스/유통/레저,쿠팡,쿠팡은 물류 사각지대가 없도록 전국 곳곳에 쿠세권을 확대해 나가고 있습니다,2025-02-10,https://play.tvcf.co.kr/971805,Feb_250310
beverage_alcohol,음료/기호식품,코카콜라,나의 미식 파트너,2025-02-10,https://play.tvcf.co.kr/971795,Feb_250310
public_gov,관공서/단체,세아그룹,I'm STEEL here,2025-02-10,https://play.tvcf.co.kr/971834,Feb_250310
public_gov,관공서/단체,삼성 VXT,"Create, Connect&Capture",2025-02-10,https://play.tvcf.co.kr/971904,Feb_250310
beauty,화장품,라네즈 크림스킨,노력없이 초크초크,2025-02-10,https://play.tvcf.co.kr/971832,Feb_250310
fnb,식품/제과,맘스터치 에드워드리 버거,"에드워드리 TOUCH, MOM's TOUCH",2025-02-10,https://play.tvcf.co.kr/971833,Feb_250310
corporate_pr,기업PR,노란우산,노란우산 챙기고! 희망자산 키우고!,2025-02-10,https://play.tvcf.co.kr/972012,Feb_250310
telecom,정보통신,넷플릭스,2025 오징어 게임 3. 기대감 터짐.,2025-02-10,https://play.tvcf.co.kr/971989,Feb_250310
education,출판/교육/문화,MBC,우리가 지켜온 이 빛은 누구도 꺼뜨릴 수 없습니다,2025-02-10,https://play.tvcf.co.kr/971994,Feb_250310
fnb,식품/제과,반올림피자,"반올림, 피자의 맛을 올리다",2025-02-10,https://play.tvcf.co.kr/972786,Feb_250310
education,출판/교육/문화,KBS교향악단 정기연주회,KBS 교향악단 811회 정기연주회. 여러분의 많은 관람 바랍니다.,2025-02-11,https://play.tvcf.co.kr/972047,Feb_250310
education,출판/교육/문화,KBS 2025 하얼빈 동계 아시안 게임,우리가 꿈꾸던 피겨의 새로운 시작,2025-02-11,https://play.tvcf.co.kr/972048,Feb_250310
finance,금융/보험,신한은행 SOL 잘생긴 모임통장,잘 모이기 위해 생긴 모임통장,2025-02-11,https://play.tvcf.co.kr/972043,Feb_250310
finance,금융/보험,신한은행 SOL 잘생긴 모임통장,SOL모임통장 덕분에 얼굴 보기 좋아졌다,2025-02-11,https://play.tvcf.co.kr/972434,Feb_250310
telecom,정보통신,삼성 갤럭시 S25 울트라,"진정한 AI폰, Galaxy AI",2025-02-11,https://play.tvcf.co.kr/972044,Feb_250310
home_appliance,전기전자,글램팜,OH MY GLAM,2025-02-11,https://play.tvcf.co.kr/972392,Feb_250310
education,출판/교육/문화,웅진스마트올,"1등 공부 맛집, 웅진스마트올",2025-02-11,https://play.tvcf.co.kr/972412,Feb_250310
home_appliance,전기전자,리니지W,배신하지 않는 노력의 가치,2025-02-11,https://play.tvcf.co.kr/972789,Feb_250310
finance,금융/보험,카카오뱅크,똑똑한 구독생활,2025-02-12,https://play.tvcf.co.kr/973371,Feb_250310
retail,서비스/유통/레저,호텔스컴바인,시작은 언제나 호텔스컴바인,2025-02-13,https://play.tvcf.co.kr/972792,Feb_250310
fashion,패션/스포츠,테일러메이드 어패럴,알게됐을 겁니다. 골프웨어의 영향력을.,2025-02-13,https://play.tvcf.co.kr/972604,Feb_250310
automotive,자동차/정유,현대 아이오닉9,살아보세요 IONIQ9,2025-02-13,https://play.tvcf.co.kr/972437,Feb_250310
automotive,자동차/정유,The 기아 타스만,픽업이지만 지금까지의 픽업은 아닌,2025-02-13,https://play.tvcf.co.kr/972536,Feb_250310
fnb,식품/제과,푸라닭치킨,"다른 걸 먹기엔, 내가 아깝잖아",2025-02-13,https://play.tvcf.co.kr/972422,Feb_250310
finance,금융/보험,미래에셋증권,"부자 되는 즐거움, 미래에셋증권",2025-02-13,https://play.tvcf.co.kr/972397,Feb_250310
fnb,식품/제과,메가MGC커피,우리의 목소리를 따라와,2025-02-13,https://play.tvcf.co.kr/972661,Feb_250310
healthcare_pharma,제약/의료/복지,멀츠 벨로테로,벨로테로 소프트가 주름잡다,2025-02-13,https://play.tvcf.co.kr/972656,Feb_250310
home_living,생활/가정용품,LX지인,"디아망, 국민 벽지의 탄생",2025-02-13,https://play.tvcf.co.kr/973365,Feb_250310
home_appliance,전기전자,코웨이 노블 공기청정기,공기청정기의 또 한 번의 혁신,2025-02-14,https://play.tvcf.co.kr/972563,Feb_250310
finance,금융/보험,삼성생명,라이프놀로지 랩이 보험을 넘어 모험적 생각을 이어갑니다.,2025-02-14,https://play.tvcf.co.kr/972569,Feb_250310
finance,금융/보험,우리은행,우리가 WON하던 더 YOUNG하고 서프라이즈한 금융생활을 위해,2025-02-14,https://play.tvcf.co.kr/972573,Feb_250310
healthcare_pharma,제약/의료/복지,아로나민 골드,"피로를 피할 수 없다면, 아로나민골드",2025-02-14,https://play.tvcf.co.kr/972567,Feb_250310
home_appliance,전기전자,코웨이 노블 공기청정기,대형 공간까지 청정하는 컴팩트 사이즈,2025-02-14,https://play.tvcf.co.kr/972632,Feb_250310
finance,금융/보험,KB자산운용,이제 비교를 끝내고 RISE로 시작하라.,2025-02-14,https://play.tvcf.co.kr/973494,Feb_250310
telecom,정보통신,잡코리알바몬,"우리 어른이들, 오늘도 잘 하고 있나요?",2025-02-15,https://play.tvcf.co.kr/972639,Feb_250310
beauty,화장품,더마펌,2주 만에 맑아진 피부톤을 확인하세요,2025-02-15,https://play.tvcf.co.kr/972606,Feb_250310
beverage_alcohol,음료/기호식품,스프라이트,HURTS REAL GOOD,2025-02-16,https://play.tvcf.co.kr/972627,Feb_250310
fnb,식품/제과,교촌치킨 1991,"오늘의 교촌, 레드시리즈",2025-02-16,https://play.tvcf.co.kr/972653,Feb_250310
fnb,식품/제과,농심 먹태깡,취향대로 깡맞춤,2025-02-17,https://play.tvcf.co.kr/973193,Feb_250310
fnb,식품/제과,버거킹,"먹으면 불끈 힘이 나는, 불 끈 영웅들의 버거 불끈버거",2025-02-17,https://play.tvcf.co.kr/972652,Feb_250310
education,출판/교육/문화,2025 ISU 피겨 4대륙 선수권,이들이 보여줄 최고의 순간,2025-02-17,https://play.tvcf.co.kr/972771,Feb_250310
public_gov,관공서/단체,넥스트레이드,새로운 트레이드의 시작,2025-02-17,https://play.tvcf.co.kr/972775,Feb_250310
automotive,자동차/정유,The Kia EV4,"또 하나의 설렘, 등장.",2025-02-17,https://play.tvcf.co.kr/973304,Feb_250310
corporate_pr,기업PR,CJENM,HOUSE OF THE VISIONARY,2025-02-17,https://play.tvcf.co.kr/973571,Feb_250310
fnb,식품/제과,맘스터치 에드워드리 버거,에드워드리 특제 베이컨 레시피로 만든 맘스터치 에드워드리 버거,2025-02-18,https://play.tvcf.co.kr/972780,Feb_250310
fashion,패션/스포츠,탑텐 키즈,오늘의 숙면이 내일의 큰 꿈을 만듭니다.,2025-02-19,https://play.tvcf.co.kr/972843,Feb_250310
education,출판/교육/문화,계롱디지텍고등학교,#계룡디지텍고는 이렇게 논다,2025-02-19,https://play.tvcf.co.kr/972842,Feb_250310
beauty,화장품,믹순,Beauty Essentials for Glass Skin,2025-02-19,https://play.tvcf.co.kr/972873,Feb_250310
public_gov,관공서/단체,희망친구 기아대책,식지 않는 따뜻함으로 저와 함께 아이들을 지켜주세요,2025-02-19,https://play.tvcf.co.kr/972845,Feb_250310
home_appliance,전기전자,리니지M,모험은 우리를 다시 소년으로,2025-02-19,https://play.tvcf.co.kr/973538,Feb_250310
beverage_alcohol,음료/기호식품,컴포즈커피 컴포즈콤보,"커피를 위해, 디저트를 위에. 컴포즈 콤보.",2025-02-20,https://play.tvcf.co.kr/973035,Feb_250310
home_appliance,전기전자,로보락,"로봇, 청소기를 넘어서다",2025-02-20,https://play.tvcf.co.kr/973098,Feb_250310
beauty,화장품,더마펌,"보습의 시작, 더마펌 하이드라 클렌저",2025-02-20,https://play.tvcf.co.kr/973030,Feb_250310
finance,금융/보험,하나은행,내가 받는 연금도 하나은행,2025-02-20,https://play.tvcf.co.kr/973076,Feb_250310
retail,서비스/유통/레저,CU,CU 주간 신상품 매주 월요일. CU SOON!,2025-02-20,https://play.tvcf.co.kr/973111,Feb_250310
home_appliance,전기전자,레전드 오브 이미르,게임이란 이런 것,2025-02-20,https://play.tvcf.co.kr/973117,Feb_250310
beauty,화장품,톰,당신이 가장 아름다운 순간은 당신답게 빛날 때입니다,2025-02-20,https://play.tvcf.co.kr/973915,Feb_250310
fashion,패션/스포츠,블랙야크,마음도 걸음도 가벼울 때 우리는 이렇게 말해요. 랄랄라 라이트 스텝.,2025-02-21,https://play.tvcf.co.kr/973156,Feb_250310
public_gov,관공서/단체,WWF,지금 WWF에 힘 더하기,2025-02-21,https://play.tvcf.co.kr/973201,Feb_250310
fashion,패션/스포츠,젝시오,비거리만큼은 시간의 흐름에 따르지 않겠다,2025-02-21,https://play.tvcf.co.kr/973548,Feb_250310
finance,금융/보험,KB증권,퇴직 후 고민을 뚝! 자유를 딱!,2025-02-22,https://play.tvcf.co.kr/973162,Feb_250310
beauty,화장품,클리오,나랑 메쉬 할래?,2025-02-23,https://play.tvcf.co.kr/973188,Feb_250310
fashion,패션/스포츠,리복,"클래식을 신는다는 건, 지나온 시대의 낭만을 신는다는 것",2025-02-23,https://play.tvcf.co.kr/973476,Feb_250310
beauty,화장품,닥터포헤어,머리빨이 산다,2025-02-24,https://play.tvcf.co.kr/973186,Feb_250310
corporate_pr,기업PR,넥스트레이드,대한민국 두번째 주식거래시장의 시작,2025-02-24,https://play.tvcf.co.kr/973224,Feb_250310
beauty,화장품,피지오겔 DMT 리제너러티브 크림,THE ONLY,2025-02-24,https://play.tvcf.co.kr/973271,Feb_250310
fashion,패션/스포츠,테일러메이드 어패럴,분명 느끼실 거예요. 골프 웨어가 얼마나 중요한 장비인지.,2025-02-24,https://play.tvcf.co.kr/973187,Feb_250310
education,출판/교육/문화,SBS 2025 K리그1,양보 없는 한 판 승부,2025-02-25,https://play.tvcf.co.kr/973478,Feb_250310
education,출판/교육/문화,KBS,다음 반세기도 함께하겠습니다,2025-02-25,https://play.tvcf.co.kr/973481,Feb_250310
public_gov,관공서/단체,공익광고협의회,"다 같이 키우고, 다 같이 행복하게. 가족부자 되세요!",2025-02-25,https://play.tvcf.co.kr/973479,Feb_250310
healthcare_pharma,제약/의료/복지,컨디션,스무살의 첫 술자리 컨디션과 함께!,2025-02-26,https://play.tvcf.co.kr/973546,Feb_250310
beauty,화장품,미샤,밋샤옵니다,2025-02-26,https://play.tvcf.co.kr/973913,Feb_250310
retail,서비스/유통/레저,엔카,나의 드림카 플랫폼,2025-02-26,https://play.tvcf.co.kr/973487,Feb_250310
retail,서비스/유통/레저,홈플러스,"홈플런, 지금 뛰어야 산다.",2025-02-26,https://play.tvcf.co.kr/973491,Feb_250310
fnb,식품/제과,맥도날드 맥스파이시 상하이 투움바,이 맛을 누가 이겨,2025-02-26,https://play.tvcf.co.kr/973596,Feb_250310
home_appliance,전기전자,RF 온라인 넥스트,"다시, 낭만의 전장으로",2025-02-26,https://play.tvcf.co.kr/973594,Feb_250310
home_appliance,전기전자,에어블로우,"I'm your Fan, AIRBLOW",2025-02-27,https://play.tvcf.co.kr/973843,Feb_250310
corporate_pr,기업PR,"수협중앙회, 수협은행","우리가 좋아하는 우리 바다, 우리 수산물",2025-02-27,https://play.tvcf.co.kr/973899,Feb_250310
retail,서비스/유통/레저,딜리박스,"설렘을 잇다, 딜리박스가 있다",2025-02-27,https://play.tvcf.co.kr/973898,Feb_250310
home_living,생활/가정용품,파로돈탁스 허브 프레쉬,잇몸케어는 상쾌한 허브 프레쉬로,2025-02-27,https://play.tvcf.co.kr/973900,Feb_250310
fashion,패션/스포츠,테일러메이드,UNLOCK MORE ACCURACY,2025-02-27,https://play.tvcf.co.kr/973902,Feb_250310
fnb,식품/제과,버거킹 콰트로치즈 풀드비프 와퍼,치즈가 풀드 비프 맛을 더 올렸다,2025-02-27,https://play.tvcf.co.kr/973912,Feb_250310
finance,금융/보험,SGI서울보증,꿈을 보증하다 희망을 더하다,2025-02-27,https://play.tvcf.co.kr/974004,Feb_250310
education,출판/교육/문화,MBC,그 뜻이 이어지도록 함께하겠습니다,2025-02-28,https://play.tvcf.co.kr/973942,Feb_250310
retail,서비스/유통/레저,홈플러스,세상 모든맛이 살아있다,2025-02-28,https://play.tvcf.co.kr/973826,Feb_250310
home_living,생활/가정용품,퍼울,"새 옷인가요? 아니, 퍼울했죠",2025-02-28,https://play.tvcf.co.kr/973941,Feb_250310
fnb,식품/제과,컴포트잇츠이너프,먹는 시간은 아껴도 먹는 건 아끼지 않아,2025-02-28,https://play.tvcf.co.kr/973943,Feb_250310
telecom,정보통신,아이폰 16e,빛나는 등장. 신나는 실속.,2025-02-28,https://play.tvcf.co.kr/973940,Feb_250310
beauty,화장품,비원츠,내가 정하는 나의 피부 속도,2025-02-28,https://play.tvcf.co.kr/973225,Feb_250310
healthcare_pharma,제약/의료/복지,센트룸 실버 우먼,실버전용 멀티비타민,2025-02-28,https://play.tvcf.co.kr/974006,Feb_250310
finance,금융/보험,OK저축은행,저축은 해야지,2024-01-01,https://play.tvcf.co.kr/929724,JAN_240204
telecom,정보통신,MEW,make me something mew,2024-01-01,https://play.tvcf.co.kr/929988,JAN_240204
education,출판/교육/문화,MBC,새해 복 많이 받으세용,2024-01-01,https://play.tvcf.co.kr/929984,JAN_240204
education,출판/교육/문화,KBS 파리 2024 올림픽,2024년 7월 당신을 초대합니다,2024-01-01,https://play.tvcf.co.kr/929966,JAN_240204
education,출판/교육/문화,KBS,대한민국 어디나 새로운 해가 뜬다,2024-01-01,https://play.tvcf.co.kr/929967,JAN_240204
home_living,생활/가정용품,페브리즈 퀵 드라이 젯,재밌고 편해서 여기저기 뿌려요,2024-01-01,https://play.tvcf.co.kr/929985,JAN_240204
fnb,식품/제과,파파존스,아이브는 아프피!,2024-01-01,https://play.tvcf.co.kr/929970,JAN_240204
beverage_alcohol,음료/기호식품,카스,"잔을 맞댄 이 시간, 축하는 배가 되는거야",2024-01-01,https://play.tvcf.co.kr/929995,JAN_240204
beauty,화장품,우르오스 올인원 모이스처라이저,한통으로 완성한 남자의 피부건강 올인원,2024-01-01,https://play.tvcf.co.kr/929998,JAN_240204
fnb,식품/제과,오뚜기 X.O. 만두,엄마 마음에 속,2024-01-01,https://play.tvcf.co.kr/929983,JAN_240204
home_appliance,전기전자,센텔리안24 마데카 프라임,매일 뷰티가 가득한 피부,2024-01-01,https://play.tvcf.co.kr/929978,JAN_240204
education,출판/교육/문화,밀크T아이,결과가 다른 시작,2024-01-01,https://play.tvcf.co.kr/927799,JAN_240204
healthcare_pharma,제약/의료/복지,마이오스마트,근시는 어릴 때부터 관리하는 것이 좋습니다,2024-01-01,https://play.tvcf.co.kr/929986,JAN_240204
fnb,식품/제과,동원 선물세트,설날엔 역시 동원선물세트,2024-01-01,https://play.tvcf.co.kr/929993,JAN_240204
beauty,화장품,닥터 브로너스,시작하자 피부맞춤 클렌징,2024-01-01,https://play.tvcf.co.kr/929997,JAN_240204
home_living,생활/가정용품,다우니 삶음 탈취 플러스,30번 닦아도 쾌속,2024-01-01,https://play.tvcf.co.kr/929982,JAN_240204
telecom,정보통신,넷플릭스,"수연, 넷플 뭐봄?",2024-01-01,https://play.tvcf.co.kr/929992,JAN_240204
corporate_pr,기업PR,HL그룹,Imagine every move,2024-01-01,https://play.tvcf.co.kr/932294,JAN_240204
home_living,생활/가정용품,암웨이 퀸 Ti,좋은 것에서 위대함으로,2024-01-01,https://play.tvcf.co.kr/933270,JAN_240204
home_appliance,전기전자,휴롬,날 건강하게 해주는 것,2024-01-01,https://play.tvcf.co.kr/929698,JAN_240204
healthcare_pharma,제약/의료/복지,휴온스 살사라진 혈당컷 다이어트 양춘사,새해 다이어트는 양춘사,2024-01-02,https://play.tvcf.co.kr/930019,JAN_240204
education,출판/교육/문화,링글 잉글리시 에듀케이션 서비스,링글할걸 후회말고,2024-01-02,https://play.tvcf.co.kr/930156,JAN_240204
education,출판/교육/문화,EiE고려대어학원,이 아이는 EIE 어학원에 다니고 있습니다,2024-01-02,https://play.tvcf.co.kr/930241,JAN_240204
automotive,자동차/정유,현대자동차 현대 인증중고차,또 하나의 현대차를 당신에게 건낼 수 있도록,2024-01-02,https://play.tvcf.co.kr/930190,JAN_240204
healthcare_pharma,제약/의료/복지,사이버메드 임플란트,새로운 시대를 여는 임플란트,2024-01-02,https://play.tvcf.co.kr/930228,JAN_240204
fnb,식품/제과,60계치킨 하하핫치킨,맛있어서 기분 좋아지는 하하핫치킨,2024-01-02,https://play.tvcf.co.kr/930229,JAN_240204
telecom,정보통신,넷플릭스,"1월, 넷플 뭐봄?",2024-01-02,https://play.tvcf.co.kr/930239,JAN_240204
retail,서비스/유통/레저,빌라쥬 드 아난티,Everywhere is stage,2024-01-02,https://play.tvcf.co.kr/930274,JAN_240204
fnb,식품/제과,스텔라떡볶이,별튀김 맛있다,2024-01-03,https://play.tvcf.co.kr/930372,JAN_240204
home_appliance,전기전자,서든어택,"우리 부모님의 안부를 묻는 말에,
피지컬로 답해보는 건 어떨까요?",2024-01-03,https://play.tvcf.co.kr/930389,JAN_240204
telecom,정보통신,페어피스,행복한 인테리어의 시작,2024-01-03,https://play.tvcf.co.kr/932615,JAN_240204
home_appliance,전기전자,리그 오브 레전드,이제 너희가 Rule을 만들차례,2024-01-03,https://play.tvcf.co.kr/932852,JAN_240204
telecom,정보통신,당근,매일 걷던 이 거리가 일거리로 보이기 시작했다,2024-01-03,https://play.tvcf.co.kr/930263,JAN_240204
fnb,식품/제과,롯데껌,껌이라면 역시 롯데껌,2024-01-04,https://play.tvcf.co.kr/930387,JAN_240204
fnb,식품/제과,풀무원 지구식단,이효리는 풀무원 지구식단합니다,2024-01-04,https://play.tvcf.co.kr/930518,JAN_240204
public_gov,관공서/단체,보건복지부,아이를 대하는 마음의 ON도 높여주세요,2024-01-04,https://play.tvcf.co.kr/930519,JAN_240204
beauty,화장품,유리프 시카7,피부를 chill하게,2024-01-04,https://play.tvcf.co.kr/930520,JAN_240204
beverage_alcohol,음료/기호식품,뉴오리진a2밀크,똑똑한 엄마들의 선택,2024-01-04,https://play.tvcf.co.kr/930521,JAN_240204
home_living,생활/가정용품,파로돈탁스,잇몸질환의 도미노 효과,2024-01-04,https://play.tvcf.co.kr/930548,JAN_240204
fnb,식품/제과,노랑통닭 3종치킨,맛으로 세개 통일,2024-01-05,https://play.tvcf.co.kr/930510,JAN_240204
finance,금융/보험,현대해상,당신의 저력에 보험의 능력을,2024-01-05,https://play.tvcf.co.kr/930514,JAN_240204
home_appliance,전기전자,다이슨 에어스트레이트,빠르고 자연스러운 데일리 스타일,2024-01-05,https://play.tvcf.co.kr/930598,JAN_240204
telecom,정보통신,배달의민족,장사에 힘이 되겠습니다.,2024-01-05,https://play.tvcf.co.kr/932597,JAN_240204
home_appliance,전기전자,LG 그램 Pro,프로의 세계 가볍게 평정,2024-01-05,https://play.tvcf.co.kr/930601,JAN_240204
public_gov,관공서/단체,경기북부특별자치도,특별자치도는 경기북부에서 못을 없애는 길,2024-01-06,https://play.tvcf.co.kr/930606,JAN_240204
home_appliance,전기전자,삼성 갤럭시 탭 S9,"내가 좋아하는 것, 탭으로부터",2024-01-06,https://play.tvcf.co.kr/930661,JAN_240204
public_gov,관공서/단체,월드비전,"마을이 스스로 살아갈 수 있는 그날, 우리는 다음 마을로 향합니다.",2024-01-08,https://play.tvcf.co.kr/930609,JAN_240204
education,출판/교육/문화,더스윙제트,우리가 기다린 단 하나의 필드,2024-01-08,https://play.tvcf.co.kr/930626,JAN_240204
healthcare_pharma,제약/의료/복지,아큐브 오아시스 원데이,내 눈에 맞는 핏에 선명함까지,2024-01-08,https://play.tvcf.co.kr/930662,JAN_240204
education,출판/교육/문화,비상교육 개념플러스유형,"핵심 파악할 때 개념, 반복학습 할 때 유형",2024-01-08,https://play.tvcf.co.kr/930773,JAN_240204
beauty,화장품,메리쏘드,메이크업 고민시에,2024-01-08,https://play.tvcf.co.kr/930741,JAN_240204
telecom,정보통신,다봄씨엔에스,봄봄봄봄 다봄!,2024-01-08,https://play.tvcf.co.kr/931037,JAN_240204
retail,서비스/유통/레저,올웨이즈,생활비를 내리다,2024-01-08,https://play.tvcf.co.kr/930611,JAN_240204
education,출판/교육/문화,비상교육 완자공부력,공부로 이끄는 힘! 완자공부력,2024-01-08,https://play.tvcf.co.kr/930627,JAN_240204
education,출판/교육/문화,에이닷.영어학원,영어를 끝내다,2024-01-09,https://play.tvcf.co.kr/931055,JAN_240204
education,출판/교육/문화,비상교육 온리원,너의 공부는 온리원으로 각인 됐어. 이제 절대 잊혀지지 않을거야.,2024-01-09,https://play.tvcf.co.kr/931641,JAN_240204
corporate_pr,기업PR,두산,"Our Planet, Our Future",2024-01-09,https://play.tvcf.co.kr/933082,JAN_240204
automotive,자동차/정유,기아,Movement that inspries,2024-01-09,https://play.tvcf.co.kr/931699,JAN_240204
healthcare_pharma,제약/의료/복지,고려은단 비타민C 1000,고려은단은 단골손님이 참 많습니다,2024-01-10,https://play.tvcf.co.kr/931132,JAN_240204
finance,금융/보험,AIA생명,"이것이, 프리미어 선수가 선택한 생명보험사의 클래스",2024-01-10,https://play.tvcf.co.kr/931190,JAN_240204
beverage_alcohol,음료/기호식품,제주삼다수,너의 것과 같기를,2024-01-10,https://play.tvcf.co.kr/931206,JAN_240204
automotive,자동차/정유,현대자동차그룹,Ease every way,2024-01-10,https://play.tvcf.co.kr/931682,JAN_240204
corporate_pr,기업PR,삼성SDS,Welcome to AI Life. All NEW LIFE.,2024-01-10,https://play.tvcf.co.kr/931688,JAN_240204
automotive,자동차/정유,제네시스 G80,오늘의 당신이 보여줄 가장 빛나는 STAGE,2024-01-10,https://play.tvcf.co.kr/931700,JAN_240204
corporate_pr,기업PR,SeAH,"WE FLY, WE CHANGE, WE GROW",2024-01-11,https://play.tvcf.co.kr/931041,JAN_240204
finance,금융/보험,롯데카드,YOUR BIG FAN,2024-01-11,https://play.tvcf.co.kr/931176,JAN_240204
finance,금융/보험,MG새마을금고 보험,고객 속으로,2024-01-11,https://play.tvcf.co.kr/931314,JAN_240204
education,출판/교육/문화,MBC 2024 동계청소년올림픽대회,대한민국을 새롭게 빛낼 주인공을 만나는 시간!,2024-01-11,https://play.tvcf.co.kr/931322,JAN_240204
automotive,자동차/정유,제네시스 G80,시선이 머무는 순간,2024-01-11,https://play.tvcf.co.kr/931316,JAN_240204
healthcare_pharma,제약/의료/복지,이지클레어,이제 눈가 주름을 위해 애쓰지 마세요. 이지클래어가 있으니까.,2024-01-12,https://play.tvcf.co.kr/931390,JAN_240204
finance,금융/보험,교보생명,대한민국 축구의 팀플레이는 경기장 밖에서부터 시작된다,2024-01-12,https://play.tvcf.co.kr/931774,JAN_240204
finance,금융/보험,삼성화재 다이렉트 자동차보험,척하면 착!,2024-01-12,https://play.tvcf.co.kr/932061,JAN_240204
education,출판/교육/문화,비상교육 완자공부력,교과서를 제대로 읽는 힘,2024-01-15,https://play.tvcf.co.kr/931621,JAN_240204
fnb,식품/제과,허쉬 초콜릿,달콤한 순간을 #허쉬태그,2024-01-15,https://play.tvcf.co.kr/931638,JAN_240204
finance,금융/보험,삼성증권,경기의 룰은 단 하나. 함께.,2024-01-15,https://play.tvcf.co.kr/931690,JAN_240204
fnb,식품/제과,푸라닭치킨,반가워요 푸라닭 치킨,2024-01-15,https://play.tvcf.co.kr/931708,JAN_240204
telecom,정보통신,애플워치,차면 된다,2024-01-15,https://play.tvcf.co.kr/931707,JAN_240204
fnb,식품/제과,맥도날드 빅맥,"사람들은 버거를 패스트푸드라고 부르지만,
그 안엔 정성의 시간이 담겨 있어요.",2024-01-15,https://play.tvcf.co.kr/931706,JAN_240204
home_appliance,전기전자,필립스 에어프라이어,Never Disappoints,2024-01-15,https://play.tvcf.co.kr/931710,JAN_240204
fnb,식품/제과,이지프로틴,"프로틴을 전부, 다시 설계하다",2024-01-15,https://play.tvcf.co.kr/931636,JAN_240204
beverage_alcohol,음료/기호식품,코카콜라 제로,맛있는 걸 선택해!,2024-01-15,https://play.tvcf.co.kr/932054,JAN_240204
education,출판/교육/문화,한우리독서토론논술,더 높이 올라가는 필수 공부법,2024-01-15,https://play.tvcf.co.kr/931712,JAN_240204
education,출판/교육/문화,한우리독서토론논술,빠르게보다는 깊게. 생각하는 힘을 키웁니다.,2024-01-15,https://play.tvcf.co.kr/931727,JAN_240204
beverage_alcohol,음료/기호식품,당코치,당뇨인에게 참 좋은 이것은 당코치,2024-01-16,https://play.tvcf.co.kr/931711,JAN_240204
corporate_pr,기업PR,에코프로,The invisible is invincible,2024-01-16,https://play.tvcf.co.kr/931746,JAN_240204
retail,서비스/유통/레저,스타필드 수원,"궁금해 하지 마세요, 스타필드 수원",2024-01-16,https://play.tvcf.co.kr/931764,JAN_240204
fnb,식품/제과,한국키위연합회,우리땅에서 자란 천연 영양제 삼총사,2024-01-16,https://play.tvcf.co.kr/931886,JAN_240204
fnb,식품/제과,달콤왕가탕후루,달콤함이 피어난다,2024-01-16,https://play.tvcf.co.kr/931883,JAN_240204
fashion,패션/스포츠,All New 젝시오,지금이 젝시오 할 시간,2024-01-16,https://play.tvcf.co.kr/932148,JAN_240204
healthcare_pharma,제약/의료/복지,이가탄 에프,잇몸병 아파 본 사람은 압니다,2024-01-16,https://play.tvcf.co.kr/931884,JAN_240204
fnb,식품/제과,컴포즈커피,everyone is a composer,2024-01-16,https://play.tvcf.co.kr/932251,JAN_240204
telecom,정보통신,KT,우리 아이 첫 스마트폰은 KT 시나모롤 키즈폰,2024-01-17,https://play.tvcf.co.kr/931954,JAN_240204
telecom,정보통신,삼성 갤럭시 S24 울트라,Galaxy AI is here,2024-01-17,https://play.tvcf.co.kr/932050,JAN_240204
fnb,식품/제과,굽네 맵단짠 치킨,입맛 사로잡는 맵단짠이 입안에서 돌고 도는 맛,2024-01-17,https://play.tvcf.co.kr/933412,JAN_240204
telecom,정보통신,삼성 갤럭시,새로운 세상은 바로 당신으로부터,2024-01-18,https://play.tvcf.co.kr/932138,JAN_240204
finance,금융/보험,토스뱅크,세상의 돈을 자유롭게,2024-01-18,https://play.tvcf.co.kr/932047,JAN_240204
telecom,정보통신,삼성 갤럭시 S24 울트라,어두워도. 막 당겨도. 알아서.,2024-01-18,https://play.tvcf.co.kr/932142,JAN_240204
public_gov,관공서/단체,경기북부특별자치도,대한민국이 함께 지어주세요,2024-01-18,https://play.tvcf.co.kr/932151,JAN_240204
telecom,정보통신,삼성 갤럭시 S24,Hi Ai,2024-01-18,https://play.tvcf.co.kr/932218,JAN_240204
home_appliance,전기전자,LG 퓨리케어 오브제컬렉션 정수기,능력 좋네!,2024-01-18,https://play.tvcf.co.kr/932612,JAN_240204
fashion,패션/스포츠,SLBS,EXPRESS IMPREESS,2024-01-18,https://play.tvcf.co.kr/932616,JAN_240204
home_appliance,전기전자,FC 온라인,지금 이강인이 되어보세요,2024-01-18,https://play.tvcf.co.kr/932845,JAN_240204
telecom,정보통신,삼성 갤럭시 S24 울트라,원하기만하면 알아서,2024-01-18,https://play.tvcf.co.kr/932139,JAN_240204
healthcare_pharma,제약/의료/복지,정관장,정관장사 만만세,2024-01-19,https://play.tvcf.co.kr/932043,JAN_240204
telecom,정보통신,KT 갤럭시 S24,이강인이다,2024-01-19,https://play.tvcf.co.kr/932178,JAN_240204
telecom,정보통신,LG유플러스 갤럭시 S24,"살 때도 쓸 때도, 갤럭시 S24는 유플러스가 혜택킹",2024-01-19,https://play.tvcf.co.kr/932223,JAN_240204
beauty,화장품,코스알엑스,세계의 모든 피부를 눈부시게,2024-01-19,https://play.tvcf.co.kr/932221,JAN_240204
home_living,생활/가정용품,씰리침대,143년 당신을 지지해온 씰리 포스처피딕,2024-01-19,https://play.tvcf.co.kr/932211,JAN_240204
retail,서비스/유통/레저,정관장몰,정몰에는 다 있다,2024-01-19,https://play.tvcf.co.kr/932279,JAN_240204
telecom,정보통신,SK텔레콤 x Galaxy S24 Series,GALAXY AI폰에 에이닷의 능력을 더하다.,2024-01-19,https://play.tvcf.co.kr/932046,JAN_240204
healthcare_pharma,제약/의료/복지,정관장,힘내라는 말 대신 정관장,2024-01-19,https://play.tvcf.co.kr/932034,JAN_240204
finance,금융/보험,유안타증권,올라타~ 유안타~,2024-01-20,https://play.tvcf.co.kr/931837,JAN_240204
home_appliance,전기전자,바디프랜드,The Healthcare Robot,2024-01-20,https://play.tvcf.co.kr/932232,JAN_240204
healthcare_pharma,제약/의료/복지,관절에쎈크릴,부모님이 좋아하시겠죠?,2024-01-20,https://play.tvcf.co.kr/932230,JAN_240204
public_gov,관공서/단체,금융위원회 새출발기금,우리 동네는 수많은 새출발로 다시 뛰고 있습니다,2024-01-20,https://play.tvcf.co.kr/932233,JAN_240204
telecom,정보통신,SK텔레콤,새 삶으로 무빙,2024-01-20,https://play.tvcf.co.kr/932671,JAN_240204
fnb,식품/제과,신라면,이것은 인생을 맛있게 메워주는 라면이다,2024-01-20,https://play.tvcf.co.kr/932229,JAN_240204
fashion,패션/스포츠,혼마골프,"환상적인 드로우, 비즐로 완성하다",2024-01-21,https://play.tvcf.co.kr/932708,JAN_240204
home_appliance,전기전자,삼성 갤럭시 북4,"막강한 파워, 갤럭시 북 하나로",2024-01-22,https://play.tvcf.co.kr/932406,JAN_240204
healthcare_pharma,제약/의료/복지,검가드,관리 안하면 붓고 피나다가 다시 하실 수 있습니다,2024-01-22,https://play.tvcf.co.kr/932407,JAN_240204
beauty,화장품,니베아 더마 SOS케어 바디로션,"피부, 편안함으로 빛나게",2024-01-22,https://play.tvcf.co.kr/932461,JAN_240204
fnb,식품/제과,프랭크버거,싱어게인 잇어게인,2024-01-22,https://play.tvcf.co.kr/932462,JAN_240204
beauty,화장품,오브제,너의 최고 버전이 되어봐,2024-01-22,https://play.tvcf.co.kr/932497,JAN_240204
retail,서비스/유통/레저,그린고라운드,지구에게도 내 살림에도 보탬이 되는 마법,2024-01-22,https://play.tvcf.co.kr/932495,JAN_240204
finance,금융/보험,롯데카드 로카,잊어주세요. 내가 주인공이 아니었던 카드 생활,2024-01-22,https://play.tvcf.co.kr/932252,JAN_240204
finance,금융/보험,신한카드 신한SOLPay,듣던 중 반가운 SOL,2024-01-22,https://play.tvcf.co.kr/932598,JAN_240204
public_gov,관공서/단체,도핑방지위원회,약한 국민없는 강한 대한민국,2024-01-22,https://play.tvcf.co.kr/932472,JAN_240204
corporate_pr,기업PR,테라클,"테라클, 지구부터 지킨다",2024-01-23,https://play.tvcf.co.kr/932594,JAN_240204
home_appliance,전기전자,삼국지 오리진2,다양한 전략으로 나만의 영웅을 육성하라,2024-01-24,https://play.tvcf.co.kr/932499,JAN_240204
fnb,식품/제과,맥도날드,고기맛은 두께다,2024-01-24,https://play.tvcf.co.kr/932769,JAN_240204
fnb,식품/제과,푸라닭치킨,고마워요 고추마요,2024-01-25,https://play.tvcf.co.kr/932867,JAN_240204
healthcare_pharma,제약/의료/복지,구전녹용,구전으로 효도해요,2024-01-26,https://play.tvcf.co.kr/932980,JAN_240204
telecom,정보통신,삼성 갤럭시 S24,니가 직접 판단하세요,2024-01-26,https://play.tvcf.co.kr/932986,JAN_240204
beauty,화장품,더마토리(패드형 스킨케어제품),피부에 가장 먼저 닿는 건 원단이니까,2024-01-26,https://play.tvcf.co.kr/933059,JAN_240204
fnb,식품/제과,농심 포테토칩 먹태청양마요맛,난 이 맛남 무조건 찬성,2024-01-27,https://play.tvcf.co.kr/932988,JAN_240204
fnb,식품/제과,버거킹,맛의 레이어가 다르다,2024-01-29,https://play.tvcf.co.kr/933055,JAN_240204
fnb,식품/제과,허쉬 키세스,마음을 전하세요 스르륵,2024-01-29,https://play.tvcf.co.kr/933946,JAN_240204
other,판콜 에스,판콜,"감기없는 코리아, 판콜이야",2024-01-29,https://play.tvcf.co.kr/933115,JAN_240204
beauty,화장품,바이오더마,단 30분만에 수분플럼핑 선사,2024-01-30,https://play.tvcf.co.kr/933198,JAN_240204
healthcare_pharma,제약/의료/복지,뉴트리코어 X Dr 블루션 블러딕스,세 가지 건강고민 이제 블루션으로 동시에,2024-01-30,https://play.tvcf.co.kr/933255,JAN_240204
home_appliance,전기전자,삼성 갤럭시 탭 S9 FE,Find your Favorite,2024-01-30,https://play.tvcf.co.kr/933333,JAN_240204
telecom,정보통신,쏘카,"차까지 주는 숙박, 쏘카",2024-01-31,https://play.tvcf.co.kr/933260,JAN_240204
finance,금융/보험,롯데카드 로카,내멋대로 내맘대로 카드라이프,2024-01-31,https://play.tvcf.co.kr/933276,JAN_240204
education,출판/교육/문화,패스트캠퍼스,너한테만 일러주는 일러스트 특급강의,2024-01-31,https://play.tvcf.co.kr/933437,JAN_240204
home_appliance,전기전자,플레이스테이션,Happy new Play Year,2024-01-31,https://play.tvcf.co.kr/933624,JAN_240204
home_appliance,전기전자,삼성전자 세일 페스타,세배 받으세요,2026-01-01,https://tvcf.co.kr/play/ai2489-1004648,Jan_260210
healthcare_pharma,제약/의료/복지,아큐브 오아시스 원데이,내가 보는 세상은 본다는 것 그 이상,2026-01-01,https://tvcf.co.kr/play/bi396-1004609,Jan_260210
finance,금융/보험,DB손해보험,2026년에도 약속한 사이,2026-01-01,https://tvcf.co.kr/play/ai2624-1004562,Jan_260210
fnb,식품/제과,파파존스,고기 파이터들의 추천작,2026-01-01,https://tvcf.co.kr/play/ai2726-1004672,Jan_260210
home_living,생활/가정용품,온샤,집에서 즐기는 온천 필터,2026-01-01,https://tvcf.co.kr/play/ai2366-1004636,Jan_260210
automotive,자동차/정유,볼보 S90,소중한 가족을 위해,2026-01-01,https://tvcf.co.kr/play/bi374-1004607,Jan_260210
retail,서비스/유통/레저,플로라운지,꽃은 플로라운지,2026-01-01,https://tvcf.co.kr/play/bi2556-1004555,Jan_260210
education,출판/교육/문화,MBC,"2026 붉은 말의 해, 나아가는 모든 길을 응원합니다",2026-01-01,https://tvcf.co.kr/play/bi2636-1004663,Jan_260210
healthcare_pharma,제약/의료/복지,콘택콜드,걸렸구나 생각되면 콘택콜드,2026-01-01,https://tvcf.co.kr/play/bi2118-1004611,Jan_260210
healthcare_pharma,제약/의료/복지,그레인온 골드 파로효소 캡슐레이션,당신의 효소는 캡슐레이션입니까,2026-01-01,https://tvcf.co.kr/play/ai2824-1004382,Jan_260210
home_appliance,전기전자,삼성전자 세일 페스타,입퇴장시간없음,2026-01-01,https://tvcf.co.kr/play/bi477-1005007,Jan_260210
home_appliance,전기전자,코웨이 온풍공기청정기 히티브,깨끗하게 찾아온 포근한 겨울,2026-01-01,https://tvcf.co.kr/play/bi2176-1004717,Jan_260210
telecom,정보통신,캔바,"뭐든지 해낸다, 다함께",2026-01-01,https://tvcf.co.kr/play/bi2412-1004641,Jan_260210
beverage_alcohol,음료/기호식품,카스,잊혀지지 않을 우리들의 이야기를 위해,2026-01-01,https://tvcf.co.kr/play/bi2277-1004727,Jan_260210
telecom,정보통신,애플워치,유혹을 이겨내라,2026-01-01,https://tvcf.co.kr/play/bi2175-1004617,Jan_260210
telecom,정보통신,한국금거래소,한국 1등 금거래소,2026-01-01,https://tvcf.co.kr/play/bi2153-1004615,Jan_260210
finance,금융/보험,우리금융그룹,언제나. 우리기업을. 맨앞에.,2026-01-01,https://tvcf.co.kr/play/bi2433-1004543,Jan_260210
beauty,화장품,우르오스 올인원 모이스처라이저,"건강한 피부, 남자의 매력이다",2026-01-01,https://tvcf.co.kr/play/ai2129-1004612,Jan_260210
healthcare_pharma,제약/의료/복지,올리지오,당신에겐 올리지오,2026-01-01,https://tvcf.co.kr/play/ai3107-1004610,Jan_260210
fnb,식품/제과,샤브올데이,"올데이, 복 많이 받으세요",2026-01-01,https://tvcf.co.kr/play/ai2749-1004774,Jan_260210
home_appliance,전기전자,리니지 클래식,"다시, 말하는 섬으로",2026-01-01,https://tvcf.co.kr/play/bi2391-1004739,Jan_260210
education,출판/교육/문화,KBS,"세계를 잇다, 내일을 밝히다",2026-01-01,https://tvcf.co.kr/play/ai2589-1004558,Jan_260210
corporate_pr,기업PR,대한승강기협회,대한 승강기 만세,2026-01-01,https://tvcf.co.kr/play/bi2793-1006579,Jan_260210
telecom,정보통신,바비톡,"툭하면 딱 맞는 답을 주는 톡, 바비톡",2026-01-02,https://tvcf.co.kr/play/bi2795-1004779,Jan_260210
finance,금융/보험,Wa뱅크,"와보고 싶은 뱅크, Wa뱅크",2026-01-02,https://tvcf.co.kr/play/bi2356-1004735,Jan_260210
education,출판/교육/문화,GS아트센터,이건 신의 한 수,2026-01-02,https://tvcf.co.kr/play/bi2996-1004699,Jan_260210
beverage_alcohol,음료/기호식품,골든블루,위스키의 새파란 변신,2026-01-02,https://tvcf.co.kr/play/bi2537-1004853,Jan_260210
fnb,식품/제과,롯데리아,"침착맨, 롯데리아 제대로 까러 갑니다",2026-01-02,https://tvcf.co.kr/play/bi3191-1005019,Jan_260210
home_appliance,전기전자,서든어택,"생존러들이여, 다시 모여라",2026-01-02,https://tvcf.co.kr/play/bi2514-1004751,Jan_260210
healthcare_pharma,제약/의료/복지,정관장 천녹,기력의 세기를 올리다,2026-01-02,https://tvcf.co.kr/play/ai2222-1004722,Jan_260210
public_gov,관공서/단체,대한민국공군,우리는 대한민국 공군이다,2026-01-02,https://tvcf.co.kr/play/ai3401-1004640,Jan_260210
fnb,식품/제과,써브웨이,eat fresh feel good,2026-01-02,https://tvcf.co.kr/play/ai2725-1004572,Jan_260210
healthcare_pharma,제약/의료/복지,핏넥 듀오커브,특허받은 스트레칭 기구,2026-01-03,https://tvcf.co.kr/play/ai2288-1004728,Jan_260210
beverage_alcohol,음료/기호식품,연세대학교 연세우유,완전균형영양식,2026-01-05,https://tvcf.co.kr/play/bi3257-1005025,Jan_260210
beauty,화장품,AHC,"신경쓰이는 눈가 피부, 정밀하게 조준하고 Shot",2026-01-05,https://tvcf.co.kr/play/ai2547-1004754,Jan_260210
education,출판/교육/문화,KBS계절기록,사랑을 나누는 겨울,2026-01-05,https://tvcf.co.kr/play/bi2854-1004985,Jan_260210
fnb,식품/제과,자일리톨,이로운 연구소,2026-01-05,https://tvcf.co.kr/play/bi2933-1004993,Jan_260210
home_appliance,전기전자,경동나비엔,대한민국 숙면의 기술 나비엔 숙면매트,2026-01-05,https://tvcf.co.kr/play/ai2323-1004732,Jan_260210
corporate_pr,기업PR,아스테라시스 메디컬,"It's Cool, so unique.",2026-01-05,https://tvcf.co.kr/play/bi2492-1004749,Jan_260210
automotive,자동차/정유,현대자동차그룹,Partnering Human Progress,2026-01-05,https://tvcf.co.kr/play/ai3382-1005038,Jan_260210
retail,서비스/유통/레저,SSG닷컴,"스크롤을 내리며, 읽어야 한다면- 그건 이미 혜택이 아니다.",2026-01-06,https://tvcf.co.kr/play/ai3742-1005074,Jan_260210
finance,금융/보험,현대해상,"아팠던 사람들에게, 보험가입의 기준 너무 높죠?",2026-01-06,https://tvcf.co.kr/play/bi3415-1005041,Jan_260210
education,출판/교육/문화,대성마이맥,미치지 않고서야 오를 수 없다,2026-01-06,https://tvcf.co.kr/play/ai3402-1004740,Jan_260210
fnb,식품/제과,롯데리아,깔래야 깔 수 없는 무적의 치킨버거,2026-01-06,https://tvcf.co.kr/play/bi3213-1005021,Jan_260210
beauty,화장품,샤넬 N1 DE CHANEL 레드 까멜리아 세럼과 에멀전 듀오,하나의 강력한 듀오,2026-01-06,https://tvcf.co.kr/play/ai4404-1005040,Jan_260210
home_appliance,전기전자,삼성 갤럭시 북6,Engineered for perfection,2026-01-06,https://tvcf.co.kr/play/bi499-1005009,Jan_260210
fnb,식품/제과,가나초콜릿,"이 겨울, 가장 꿈꿔왔던 디저트",2026-01-06,https://tvcf.co.kr/play/ai3663-1005066,Jan_260210
home_appliance,전기전자,삼성전자,교복이 똑같다고 해서 폰까지 똑같아서 안될 일,2026-01-07,https://tvcf.co.kr/play/bi2991-1005199,Jan_260210
public_gov,관공서/단체,수원특례시,수원 밖엔 없어,2026-01-07,https://tvcf.co.kr/play/bh08018-998989,Jan_260210
fnb,식품/제과,오뚜기 X.O.만두,꽉 찬 명절되세요,2026-01-07,https://tvcf.co.kr/play/bi2452-1005245,Jan_260210
retail,서비스/유통/레저,에미레이트항공,집으로 향하는 길 집처럼 편안하게,2026-01-07,https://tvcf.co.kr/play/bi2833-1005183,Jan_260210
healthcare_pharma,제약/의료/복지,파낙스엔 인지코어,두뇌에 황금칠 하세요,2026-01-07,https://tvcf.co.kr/play/ai3448-1005044,Jan_260210
home_appliance,전기전자,LG전자,"마침내, 메탈마저 가볍게",2026-01-07,https://tvcf.co.kr/play/bi2934-1005193,Jan_260210
healthcare_pharma,제약/의료/복지,센트룸,세계판매 1위 센트룸,2026-01-07,https://tvcf.co.kr/play/bi3854-1002085,Jan_260210
public_gov,관공서/단체,저출산고령사회위원회,나도 아이도 행복한 세상,2026-01-07,https://tvcf.co.kr/play/bi2811-1005181,Jan_260210
telecom,정보통신,네이버웍스,네이버가 일을 만나면? 일이 쉬워진다!,2026-01-07,https://tvcf.co.kr/play/bi2417-1005241,Jan_260210
automotive,자동차/정유,The Kia EV5,Home away from home,2026-01-07,https://tvcf.co.kr/play/ai3786-1005078,Jan_260210
fnb,식품/제과,버거킹,훛훛훛훛 4가지 후추가 모였다,2026-01-07,https://tvcf.co.kr/play/ai2866-1005186,Jan_260210
telecom,정보통신,SK브로드밴드,참지말고 Btv로 바꾸자,2026-01-07,https://tvcf.co.kr/play/bi335-1005203,Jan_260210
home_living,생활/가정용품,오랄비,오~ 개운하다,2026-01-07,https://tvcf.co.kr/play/bi2713-1005471,Jan_260210
automotive,자동차/정유,KGM,압도적 존재감 그리고 절대적 강인함,2026-01-08,https://tvcf.co.kr/play/bi2859-1005585,Jan_260210
automotive,자동차/정유,현대자동차,Partnering Human Progress,2026-01-08,https://tvcf.co.kr/play/ai2583-1005858,Jan_260210
automotive,자동차/정유,제네시스 GV60,BORN OF THE KOREAN SPIRIT,2026-01-08,https://tvcf.co.kr/play/ai3908-1005890,Jan_260210
public_gov,관공서/단체,모두의 아이디어,당신의 생각으로 빛나는 대한민국,2026-01-08,https://tvcf.co.kr/play/bi2815-1006581,Jan_260210
telecom,정보통신,아이폰 17 Pro,iPhone 17 Pro로 찍다,2026-01-09,https://tvcf.co.kr/play/ai3801-1005280,Jan_260210
education,출판/교육/문화,KBS,항상 함께 국민의 곁에 내 곁에,2026-01-09,https://tvcf.co.kr/play/bi2777-1005277,Jan_260210
finance,금융/보험,유니온페이,HAVE A NICE PAY,2026-01-09,https://tvcf.co.kr/play/bi354-1005805,Jan_260210
healthcare_pharma,제약/의료/복지,인사돌,인사돌은 정말 달라요,2026-01-10,https://tvcf.co.kr/play/ai2622-1005362,Jan_260210
home_appliance,전기전자,LG전자,문제는 문제없어,2026-01-12,https://tvcf.co.kr/play/ai2127-1005412,Jan_260210
retail,서비스/유통/레저,랭킹닭컴,랭킹에 답이 있다,2026-01-12,https://tvcf.co.kr/play/ai2947-1005394,Jan_260210
finance,금융/보험,삼성화재,잡았다 새로운 기회,2026-01-12,https://tvcf.co.kr/play/ai3701-1005370,Jan_260210
home_appliance,전기전자,휴롬,휴롬으로 하루 건강량 끝,2026-01-12,https://tvcf.co.kr/play/ai2745-1005374,Jan_260210
public_gov,관공서/단체,문화체육관광부 2025년 국정성과 캠페인,2026년에는 대한민국의 새로운 도약이 시작됩니다,2026-01-12,https://tvcf.co.kr/play/ai2666-1005366,Jan_260210
public_gov,관공서/단체,시청자미디어재단,모두를 위한 미디어 서비스,2026-01-12,https://tvcf.co.kr/play/bi2252-1005425,Jan_260210
beverage_alcohol,음료/기호식품,메치니코프,착한발효유 메치니코프,2026-01-12,https://tvcf.co.kr/play/ai2364-1005436,Jan_260210
fashion,패션/스포츠,마제스티,정교함의 한계를 넘기며 명작을 탄생시키다,2026-01-12,https://tvcf.co.kr/play/bi2135-1006113,Jan_260210
education,출판/교육/문화,한국마사회,"2026 병오년, 멈추지 않고 달리겠습니다",2026-01-13,https://tvcf.co.kr/play/ai2465-1005446,Jan_260210
finance,금융/보험,한화생명,대한민국 금융은 우리가 지킨다,2026-01-13,https://tvcf.co.kr/play/bi2555-1005455,Jan_260210
public_gov,관공서/단체,재정경제부,"도약하는 내일의 나, 함께 성장하는 대한민국",2026-01-13,https://tvcf.co.kr/play/ai2566-1005456,Jan_260210
finance,금융/보험,신한카드 SOL 트립앤샵 체크,"해외쇼핑, 샵고수답게",2026-01-13,https://tvcf.co.kr/play/bi2937-1005493,Jan_260210
retail,서비스/유통/레저,쏘카,올해 교통편 걱정은 없으시겠어요,2026-01-13,https://tvcf.co.kr/play/bi2951-1006595,Jan_260210
public_gov,관공서/단체,더 경기패스,내립니다 내립니다 내립니다!,2026-01-14,https://tvcf.co.kr/play/bi2772-1005677,Jan_260210
healthcare_pharma,제약/의료/복지,세노비스 트리플러스 오메가-3 이뮨 우먼,체력이 필요하다면?,2026-01-14,https://tvcf.co.kr/play/bi2737-1005673,Jan_260210
automotive,자동차/정유,The all-new Seltos,"또 한번, 세상 가장 스테디한 아이템의 탄생",2026-01-14,https://tvcf.co.kr/play/bi316-1005501,Jan_260210
finance,금융/보험,IBK기업은행,명탐정 귀엽넹,2026-01-14,https://tvcf.co.kr/play/bi3213-1007021,Jan_260210
home_living,생활/가정용품,바이탈플랜트 롤팬,요리를 편리하게,2026-01-15,https://tvcf.co.kr/play/bi2931-1005793,Jan_260210
fashion,패션/스포츠,젝시믹스,OWN YOUR RUN,2026-01-15,https://tvcf.co.kr/play/bi499-1006009,Jan_260210
automotive,자동차/정유,현대자동차그룹 HTWO,일상에서 태어나 다시 일상을 움직이는 에너지,2026-01-15,https://tvcf.co.kr/play/bi3819-1007081,Jan_260210
beauty,화장품,라비앙,"생애전환기 안티에이징, 라비앙",2026-01-16,https://tvcf.co.kr/play/bi398-1005809,Jan_260210
healthcare_pharma,제약/의료/복지,정관장,"활기마이트, 나만의 에너지 버튼을 누르다",2026-01-16,https://tvcf.co.kr/play/ai2166-1005816,Jan_260210
fnb,식품/제과,써브웨이,마침내 셔터 올립니다,2026-01-16,https://tvcf.co.kr/play/ai2548-1005854,Jan_260210
finance,금융/보험,우리금융그룹,언제나. 우리모두를. 맨앞에.,2026-01-16,https://tvcf.co.kr/play/bi2673-1005867,Jan_260210
fnb,식품/제과,가마치통닭,Who make this?,2026-01-16,https://tvcf.co.kr/play/bi2216-1006321,Jan_260210
home_appliance,전기전자,삼성 갤럭시,우리의 이야기 갤럭시로 만들다,2026-01-16,https://tvcf.co.kr/play/ai2748-1006674,Jan_260210
home_living,생활/가정용품,에이스침대,짧게 자도 오래잔 듯,2026-01-17,https://tvcf.co.kr/play/ai3706-1005870,Jan_260210
finance,금융/보험,은행연합회,"이름은 달라도 같은 마음으로, 은행은 행(行)",2026-01-17,https://tvcf.co.kr/play/ai2728-1005872,Jan_260210
education,출판/교육/문화,MBC,"사람이 소중한 사회, MBC가 함께 만들어 갑니다",2026-01-17,https://tvcf.co.kr/play/ai2763-1005876,Jan_260210
fnb,식품/제과,CJ제일제당,흑백요리사 셰프의 클래스를 우리집 식탁에서 맛보다,2026-01-17,https://tvcf.co.kr/play/bi2831-1005883,Jan_260210
public_gov,관공서/단체,국민건강보험,국민 곁에 건강 ON,2026-01-19,https://tvcf.co.kr/play/ai3109-1005810,Jan_260210
education,출판/교육/문화,큐미르,읽기가 공부를 바꾼다,2026-01-19,https://tvcf.co.kr/play/bi2538-1005953,Jan_260210
beverage_alcohol,음료/기호식품,맥도날드,꽉 찬 열정의 마라맛,2026-01-19,https://tvcf.co.kr/play/ai3865-1006086,Jan_260210
retail,서비스/유통/레저,필리핀관광청,Love the Philippines,2026-01-19,https://tvcf.co.kr/play/ai4909-1006090,Jan_260210
education,출판/교육/문화,아소비,생각의 깊이가 다른 아소비 키즈,2026-01-19,https://tvcf.co.kr/play/bi2992-1006299,Jan_260210
fashion,패션/스포츠,나음케어 잠스트,오늘도 월클이었다,2026-01-19,https://tvcf.co.kr/play/ai343-1007804,Jan_260210
fnb,식품/제과,서브웨이,서브웨이에서 요즘 누가 샌드위치만 먹어요?,2026-01-20,https://tvcf.co.kr/play/ai3944-1006094,Jan_260210
public_gov,관공서/단체,월드비전,아동이 스스로 후원자를 선택하는 월드비전 CHOSEN,2026-01-21,https://tvcf.co.kr/play/ai2564-1006256,Jan_260210
telecom,정보통신,KT,생각해 보면 참 신기해,2026-01-21,https://tvcf.co.kr/play/bi2296-1006429,Jan_260210
telecom,정보통신,넷플릭스,What Next?,2026-01-21,https://tvcf.co.kr/play/ai2329-1006432,Jan_260210
home_appliance,전기전자,천하제일상 거상,"거상, 다시 나를 부르다",2026-01-21,https://tvcf.co.kr/play/bi317-1006601,Jan_260210
telecom,정보통신,셀독,당신 없이도 잘 돌아간다,2026-01-22,https://tvcf.co.kr/play/ai2589-1006558,Jan_260210
fnb,식품/제과,아웃백스테이크하우스,New Year is Back,2026-01-22,https://tvcf.co.kr/play/ai3904-1006490,Jan_260210
fnb,식품/제과,노모어피자,우리가 원했던 피자,2026-01-22,https://tvcf.co.kr/play/bi2152-1006515,Jan_260210
home_living,생활/가정용품,햄찌하우스,햄찌 하우스에서 햄찌 돌봐주세요,2026-01-22,https://tvcf.co.kr/play/ai2782-1006578,Jan_260210
telecom,정보통신,LG유플러스 무너폰,대한민국 대표 AI 키즈폰,2026-01-22,https://tvcf.co.kr/play/ai2861-1006586,Jan_260210
beauty,화장품,CJ 올리브영,탄력 1등 BIOHEAL BOH,2026-01-22,https://tvcf.co.kr/play/bi2751-1006775,Jan_260210
fashion,패션/스포츠,캘러웨이,"드라이버 페이스 소재의 논쟁, 트라이 포스로 끝내다",2026-01-23,https://tvcf.co.kr/play/bi2419-1006441,Jan_260210
beverage_alcohol,음료/기호식품,오설록,당신이 몰랐던 오설록의 효능,2026-01-23,https://tvcf.co.kr/play/ai3602-1006560,Jan_260210
healthcare_pharma,제약/의료/복지,정관장,"올 설에도 정말, 정관장으로 말해요",2026-01-23,https://tvcf.co.kr/play/ai2624-1006562,Jan_260210
healthcare_pharma,제약/의료/복지,세라젬,세라젬의 의료기기 기술은 진화한다,2026-01-23,https://tvcf.co.kr/play/bi352-1006605,Jan_260210
corporate_pr,기업PR,업비트,국가대표는 나아간다. 세계 앞으로.,2026-01-23,https://tvcf.co.kr/play/ai2248-1007224,Jan_260210
healthcare_pharma,제약/의료/복지,인사돌,"시작하길 잘했어요, 인사돌",2026-01-24,https://tvcf.co.kr/play/ai2344-1006634,Jan_260210
finance,금융/보험,KB증권 마블,낯선 시작이 두려움이 아닌 기회가 되도록,2026-01-25,https://tvcf.co.kr/play/ai3401-1006640,Jan_260210
fnb,식품/제과,버거킹,새로워진 크리스퍼로 버거킹이 다소 시끄러워질 수 있음,2026-01-26,https://tvcf.co.kr/play/bi2314-1006931,Jan_260210
education,출판/교육/문화,MBC,MBC 스포츠의 새로운 도전,2026-01-26,https://tvcf.co.kr/play/bi2694-1006769,Jan_260210
retail,서비스/유통/레저,이마트,고래잇 페스타 가격 하강 세일,2026-01-26,https://tvcf.co.kr/play/bi2715-1006671,Jan_260210
home_appliance,전기전자,삼성 비스포크 AI가전,Enabling Better Living,2026-01-26,https://tvcf.co.kr/play/bi2775-1006977,Jan_260210
public_gov,관공서/단체,통일부,진달래꽃으로 평화를 피우다,2026-01-26,https://tvcf.co.kr/play/bi392-1007209,Jan_260210
beauty,화장품,올리브베러,올리브영만큼 Better한 곳의 등장,2026-01-27,https://tvcf.co.kr/play/ai3224-1007022,Jan_260210
retail,서비스/유통/레저,호텔스컴바인,호텔 완전 싸게 호강했스 컴바인,2026-01-27,https://tvcf.co.kr/play/ai2783-1006678,Jan_260210
beauty,화장품,헤라,NEW TINTED LIP SERUM,2026-01-27,https://tvcf.co.kr/play/bi2292-1006929,Jan_260210
other,자동차,The all-new Seltos,그 어떤 라이프에도 fit하게,2026-01-27,https://tvcf.co.kr/play/ai2584-1006958,Jan_260210
education,출판/교육/문화,신기한나라,앞서가는 아이들의 퍼스트클래스,2026-01-27,https://tvcf.co.kr/play/bi2753-1006975,Jan_260210
automotive,자동차/정유,메이트모빌리티,Go SINGLE. Play Better.,2026-01-27,https://tvcf.co.kr/play/ai2786-1006978,Jan_260210
public_gov,관공서/단체,복권위원회,요즘은 복권도 기부지,2026-01-28,https://tvcf.co.kr/play/bi2459-1006945,Jan_260210
finance,금융/보험,넥슨 현대카드,카드로 게임력 레벨 업,2026-01-28,https://tvcf.co.kr/play/bi2819-1006981,Jan_260210
beauty,화장품,비원츠,아이케어의 관성을 바꾸다,2026-01-28,https://tvcf.co.kr/play/bi3617-1007061,Jan_260210
healthcare_pharma,제약/의료/복지,프롬바이오,설날에도 역시 프롬바이오,2026-01-28,https://tvcf.co.kr/play/bi3731-1007073,Jan_260210
beauty,화장품,닥터포헤어,샴푸는 닥포헤요,2026-01-28,https://tvcf.co.kr/play/ai2141-1007514,Jan_260210
telecom,정보통신,잡코리아x알바몬 by.웍스피어,"잡코리아 알바몬은 이제, 이직합니다",2026-01-29,https://tvcf.co.kr/play/bi2554-1007355,Jan_260210
retail,서비스/유통/레저,롯데마트,이번달에도 통 크게 돌아왔습니다,2026-01-29,https://tvcf.co.kr/play/ai3821-1007082,Jan_260210
beverage_alcohol,음료/기호식품,테라,테라의 시대,2026-01-29,https://tvcf.co.kr/play/bi2497-1007349,Jan_260210
home_appliance,전기전자,삼성 갤럭시 AI 아카데미,AI 탭을 잘 사는 다시없는 기회,2026-01-29,https://tvcf.co.kr/play/ai2521-1007352,Jan_260210
automotive,자동차/정유,넥센타이어,윈가드 스노보드팀 이상호 선수의 금빛주행을 넥센타이어가 응원합니다,2026-01-29,https://tvcf.co.kr/play/bi2835-1007383,Jan_260210
retail,서비스/유통/레저,G마켓,설날을 강타할 HOT 특가딜,2026-01-30,https://tvcf.co.kr/play/bi2193-1007219,Jan_260210
beauty,화장품,올리브베러,웰니스를 즐겁게,2026-01-30,https://tvcf.co.kr/play/bi2115-1007311,Jan_260210
finance,금융/보험,G마켓 삼성카드,쇼핑의 프로,2026-01-30,https://tvcf.co.kr/play/ai2723-1007372,Jan_260210
fashion,패션/스포츠,빈폴,지금이 아니면 놓칠 것 같아서,2026-01-30,https://tvcf.co.kr/play/bi2734-1007373,Jan_260210
fnb,식품/제과,크리스피 크림 도넛,특별한 날엔 달콤한 선물을,2026-01-30,https://tvcf.co.kr/play/ai3903-1007390,Jan_260210
healthcare_pharma,제약/의료/복지,맥스콘드로이틴1200,"콘드로이틴, 이젠 약국으로",2026-01-31,https://tvcf.co.kr/play/ai3306-1007330,Jan_260210
telecom,정보통신,배달의민족 장보기쇼핑,장보기도 역시 배민이었어,2024-07-01,https://play.tvcf.co.kr/951056,JuL_240806
public_gov,관공서/단체,코리아둘레길,"어느날 문득, 코리아 둘레길에서.",2024-07-01,https://play.tvcf.co.kr/951274,JuL_240806
healthcare_pharma,제약/의료/복지,덴티움,"당신의 마음, 당신의 치과의사는 안다",2024-07-01,https://play.tvcf.co.kr/951090,JuL_240806
healthcare_pharma,제약/의료/복지,세노비스,"생기없어 보인다는 말에, SAY NO!",2024-07-01,https://play.tvcf.co.kr/951094,JuL_240806
finance,금융/보험,신한라이프,Life를 Like해,2024-07-01,https://play.tvcf.co.kr/951087,JuL_240806
retail,서비스/유통/레저,야놀자,"놀자, 최선을 다해",2024-07-01,https://play.tvcf.co.kr/951041,JuL_240806
education,출판/교육/문화,MBC 응원캠페인,"국민과 함께, 대한민국 파이팅!",2024-07-01,https://play.tvcf.co.kr/951184,JuL_240806
corporate_pr,기업PR,LS,"모든 순간, 모든 곳에 Life Solution LS",2024-07-01,https://play.tvcf.co.kr/951215,JuL_240806
retail,서비스/유통/레저,GS더프레시,한국인의 슈퍼세일,2024-07-01,https://play.tvcf.co.kr/951585,JuL_240806
fnb,식품/제과,한돈,"세계인의 돼스티벌, 2024 올림PIG",2024-07-01,https://play.tvcf.co.kr/951788,JuL_240806
beverage_alcohol,음료/기호식품,펩시,"즐거움에 목마를 때, 펩시!",2024-07-01,https://play.tvcf.co.kr/951088,JuL_240806
home_appliance,전기전자,퍼즐오브Z,멈출 수 없는 속세의 즐거움,2024-07-01,https://play.tvcf.co.kr/951656,JuL_240806
fnb,식품/제과,파파존스,"앞칸, 앞칸, 뒷칸, 아메리칸!",2024-07-01,https://play.tvcf.co.kr/951174,JuL_240806
automotive,자동차/정유,타이어뱅크,대한민국 물가 잡는 타이어뱅크,2024-07-01,https://play.tvcf.co.kr/951190,JuL_240806
home_living,생활/가정용품,쿡셀,"세상에 없던 코팅기술, 요리 본능을 깨우다",2024-07-01,https://play.tvcf.co.kr/951176,JuL_240806
public_gov,관공서/단체,충청남도,"매력 충만, 요즘 충남",2024-07-01,https://play.tvcf.co.kr/951180,JuL_240806
retail,서비스/유통/레저,인스파이어리조트,엔터테인먼트 리조트의 새로운 기준,2024-07-01,https://play.tvcf.co.kr/951520,JuL_240806
telecom,정보통신,유심사,eSIM은 유심사,2024-07-01,https://play.tvcf.co.kr/951339,JuL_240806
construction_realestate,아파트/건설,에피트,"아파트의 새 이름, 에피트",2024-07-01,https://play.tvcf.co.kr/945978,JuL_240806
healthcare_pharma,제약/의료/복지,아이허브,우리 가족 목욕템 아이허브에 다- 있어요,2024-07-01,https://play.tvcf.co.kr/951779,JuL_240806
retail,서비스/유통/레저,신세계면세점,TRAVEL WITH US!,2024-07-01,https://play.tvcf.co.kr/951164,JuL_240806
fnb,식품/제과,소이조이,"콩을 통째로, 맛있게 구웠다!",2024-07-01,https://play.tvcf.co.kr/951189,JuL_240806
corporate_pr,기업PR,세방그룹,"더 나은 미래를 향해, 멈추지 않고 전진",2024-07-01,https://play.tvcf.co.kr/943369,JuL_240806
home_appliance,전기전자,삼성전자,세상에 없던 AI라이프,2024-07-01,https://play.tvcf.co.kr/951346,JuL_240806
retail,서비스/유통/레저,살롱하츠,OPEN YOUR HE;ARTS,2024-07-01,https://play.tvcf.co.kr/951759,JuL_240806
finance,금융/보험,미래에셋증권,세상 맘편한 투자,2024-07-01,https://play.tvcf.co.kr/948177,JuL_240806
beverage_alcohol,음료/기호식품,몽베스트,상받은 물 맛을 믿으세요,2024-07-01,https://play.tvcf.co.kr/950135,JuL_240806
fnb,식품/제과,메이빌 영동복숭아,대한민국 대표 청정 과일나라,2024-07-01,https://play.tvcf.co.kr/951054,JuL_240806
healthcare_pharma,제약/의료/복지,메모레인,예전 같지 않은 기억력! 메모레인 하세요,2024-07-01,https://play.tvcf.co.kr/951053,JuL_240806
beverage_alcohol,음료/기호식품,링티,"여름, 지치기 전 미리미리 링티",2024-07-01,https://play.tvcf.co.kr/951089,JuL_240806
finance,금융/보험,라이나생명,첫날부터 암보험,2024-07-01,https://play.tvcf.co.kr/951479,JuL_240806
healthcare_pharma,제약/의료/복지,덴서티,피부에 있어선 욕심쟁이인 당신에게,2024-07-01,https://play.tvcf.co.kr/951301,JuL_240806
healthcare_pharma,제약/의료/복지,관절보궁,관절건강엔 관절보궁!,2024-07-01,https://play.tvcf.co.kr/951172,JuL_240806
beauty,화장품,고혼진,Timeless beauty,2024-07-01,https://play.tvcf.co.kr/951057,JuL_240806
fnb,식품/제과,버거킹,저 나쁜 사람 아니 RAGU요^^,2024-07-01,https://play.tvcf.co.kr/952594,JuL_240806
beauty,화장품,에스티로더,This is my story,2024-07-01,https://play.tvcf.co.kr/952972,JuL_240806
retail,서비스/유통/레저,런드리고,세탁은 런드리고가 다 잘함,2024-07-01,https://play.tvcf.co.kr/953833,JuL_240806
beauty,화장품,이니스프리,대한민국 NO.1 레티놀시카 흔적 앰플,2024-07-01,https://play.tvcf.co.kr/954358,JuL_240806
beauty,화장품,CJ 올리브영,"모든 피부, 얼굴만큼 제대로!",2024-07-01,https://play.tvcf.co.kr/951025,JuL_240806
fnb,식품/제과,청년피자,마침내 바라던 도우의 도우착,2024-07-01,https://play.tvcf.co.kr/951024,JuL_240806
telecom,정보통신,시그널플래너,"보험을 짧게, 이해하기 쉽게",2024-07-01,https://play.tvcf.co.kr/951060,JuL_240806
fnb,식품/제과,포스트 크리치오,세 겹 바삭한 레시피,2024-07-02,https://play.tvcf.co.kr/951292,JuL_240806
public_gov,관공서/단체,안전보건공단,"안전, 어려워말고 한 걸음부터",2024-07-02,https://play.tvcf.co.kr/951293,JuL_240806
telecom,정보통신,기프트인포,판촉물 초격차 선언,2024-07-02,https://play.tvcf.co.kr/951219,JuL_240806
fnb,식품/제과,충북 영동 포도,디오니소스가 직접 찾아나선 충북 영동 포도,2024-07-02,https://play.tvcf.co.kr/951275,JuL_240806
telecom,정보통신,헤이딜러,"틀에 갇힌 선택, 깨고 살래요",2024-07-02,https://play.tvcf.co.kr/951279,JuL_240806
automotive,자동차/정유,The Kia EV3,"내가 머무는 곳이 인프라가 되는, My Moving Infra",2024-07-02,https://play.tvcf.co.kr/951283,JuL_240806
beverage_alcohol,음료/기호식품,스프라이트,"스프라이트 시켜, 매운 맛 식혀",2024-07-03,https://play.tvcf.co.kr/951294,JuL_240806
home_appliance,전기전자,LG 홈브루 오브제컬렉션,홈브루로 완성하는 우리 맥주 취향,2024-07-03,https://play.tvcf.co.kr/951854,JuL_240806
beverage_alcohol,음료/기호식품,테라 라이트,마셔도 마셔도 부담없이 가볍게,2024-07-03,https://play.tvcf.co.kr/951296,JuL_240806
public_gov,관공서/단체,식품의약품안전처 마약중독 캠페인,"마약을 이기는 힘, 용기 한 걸음",2024-07-03,https://play.tvcf.co.kr/951458,JuL_240806
home_living,생활/가정용품,깨끗한나라 페퍼민트 물티슈,3초에 한 개씩 팔린 국민물티슈,2024-07-03,https://play.tvcf.co.kr/951571,JuL_240806
telecom,정보통신,리니지 W,"이젠, 아데나로",2024-07-03,https://play.tvcf.co.kr/952547,JuL_240806
finance,금융/보험,현대카드,"역시, 최초의 대한항공카드답게",2024-07-03,https://play.tvcf.co.kr/953462,JuL_240806
fnb,식품/제과,파파존스 app,"내가 니 앱이다, 파파존스",2024-07-03,https://play.tvcf.co.kr/951303,JuL_240806
telecom,정보통신,틱톡,나의 가장 사적인 트렌드,2024-07-04,https://play.tvcf.co.kr/951463,JuL_240806
fnb,식품/제과,엔제리너스,뜨거운 냉커피합니다,2024-07-04,https://play.tvcf.co.kr/951456,JuL_240806
telecom,정보통신,아이폰 15 Pro,A17Pro 칩으로 레벨업,2024-07-04,https://play.tvcf.co.kr/951538,JuL_240806
home_appliance,전기전자,쾌존,꾹 누르면 땡!,2024-07-04,https://play.tvcf.co.kr/951535,JuL_240806
fashion,패션/스포츠,르무통,여행갈 땐 르무통,2024-07-04,https://play.tvcf.co.kr/951515,JuL_240806
finance,금융/보험,우리은행,너도 믿고 앉아봐,2024-07-04,https://play.tvcf.co.kr/953458,JuL_240806
telecom,정보통신,당근알바,오늘도 잘 벌었습니다!,2024-07-04,https://play.tvcf.co.kr/951473,JuL_240806
corporate_pr,기업PR,HL,나를 믿다,2024-07-05,https://play.tvcf.co.kr/951593,JuL_240806
telecom,정보통신,LG유플러스,유플러스가 통신 세상을 바꾼다,2024-07-05,https://play.tvcf.co.kr/951596,JuL_240806
telecom,정보통신,삼성 갤럭시 AI,Unfold your story,2024-07-05,https://play.tvcf.co.kr/951594,JuL_240806
beauty,화장품,비레디,"스킨케어, 자외선 차단, 톤커버까지 ALL READY",2024-07-05,https://play.tvcf.co.kr/951881,JuL_240806
fnb,식품/제과,버거킹,비프 파티 라구,2024-07-05,https://play.tvcf.co.kr/951599,JuL_240806
fnb,식품/제과,뉴욕버거,뉴욕 버거는 대한민국에 있습니다,2024-07-05,https://play.tvcf.co.kr/951597,JuL_240806
automotive,자동차/정유,금호타이어,진화의 무게를 이기는 혁신의 합,2024-07-05,https://play.tvcf.co.kr/939151,JuL_240806
retail,서비스/유통/레저,에버랜드,"여름, 에버랜드가 쿨하게 쏠지도",2024-07-05,https://play.tvcf.co.kr/952105,JuL_240806
fnb,식품/제과,호밍스 고기곰탕,당신이 알아주는 맛,2024-07-05,https://play.tvcf.co.kr/952108,JuL_240806
home_appliance,전기전자,LG 디오스 오브제컬렉션 냉장고,당신의 삶에 직수형 냉장고 STEM이 있다는 건.,2024-07-05,https://play.tvcf.co.kr/952560,JuL_240806
home_appliance,전기전자,삼성 TV,삼성 AI TV로 바꿔보상,2024-07-05,https://play.tvcf.co.kr/951840,JuL_240806
home_appliance,전기전자,2024 NEW 코웨이 icon 얼음정수기,얼음정수기는 코웨이 아이콘 얼음정수기,2024-07-06,https://play.tvcf.co.kr/951604,JuL_240806
beverage_alcohol,음료/기호식품,하루야채,"하루 건강, 원샷!",2024-07-06,https://play.tvcf.co.kr/951480,JuL_240806
fnb,식품/제과,잭링크스,육포는 잭링크스,2024-07-08,https://play.tvcf.co.kr/951787,JuL_240806
education,출판/교육/문화,KBS 캠페인,"우리아이, 우리미래",2024-07-08,https://play.tvcf.co.kr/951764,JuL_240806
home_living,생활/가정용품,한샘,라이프스타일이 다르면 키친도 달라야하니까,2024-07-08,https://play.tvcf.co.kr/951627,JuL_240806
public_gov,관공서/단체,한국에너지공단,찾아라! 생활 속 센스,2024-07-08,https://play.tvcf.co.kr/951762,JuL_240806
fnb,식품/제과,프링글스,뚜껑 열면 시작되는 뒤끝 있는 매운맛!,2024-07-08,https://play.tvcf.co.kr/951534,JuL_240806
public_gov,관공서/단체,국가보훈부,대한민국이 응원해야 할 또 하나의 국가대표,2024-07-08,https://play.tvcf.co.kr/951605,JuL_240806
automotive,자동차/정유,현대자동차그룹,"인류를 위해 더 진보된 수소사회로 가는 여정,
현대자동차그룹이 가장 앞서 달려가겠습니다.",2024-07-08,https://play.tvcf.co.kr/953286,JuL_240806
beverage_alcohol,음료/기호식품,카스,"하나가 되는 소리, 짠!",2024-07-08,https://play.tvcf.co.kr/951763,JuL_240806
retail,서비스/유통/레저,캐리비안베이,"여름, 캐비의 매력에 풍덩 빠질지도",2024-07-09,https://play.tvcf.co.kr/952107,JuL_240806
automotive,자동차/정유,캐스퍼 일렉트릭,전력을 다해,2024-07-09,https://play.tvcf.co.kr/951795,JuL_240806
telecom,정보통신,KB국민은행 리브모바일,Live My Life,2024-07-10,https://play.tvcf.co.kr/950151,JuL_240806
public_gov,관공서/단체,행정안전부,폭언 폭행은 소통의 언어가 될 수 없습니다,2024-07-10,https://play.tvcf.co.kr/952050,JuL_240806
fnb,식품/제과,청정원 햇살담은,영웅이 선택한 간장,2024-07-10,https://play.tvcf.co.kr/952052,JuL_240806
telecom,정보통신,삼성 갤럭시 Z 폴드6,"이제는, 누구나 천재모드 ON",2024-07-10,https://play.tvcf.co.kr/952036,JuL_240806
telecom,정보통신,삼성 갤럭시,"새로운 세상은 바로, 당신으로부터",2024-07-10,https://play.tvcf.co.kr/952034,JuL_240806
retail,서비스/유통/레저,산타의 연못,지금 대한민국은 매일이 크리스마스,2024-07-10,https://play.tvcf.co.kr/952103,JuL_240806
home_living,생활/가정용품,비트캡슐 울트라콤팩트,빨래양 적을 땐 비트캡슐 울트라콤팩트,2024-07-10,https://play.tvcf.co.kr/952043,JuL_240806
fnb,식품/제과,맥도날드 진주 고추 크림치즈 버거,맥도날드가 맛깔나게 살린 진주고추크림치즈버거,2024-07-10,https://play.tvcf.co.kr/952033,JuL_240806
telecom,정보통신,당근비즈니스,사장님 가게를 쑥쑥 키워주기 위해 당근 비즈니스가 동네 사장님 어워즈를 개최합니다.,2024-07-10,https://play.tvcf.co.kr/951972,JuL_240806
telecom,정보통신,삼성 갤럭시,Life opens up with Galaxy AI,2024-07-10,https://play.tvcf.co.kr/952049,JuL_240806
telecom,정보통신,삼성 갤럭시 워치 울트라,당신의 마음이 이끄는대로 Go Ultra,2024-07-10,https://play.tvcf.co.kr/952035,JuL_240806
retail,서비스/유통/레저,티웨이항공,유럽을 일상적으로,2024-07-11,https://play.tvcf.co.kr/952388,JuL_240806
telecom,정보통신,스브스프리미엄 스프,세상을 배우는 지식 구독 플랫폼,2024-07-11,https://play.tvcf.co.kr/952229,JuL_240806
automotive,자동차/정유,랜드로버 레인지로버,존재만으로 완벽을 말하다,2024-07-11,https://play.tvcf.co.kr/952227,JuL_240806
public_gov,관공서/단체,근로복지공단,앞으로 60년 더 넓고 두텁게 일하는 사람과 함께하겠습니다.,2024-07-11,https://play.tvcf.co.kr/952225,JuL_240806
public_gov,관공서/단체,한국관광공사,"이런 한국, 와보지 않고는 모를걸?",2024-07-11,https://play.tvcf.co.kr/952352,JuL_240806
finance,금융/보험,KB국민카드 트래블카드,트카는 특가니까요,2024-07-12,https://play.tvcf.co.kr/952318,JuL_240806
fnb,식품/제과,비요뜨,"한 번의 비요뜨, 한 번의 기분전환",2024-07-12,https://play.tvcf.co.kr/952304,JuL_240806
telecom,정보통신,SK텔레콤,"SKT 육대급 혜택, 이게 되네?",2024-07-12,https://play.tvcf.co.kr/952295,JuL_240806
education,출판/교육/문화,KBS 파리 2024 올림픽,거의 모든 것의 올림픽을 보여 드립니다,2024-07-12,https://play.tvcf.co.kr/952293,JuL_240806
public_gov,관공서/단체,기상청,"기상정보를 자주 확인하는 습관, 우리 안전의 시작입니다",2024-07-12,https://play.tvcf.co.kr/952297,JuL_240806
education,출판/교육/문화,22세기 유물전,"22세기 유물을 바꿀 시간, 얼마 남지 않았습니다.",2024-07-12,https://play.tvcf.co.kr/952285,JuL_240806
telecom,정보통신,SK텔레콤,SKT 갤럭시 쏴방 LIVE,2024-07-12,https://play.tvcf.co.kr/952537,JuL_240806
telecom,정보통신,KT,"Galaxy Z Flip 6, KT니까 괜찮아!",2024-07-12,https://play.tvcf.co.kr/952554,JuL_240806
fnb,식품/제과,도미노피자,잊지 못할 한 판을 위해,2024-07-12,https://play.tvcf.co.kr/952301,JuL_240806
healthcare_pharma,제약/의료/복지,인사돌,"역시, 인사돌이죠",2024-07-13,https://play.tvcf.co.kr/952307,JuL_240806
finance,금융/보험,NH농협은행 올원뱅크,OF COURSE로 즐기는 혜택 가득 금융생활,2024-07-13,https://play.tvcf.co.kr/952736,JuL_240806
finance,금융/보험,DB손해보험,DB다이렉트가 또 먼저 시작합니다,2024-07-13,https://play.tvcf.co.kr/952374,JuL_240806
public_gov,관공서/단체,과학기술정보통신부,"내일을 바꾸는 과학기술, 내 삶을 채우는 디지털, AI",2024-07-14,https://play.tvcf.co.kr/952330,JuL_240806
home_living,생활/가정용품,베스트슬립,"대한민국 국가대표 공식 매트리스, 베스트슬립",2024-07-15,https://play.tvcf.co.kr/952370,JuL_240806
beverage_alcohol,음료/기호식품,세츠 애플사이더,"모든 순간, 너만의 크리에이티비티로",2024-07-15,https://play.tvcf.co.kr/952383,JuL_240806
fnb,식품/제과,아웃백스테이크하우스,"화끈하게 맵고, 짜릿하게 시원한, 맛의 페어링",2024-07-15,https://play.tvcf.co.kr/952501,JuL_240806
fnb,식품/제과,농심 짜파게티,사랑해주셔서 감사합니다,2024-07-15,https://play.tvcf.co.kr/952505,JuL_240806
healthcare_pharma,제약/의료/복지,세르프,fit my skin fit my moment,2024-07-15,https://play.tvcf.co.kr/952497,JuL_240806
beauty,화장품,메리쏘드,나를 빛내는 새로운 쿠션,2024-07-15,https://play.tvcf.co.kr/952535,JuL_240806
public_gov,관공서/단체,포카리스웨트,"여름을 보내는 방법은 달라도, 여름을 지키는 방법은 같다",2024-07-15,https://play.tvcf.co.kr/952590,JuL_240806
healthcare_pharma,제약/의료/복지,정관장,"여름 건강, 당장 정관장",2024-07-15,https://play.tvcf.co.kr/952606,JuL_240806
healthcare_pharma,제약/의료/복지,제일파프,통증엔 펭귄이 제일이지!,2024-07-15,https://play.tvcf.co.kr/953096,JuL_240806
fnb,식품/제과,종가,We are Kimchi Lovers,2024-07-15,https://play.tvcf.co.kr/953119,JuL_240806
healthcare_pharma,제약/의료/복지,셀렉스 릴렛스샷,원샷으로 스트레스로 인한 긴장! 피로! OUT!,2024-07-15,https://play.tvcf.co.kr/953349,JuL_240806
telecom,정보통신,삼성 갤럭시,함께할수록 한계는 없어지고 꿈은 가까워질 테니,2024-07-15,https://play.tvcf.co.kr/953747,JuL_240806
retail,서비스/유통/레저,SSG닷컴,이것은 장보기의 지갑변동,2024-07-15,https://play.tvcf.co.kr/952414,JuL_240806
education,출판/교육/문화,앨리스트랙,성장이 실감나는 부트캠프,2024-07-16,https://play.tvcf.co.kr/952550,JuL_240806
telecom,정보통신,LG유플러스,반려견과 여행갈 땐 포동,2024-07-16,https://play.tvcf.co.kr/952602,JuL_240806
healthcare_pharma,제약/의료/복지,이가탄,우리 곁엔 언제나 이가탄,2024-07-16,https://play.tvcf.co.kr/952597,JuL_240806
telecom,정보통신,KT,KT로 붙어주세요~,2024-07-16,https://play.tvcf.co.kr/952588,JuL_240806
corporate_pr,기업PR,한솔그룹,계속되는 지구의 잔소리에 한숨만 쉬는 당신을 위해 한솔이 나섰습니다.,2024-07-16,https://play.tvcf.co.kr/952610,JuL_240806
telecom,정보통신,삼성 갤럭시 Z 플립6,막 찍어도 인생 사진 카메라,2024-07-17,https://play.tvcf.co.kr/952744,JuL_240806
education,출판/교육/문화,SBS 파리 2024,당신의 밤을 SBS와 함께,2024-07-17,https://play.tvcf.co.kr/952827,JuL_240806
education,출판/교육/문화,대한체육회,ONETEAMKOREA,2024-07-17,https://play.tvcf.co.kr/953235,JuL_240806
beverage_alcohol,음료/기호식품,네스프레소,더블클릭으로 더 깊고 진하게,2024-07-17,https://play.tvcf.co.kr/953236,JuL_240806
finance,금융/보험,현대카드,"푸짐한 배민포인트 곱빼기, 배민현대카드II",2024-07-17,https://play.tvcf.co.kr/953409,JuL_240806
finance,금융/보험,NH농협생명,변화하는 시대에도 내맘같이,2024-07-18,https://play.tvcf.co.kr/952884,JuL_240806
home_appliance,전기전자,서든어택,"한판은 짧게, 쾌감은 굵게",2024-07-18,https://play.tvcf.co.kr/952867,JuL_240806
fnb,식품/제과,롯데리아 리아 불고기,"KOREA, GO RIA",2024-07-18,https://play.tvcf.co.kr/952886,JuL_240806
healthcare_pharma,제약/의료/복지,아큐브 오아시스 MAX 원데이,맥스의 편안함과 맥스의 선명함으로 맥스의 퍼포먼스를 경험해보세요,2024-07-18,https://play.tvcf.co.kr/952899,JuL_240806
home_appliance,전기전자,닌자 블라스트,COMPACT 하면서 조용하고 강력하게.,2024-07-18,https://play.tvcf.co.kr/952908,JuL_240806
healthcare_pharma,제약/의료/복지,셀메드,영양소는 결국 셀메드이거나 아니거나,2024-07-18,https://play.tvcf.co.kr/952921,JuL_240806
finance,금융/보험,캐롯손해보험,"이런 보험, 오직 캐롯",2024-07-18,https://play.tvcf.co.kr/952927,JuL_240806
home_living,생활/가정용품,슬로우베드,"내일의 발견, SLOU BED",2024-07-18,https://play.tvcf.co.kr/953303,JuL_240806
automotive,자동차/정유,현대자동차 N,Go Crazy. Never just drive.,2024-07-18,https://play.tvcf.co.kr/954252,JuL_240806
fnb,식품/제과,원할머니보쌈족발,"보쌈, NO.1",2024-07-19,https://play.tvcf.co.kr/952904,JuL_240806
public_gov,관공서/단체,보건복지부,"아이와 함께, 감탄 생활",2024-07-19,https://play.tvcf.co.kr/952911,JuL_240806
public_gov,관공서/단체,국민건강보험,국민건강보험의 룰? 국룰!,2024-07-19,https://play.tvcf.co.kr/952922,JuL_240806
home_living,생활/가정용품,일룸 헤이븐 매트리스,"깨끗한 잠, 편안한 잠",2024-07-19,https://play.tvcf.co.kr/952977,JuL_240806
fnb,식품/제과,원할머니보쌈족발,"보쌈, 넌 내게 NO.1이야",2024-07-19,https://play.tvcf.co.kr/953123,JuL_240806
telecom,정보통신,호텔스컴바인,호텔 예약 컴바인-싸!,2024-07-19,https://play.tvcf.co.kr/953208,JuL_240806
home_appliance,전기전자,도깨비방망이 페어블,하나로 이어지는 쿠킹ON니버스,2024-07-19,https://play.tvcf.co.kr/953445,JuL_240806
home_appliance,전기전자,삼성전자,결혼하면 네 손에 물 한 방울 안 묻히게 해줄게,2024-07-19,https://play.tvcf.co.kr/953562,JuL_240806
home_appliance,전기전자,삼성전자,"우리 가게, AI 잘 뽑았네",2024-07-19,https://play.tvcf.co.kr/953590,JuL_240806
retail,서비스/유통/레저,프리드라이프,"장례도 1위 답게, 프리드라이프",2024-07-20,https://play.tvcf.co.kr/953083,JuL_240806
fnb,식품/제과,뉴욕버거,뉴욕패티는 뉴욕버거에만 있습니다,2024-07-20,https://play.tvcf.co.kr/953085,JuL_240806
public_gov,관공서/단체,경기도 기후행동 기회소득,행동하고 돈벌자!,2024-07-20,https://play.tvcf.co.kr/953086,JuL_240806
beverage_alcohol,음료/기호식품,하이트진로,"하이트진로 100주년, 100년만큼 100년 더",2024-07-20,https://play.tvcf.co.kr/952975,JuL_240806
finance,금융/보험,NH농협손해보험 헤아림,모든 마음보다 앞선 헤아림,2024-07-20,https://play.tvcf.co.kr/952987,JuL_240806
finance,금융/보험,NH가성비굿건강보험,이름값 하는 보험,2024-07-20,https://play.tvcf.co.kr/952986,JuL_240806
fnb,식품/제과,푸라닭치킨,"푸라닭 시키기 딱 좋은 시간, 딥, 딥, 딥, 딥~!",2024-07-20,https://play.tvcf.co.kr/953092,JuL_240806
healthcare_pharma,제약/의료/복지,오스템임플란트,뭐가 달라도 다르겄쥬,2024-07-22,https://play.tvcf.co.kr/953175,JuL_240806
fnb,식품/제과,버거킹,아직도 비프라구 와퍼 안 먹어봤다구?,2024-07-22,https://play.tvcf.co.kr/953238,JuL_240806
retail,서비스/유통/레저,홈플러스,뛰어야 가볍게 산다,2024-07-23,https://play.tvcf.co.kr/953275,JuL_240806
fnb,식품/제과,복숭아자조금관리위원회,올여름엔 피치해!,2024-07-23,https://play.tvcf.co.kr/953279,JuL_240806
retail,서비스/유통/레저,쿠팡 로켓직구,"보라, 얼마나 편리한가!",2024-07-23,https://play.tvcf.co.kr/953304,JuL_240806
corporate_pr,기업PR,SK,"따로 또 같이, 같이 더 멀리",2024-07-23,https://play.tvcf.co.kr/953624,JuL_240806
automotive,자동차/정유,렉서스 LM,시간의 가치를 움직이는 공간,2024-07-24,https://play.tvcf.co.kr/953388,JuL_240806
telecom,정보통신,KT,KT로 떠나자!,2024-07-24,https://play.tvcf.co.kr/953451,JuL_240806
telecom,정보통신,삼성 갤럭시 워치 울트라,극한의 도전을 위한 초강력 AI워치,2024-07-24,https://play.tvcf.co.kr/953715,JuL_240806
beauty,화장품,제이숲,우린 모두 민감헤어,2024-07-25,https://play.tvcf.co.kr/953437,JuL_240806
telecom,정보통신,번개장터,"번개장터, 중고거래를 바꾼다",2024-07-25,https://play.tvcf.co.kr/953439,JuL_240806
home_appliance,전기전자,린나이 인덕션,린나이와 함께 만드는 당신의 온전한 습관,2024-07-25,https://play.tvcf.co.kr/953453,JuL_240806
home_appliance,전기전자,메이플스토리 M,선택받은 빛이여 동료와 함께 너의 창으로 빛을 밝혀라,2024-07-25,https://play.tvcf.co.kr/953491,JuL_240806
telecom,정보통신,삼성 갤럭시 Z 폴드6,"드디어, AI 집사를 내 손 안에",2024-07-25,https://play.tvcf.co.kr/953541,JuL_240806
public_gov,관공서/단체,경기비즈니스센터,"경기도 중소수출 기업의 세계를 향한 도전, 경기 비즈니스 센터가 함께 하겠습니다",2024-07-25,https://play.tvcf.co.kr/953543,JuL_240806
public_gov,관공서/단체,건강보험심사평가원,"의료의 바른 성장을 돕는 심사평가, 심평원이 합니다.",2024-07-25,https://play.tvcf.co.kr/953538,JuL_240806
public_gov,관공서/단체,360도 돌봄,누구나 언제나 어디나 따뜻해지는 봄,2024-07-25,https://play.tvcf.co.kr/953547,JuL_240806
healthcare_pharma,제약/의료/복지,정관장 알엑스진피크업,"피크업 먹는 이 남자, 잘해",2024-07-25,https://play.tvcf.co.kr/953566,JuL_240806
telecom,정보통신,알다,"대출, 알아보고 알아보면 알다",2024-07-25,https://play.tvcf.co.kr/953773,JuL_240806
telecom,정보통신,삼성전자,Voices of Galaxy,2024-07-26,https://play.tvcf.co.kr/953712,JuL_240806
construction_realestate,아파트/건설,스위첸,한 끼 정도는 함께하는 사이가 식구입니다,2024-07-26,https://play.tvcf.co.kr/953552,JuL_240806
home_appliance,전기전자,LG전자,공간과 미래를 연결하다,2024-07-26,https://play.tvcf.co.kr/953674,JuL_240806
finance,금융/보험,KB자산운용,함께 Rise로 Rise할까요?,2024-07-26,https://play.tvcf.co.kr/953665,JuL_240806
home_appliance,전기전자,맥북,온종일 가는 배터리,2024-07-26,https://play.tvcf.co.kr/953671,JuL_240806
finance,금융/보험,라이나,Spotlight on YOU,2024-07-26,https://play.tvcf.co.kr/953668,JuL_240806
telecom,정보통신,아이폰 15 Pro,개인정보 보호. iPhone이니까.,2024-07-26,https://play.tvcf.co.kr/953673,JuL_240806
healthcare_pharma,제약/의료/복지,맨올로지 컷,"다이어트, 1등으로 하세요",2024-07-26,https://play.tvcf.co.kr/953666,JuL_240806
telecom,정보통신,라스트 워: 서바이벌,우린 항상 1위로 달려,2024-07-26,https://play.tvcf.co.kr/953670,JuL_240806
telecom,정보통신,넷플릭스,"여름 액션, 넷플 뭐봄?",2024-07-26,https://play.tvcf.co.kr/953667,JuL_240806
home_appliance,전기전자,LG 스탠바이미,영화와 한 몸처럼 사는 변우석도 스탠바이미 러버,2024-07-26,https://play.tvcf.co.kr/953780,JuL_240806
telecom,정보통신,삼성 갤럭시링,Galaxy Ring과 함께 세상의 영감이 되다. Inspi-Ring,2024-07-26,https://play.tvcf.co.kr/953848,JuL_240806
telecom,정보통신,디즈니플러스,신나는 예능 보고 디플 때,2024-07-26,https://play.tvcf.co.kr/953675,JuL_240806
finance,금융/보험,하나금융그룹,외환에서도 하나뿐인 내 편,2024-07-26,https://play.tvcf.co.kr/953680,JuL_240806
retail,서비스/유통/레저,제주항공,뜨기 전인 곳까지 띄웁니다,2024-07-26,https://play.tvcf.co.kr/953442,JuL_240806
home_living,생활/가정용품,펑크린 울트라겔,막힘없이! 거침없이! 뚫으세요!,2024-07-27,https://play.tvcf.co.kr/953691,JuL_240806
automotive,자동차/정유,메르세데스 벤츠 마이바흐 S클래스,WECOME TO BEYOND,2024-07-27,https://play.tvcf.co.kr/953700,JuL_240806
fnb,식품/제과,맥도날드,나의 자부심이 되는 곳,2024-07-27,https://play.tvcf.co.kr/953682,JuL_240806
healthcare_pharma,제약/의료/복지,뉴트리코어 X Dr 블루션,올인원 케어 블루션,2024-07-27,https://play.tvcf.co.kr/953690,JuL_240806
public_gov,관공서/단체,경기도교육청,우리의 길은 하나가 아니야,2024-07-27,https://play.tvcf.co.kr/953709,JuL_240806
healthcare_pharma,제약/의료/복지,푸웅 나이트버닝 프로,♬ 잠들기 전 한 알 푸응 나이트 버닝 프로,2024-07-27,https://play.tvcf.co.kr/953711,JuL_240806
finance,금융/보험,NH농협카드,"지금 원하는 라이프, zgm으로부터",2024-07-27,https://play.tvcf.co.kr/953851,JuL_240806
fnb,식품/제과,피코크,조선의 미식을 맛보다,2024-07-29,https://play.tvcf.co.kr/953892,JuL_240806
home_appliance,전기전자,LG 시네빔 큐브,"손 안의 4K, 세상을 움직이다.",2024-07-29,https://play.tvcf.co.kr/953745,JuL_240806
healthcare_pharma,제약/의료/복지,센트룸 구미,"건강, 이제 맛있게 챙기자",2024-07-29,https://play.tvcf.co.kr/953731,JuL_240806
telecom,정보통신,번개장터,모든 거래를 안전거래로,2024-07-29,https://play.tvcf.co.kr/954370,JuL_240806
retail,서비스/유통/레저,센디,용달은 원래 편하다. 용달에 대한 생각까지 옮깁니다.,2024-07-29,https://play.tvcf.co.kr/953742,JuL_240806
corporate_pr,기업PR,현대자동차그룹,그 모든 걸 이겨내고,2024-07-30,https://play.tvcf.co.kr/953893,JuL_240806
home_appliance,전기전자,영웅전설: 가가브 트릴로지,"또다시 당신을 설레게 할 1,000년의 이야기",2024-07-30,https://play.tvcf.co.kr/954100,JuL_240806
fnb,식품/제과,아워홈,각양각식 라이프,2024-07-30,https://play.tvcf.co.kr/954178,JuL_240806
automotive,자동차/정유,에스오일,Goo Doil Can Do it,2024-07-31,https://play.tvcf.co.kr/953890,JuL_240806
healthcare_pharma,제약/의료/복지,공진단 수,시대를 초월한 명약,2024-07-31,https://play.tvcf.co.kr/954136,JuL_240806
finance,금융/보험,LS증권,성공 투자를 위한 리딩 솔루션,2024-07-31,https://play.tvcf.co.kr/954274,JuL_240806
home_appliance,전기전자,로보락,제값하는 1등 로봇청소기,2024-07-31,https://play.tvcf.co.kr/954101,JuL_240806
home_appliance,전기전자,블루벤트,음식물처리의 한 손 시대 개막,2025-07-01,https://play.tvcf.co.kr/986487,Jul_250811
home_living,생활/가정용품,다우니 실내건조,실내건조도 햇빛에 말린것처럼,2025-07-01,https://play.tvcf.co.kr/986766,Jul_250811
home_appliance,전기전자,삼성 OLED,OLED라는 이름. 그 위에. 삼성 OLED,2025-07-01,https://play.tvcf.co.kr/986768,Jul_250811
fnb,식품/제과,버거킹,할라피뇨보다 귀여운 매운 맛,2025-07-01,https://play.tvcf.co.kr/986772,Jul_250811
fnb,식품/제과,써브웨이,새우는 레몬을 좋아해,2025-07-01,https://play.tvcf.co.kr/986749,Jul_250811
beverage_alcohol,음료/기호식품,코카콜라 제로,논쟁은 그만. 마셔봐야겠죠?,2025-07-01,https://play.tvcf.co.kr/986473,Jul_250811
telecom,정보통신,KT,"KT의 네트워크를 이토록 강하게 만든 건, 대한민국의 당신입니다",2025-07-01,https://play.tvcf.co.kr/986575,Jul_250811
beauty,화장품,올리브영,"7월, 올리브영에서 만나봐!",2025-07-01,https://play.tvcf.co.kr/989024,Jul_250811
automotive,자동차/정유,BYD SEAL,EV는 이제 이렇게. BYD Seal.,2025-07-01,https://play.tvcf.co.kr/986770,Jul_250811
construction_realestate,아파트/건설,현대 아이파크 시티,THE CITY CHANGE LIFE,2025-07-01,https://play.tvcf.co.kr/988602,Jul_250811
public_gov,관공서/단체,한국환경공단,소중하게 아끼는 마음이 우리가 그린(GREEN) 지구가 됩니다.,2025-07-01,https://play.tvcf.co.kr/986771,Jul_250811
automotive,자동차/정유,한국타이어,"당신이 원하는 컴포 SUV, 다이나프로가 완성하다",2025-07-01,https://play.tvcf.co.kr/986610,Jul_250811
corporate_pr,기업PR,한국자산관리공사 캠코,"내일이 다시 빛나도록, 오늘도 캠코",2025-07-01,https://play.tvcf.co.kr/986512,Jul_250811
home_living,생활/가정용품,퍼울,"새 옷 인가요? 아니, 퍼울했죠",2025-07-01,https://play.tvcf.co.kr/986533,Jul_250811
home_living,생활/가정용품,퍼시스,Better ME@office,2025-07-01,https://play.tvcf.co.kr/986302,Jul_250811
healthcare_pharma,제약/의료/복지,텐써마,"우리 아름답게 살자, 텐써마",2025-07-01,https://play.tvcf.co.kr/986805,Jul_250811
fnb,식품/제과,자담치킨,너무 맛있어서 핑! 자담 치즈핑!,2025-07-01,https://play.tvcf.co.kr/985953,Jul_250811
healthcare_pharma,제약/의료/복지,이가탄 에프,잇몸병엔 이가탄,2025-07-01,https://play.tvcf.co.kr/986531,Jul_250811
healthcare_pharma,제약/의료/복지,올리지오,요즘대세 올리지오,2025-07-01,https://play.tvcf.co.kr/986817,Jul_250811
fnb,식품/제과,오동리콩국물,🎵 오!동리 콩국물,2025-07-01,https://play.tvcf.co.kr/986763,Jul_250811
retail,서비스/유통/레저,여기어때,🎵 여행할 때 여기 어떄,2025-07-01,https://play.tvcf.co.kr/986460,Jul_250811
automotive,자동차/정유,아우디 Q5,"달리는 순간, 모든 반응이 균형을 이룬다",2025-07-01,https://play.tvcf.co.kr/986775,Jul_250811
finance,금융/보험,삼성증권 헤리티지 유언대용신탁,"나를 닮은 선택, 나를 담은 신탁",2025-07-01,https://play.tvcf.co.kr/986787,Jul_250811
public_gov,관공서/단체,병무청,오늘도 이행,2025-07-01,https://play.tvcf.co.kr/987570,Jul_250811
fnb,식품/제과,배스킨라빈스,애망빙? 펄~,2025-07-01,https://play.tvcf.co.kr/988533,Jul_250811
telecom,정보통신,배달의민족,한그릇으로 1인분의 기준을 바꾸다,2025-07-01,https://play.tvcf.co.kr/983814,Jul_250811
beauty,화장품,로레알,로레알을 써요 난 소중하니까,2025-07-01,https://play.tvcf.co.kr/986608,Jul_250811
home_living,생활/가정용품,도루코,Edge of shaving.,2025-07-01,https://play.tvcf.co.kr/988708,Jul_250811
retail,서비스/유통/레저,더피플라이프,사람을 연구합니다,2025-07-01,https://play.tvcf.co.kr/986587,Jul_250811
home_appliance,전기전자,닌자 콰이어트 IQ,조용하고 강력하게 부드럽고 진한 텍스처를,2025-07-01,https://play.tvcf.co.kr/986591,Jul_250811
fnb,식품/제과,굽네치킨 장각구이,굽네가 각잡고 만든 치킨,2025-07-01,https://play.tvcf.co.kr/986951,Jul_250811
telecom,정보통신,강남언니,SEE THE UNSEEN,2025-07-01,https://play.tvcf.co.kr/986499,Jul_250811
healthcare_pharma,제약/의료/복지,컨디션 ZERO 스파클링,"대한민국을 깨우는 기술, 컨디션 ZERO 스파클링",2025-07-01,https://play.tvcf.co.kr/986523,Jul_250811
telecom,정보통신,배달의민족 배민클럽,"배민클럽으로 밥 시키면, 대탈출 더 스토리가 써비스",2025-07-02,https://play.tvcf.co.kr/987277,Jul_250811
automotive,자동차/정유,현대자동차그룹,Your voice is our way,2025-07-02,https://play.tvcf.co.kr/987038,Jul_250811
healthcare_pharma,제약/의료/복지,코웰메디,치조골이식은 뼈틀란트로 진행시켜,2025-07-02,https://play.tvcf.co.kr/980682,Jul_250811
public_gov,관공서/단체,신용보증재단중앙회,함께 우뚝!,2025-07-02,https://play.tvcf.co.kr/986931,Jul_250811
automotive,자동차/정유,볼보 XC90,"삶에 자유를, 순간에 깊이를",2025-07-02,https://play.tvcf.co.kr/986839,Jul_250811
finance,금융/보험,미래에셋자산운용 타이거ETF,국내 금 ETF 중 최저 보수로 연금 투자까지 안전하게,2025-07-02,https://play.tvcf.co.kr/986799,Jul_250811
fnb,식품/제과,메가MGC커피,Chapter of Summer,2025-07-02,https://play.tvcf.co.kr/988555,Jul_250811
telecom,정보통신,구글플레이,Go play googleplay,2025-07-02,https://play.tvcf.co.kr/986819,Jul_250811
beverage_alcohol,음료/기호식품,카누 호환캡슐,캡슐만 바꿔도 커피가 맛있다,2025-07-03,https://play.tvcf.co.kr/987041,Jul_250811
home_appliance,전기전자,휴렉 히트,🎵 음쓰는 휴렉,2025-07-03,https://play.tvcf.co.kr/986996,Jul_250811
public_gov,관공서/단체,한국관광공사,ESCAPE TO KOREA,2025-07-03,https://play.tvcf.co.kr/986940,Jul_250811
beauty,화장품,에스트라 세라히알 수분 앰플,잠가주고 오래가는 세라-히알,2025-07-03,https://play.tvcf.co.kr/987263,Jul_250811
finance,금융/보험,삼성증권 mPOP,mPOP과 함께 행복한 투자루틴,2025-07-03,https://play.tvcf.co.kr/986982,Jul_250811
home_appliance,전기전자,메이플스토리 M,"메이플스토리의 운명의 빛을 이끄는 자, 아이엘",2025-07-03,https://play.tvcf.co.kr/987311,Jul_250811
retail,서비스/유통/레저,롯데마트 통큰세일,통 큰 거 온다! 통큰세일,2025-07-03,https://play.tvcf.co.kr/986995,Jul_250811
fnb,식품/제과,롯데리아,한국인의 패스트푸드를 세계인의 베스트푸드로.,2025-07-03,https://play.tvcf.co.kr/986933,Jul_250811
fnb,식품/제과,롯데리아,"K-버거, 넌 진화를 멈추지 않는구나",2025-07-03,https://play.tvcf.co.kr/986935,Jul_250811
telecom,정보통신,LG유플러스,"통화 내용 놓칠 걱정없는 AI 통화앱, 익시오",2025-07-04,https://play.tvcf.co.kr/987766,Jul_250811
home_living,생활/가정용품,PN풍년,풍요로움의 경험을 당신의 일상에,2025-07-04,https://play.tvcf.co.kr/988170,Jul_250811
education,출판/교육/문화,MBC,광복 80주년 MBC 연중기획. 평화와 미래.,2025-07-04,https://play.tvcf.co.kr/987119,Jul_250811
telecom,정보통신,KT,기대해. K Intelligence lucky drop으로 세상 가득 펼쳐질 놀라운 혜택을,2025-07-04,https://play.tvcf.co.kr/987762,Jul_250811
fashion,패션/스포츠,ABC마트,전품목 최대 70% 세일,2025-07-04,https://play.tvcf.co.kr/987009,Jul_250811
public_gov,관공서/단체,초록우산 어린이재단,세상의 변화를 이끌 힘은 누구에게나 있다,2025-07-04,https://play.tvcf.co.kr/987006,Jul_250811
public_gov,관공서/단체,재외동포청,재외동포가 있다 대한민국을 잇다,2025-07-04,https://play.tvcf.co.kr/987075,Jul_250811
fnb,식품/제과,엔제리너스,우리가 만든 이 한 잔의 엔젤이 당신의 순간을 지켜줄 수 있기를.,2025-07-04,http://play.tvcf.co.kr/987010,Jul_250811
telecom,정보통신,실버앤블러드,피로 물들인 운명에 맞서라,2025-07-04,https://play.tvcf.co.kr/987120,Jul_250811
home_appliance,전기전자,삼성 Bespoke AI 원바디,"원하던 세탁 바라던 건조, 이젠 AI원바디로 세대교체",2025-07-04,https://play.tvcf.co.kr/987257,Jul_250811
public_gov,관공서/단체,식품의약품안전처,"약하지 않아, 나약하지 않아",2025-07-05,https://play.tvcf.co.kr/984622,Jul_250811
healthcare_pharma,제약/의료/복지,바르지오 모두크림,어떤 무좀도 다다다 다다 바르지오,2025-07-05,https://play.tvcf.co.kr/949573,Jul_250811
telecom,정보통신,카카오페이,즐겁게 더- 오래,2025-07-06,https://play.tvcf.co.kr/987317,Jul_250811
fnb,식품/제과,KFC,먹어보면 놀랄걸?,2025-07-07,https://play.tvcf.co.kr/987473,Jul_250811
healthcare_pharma,제약/의료/복지,GLPro 더블컷,정관장이 만든 체지방 다이어트,2025-07-07,https://play.tvcf.co.kr/987224,Jul_250811
automotive,자동차/정유,현대자동차,"Dear 현대자동차, From 유재석.",2025-07-07,https://play.tvcf.co.kr/987197,Jul_250811
healthcare_pharma,제약/의료/복지,푸드올로지,너의 라인을 찾아봐,2025-07-07,http://play.tvcf.co.kr/987258,Jul_250811
beverage_alcohol,음료/기호식품,카스 후레쉬 아이스,더위를 ssac 날려버릴 이 소리!,2025-07-07,https://play.tvcf.co.kr/987358,Jul_250811
beverage_alcohol,음료/기호식품,아사히 수퍼드라이,Black Pink in your DRY,2025-07-07,https://play.tvcf.co.kr/988144,Jul_250811
finance,금융/보험,신한은행 헤이영,"하고 싶은 대로 해, 헤이영",2025-07-07,https://play.tvcf.co.kr/988382,Jul_250811
telecom,정보통신,스포티파이,함께 만드는 T1이라는 장르,2025-07-07,https://play.tvcf.co.kr/988532,Jul_250811
healthcare_pharma,제약/의료/복지,프롬바이오 위건강엔 매스틱,위건강이 필요한 순간은? 매순간,2025-07-08,https://play.tvcf.co.kr/987521,Jul_250811
finance,금융/보험,현대카드,Tom Sachs가 디자인한 현대카드,2025-07-08,https://play.tvcf.co.kr/987513,Jul_250811
home_appliance,전기전자,코웨이 icon 얼음정수기 스탠다드,이유는 달라도 선택은 결국 코웨이 아이콘 얼음 정수기 스탠다드.,2025-07-08,https://play.tvcf.co.kr/987519,Jul_250811
healthcare_pharma,제약/의료/복지,뉴케어 마이키즈,우리 아이 영양을 채우다,2025-07-08,https://play.tvcf.co.kr/987424,Jul_250811
telecom,정보통신,넷플릭스,준비됐어? 올 여름 스릴러 넷플에서,2025-07-08,https://play.tvcf.co.kr/987528,Jul_250811
retail,서비스/유통/레저,현대면세점,"여행자라면 이제, 법대로 삽시다",2025-07-09,https://play.tvcf.co.kr/987621,Jul_250811
retail,서비스/유통/레저,알리익스프레스,나의취향 만능알리,2025-07-09,https://play.tvcf.co.kr/987722,Jul_250811
fnb,식품/제과,맥도날드 익산 고구마 모짜렐라 버거,"금쪽같은 내 고구마, 맥도날드 버거로 큰 사랑 받거라",2025-07-09,https://play.tvcf.co.kr/987723,Jul_250811
education,출판/교육/문화,SBS 뉴스,앵커가 바뀝니다. 앵커의 의미는 바뀌지 않습니다.,2025-07-10,https://play.tvcf.co.kr/987828,Jul_250811
automotive,자동차/정유,The new 아이오닉 6,새로운 흐름의 시작,2025-07-10,https://play.tvcf.co.kr/987803,Jul_250811
automotive,자동차/정유,현대자동차 N,Never just drive,2025-07-10,https://play.tvcf.co.kr/987834,Jul_250811
fnb,식품/제과,한돈,한계 없는 능력,2025-07-10,https://play.tvcf.co.kr/987843,Jul_250811
public_gov,관공서/단체,한국에너지공단,중요한 건 하려는 마음이니까,2025-07-10,https://play.tvcf.co.kr/987809,Jul_250811
public_gov,관공서/단체,한국관광공사,Echoes of Korea,2025-07-10,https://play.tvcf.co.kr/987769,Jul_250811
healthcare_pharma,제약/의료/복지,폴리덴트,"틀니, 이제 걱정없어요",2025-07-10,https://play.tvcf.co.kr/987869,Jul_250811
home_appliance,전기전자,트레비 일체형비데 Bath No.9,바꾸자 트레비로,2025-07-10,https://play.tvcf.co.kr/987752,Jul_250811
beverage_alcohol,음료/기호식품,짐빔 하이볼,새로 나온 짐빔하이볼 플레인,2025-07-10,https://play.tvcf.co.kr/987815,Jul_250811
healthcare_pharma,제약/의료/복지,아큐브 오아시스 MAX 원데이,"이제 아큐브 오아시스 맥스 원데이에 블루라이트 차단기술로
맥스의 편안함과 선명함을 경험해보세요.",2025-07-10,https://play.tvcf.co.kr/987873,Jul_250811
beverage_alcohol,음료/기호식품,아이시스 8.0,우리의 수원지는 지구가 아닐까? 그래서 아이시스는 사라지는 중,2025-07-10,https://play.tvcf.co.kr/987810,Jul_250811
fnb,식품/제과,스타벅스,WANT MORE COFFEE? ONE MORE COFFEE!,2025-07-10,https://play.tvcf.co.kr/987829,Jul_250811
telecom,정보통신,삼성 웨어러블,"Now, start exploring your Galaxy Watch8Series",2025-07-10,https://play.tvcf.co.kr/989628,Jul_250811
telecom,정보통신,삼성 갤럭시 Z 폴드7,울트라를 펼치다,2025-07-10,https://play.tvcf.co.kr/987811,Jul_250811
telecom,정보통신,삼성 갤럭시 워치8,나만의 첫 AI 헬스 코치,2025-07-10,https://play.tvcf.co.kr/987886,Jul_250811
fnb,식품/제과,버거킹,🎵 버거킹에 가면~,2025-07-10,https://play.tvcf.co.kr/988559,Jul_250811
home_appliance,전기전자,마비노기,단숨에 이루는 모두의 판타지,2025-07-10,https://play.tvcf.co.kr/987875,Jul_250811
home_appliance,전기전자,LG 디오스 오브제컬렉션 식기세척기,설거지를 끊자. 디오스 식기세척기를 쓰자.,2025-07-10,https://play.tvcf.co.kr/987800,Jul_250811
finance,금융/보험,KB국민은행,국민 모두가 잘 살 수 있도록,2025-07-11,https://play.tvcf.co.kr/988267,Jul_250811
construction_realestate,아파트/건설,에피트,저런 가족들은 아파트에 안 살 것 같아. 에피트에 살 것 같아,2025-07-11,https://play.tvcf.co.kr/983832,Jul_250811
fnb,식품/제과,스텔라떡볶이,"시원하게 비벼먹자, 스텔라 냉떡볶이",2025-07-11,https://play.tvcf.co.kr/987614,Jul_250811
healthcare_pharma,제약/의료/복지,멀츠 울쎄라피프라임,볼수록 강한 초음파 리프팅,2025-07-11,https://play.tvcf.co.kr/987910,Jul_250811
finance,금융/보험,교보생명,자산 찾기에 청량감이 필요할 때,2025-07-11,https://play.tvcf.co.kr/987073,Jul_250811
fnb,식품/제과,파파존스,"아이브랑 같이 먹자, 아메리칸프리미엄 피자",2025-07-12,https://play.tvcf.co.kr/987996,Jul_250811
telecom,정보통신,에어비앤비,소개합니다. 에어비앤비 체험.,2025-07-12,https://play.tvcf.co.kr/988270,Jul_250811
corporate_pr,기업PR,바이오리브,살아있어야 유산균이다,2025-07-13,https://play.tvcf.co.kr/987912,Jul_250811
automotive,자동차/정유,현대 넥쏘,그래서 저는 넥쏘를 탑니다,2025-07-13,https://play.tvcf.co.kr/989002,Jul_250811
telecom,정보통신,헤이딜러,나의 운전 졸업식,2025-07-14,https://play.tvcf.co.kr/988269,Jul_250811
fnb,식품/제과,오구피자,불고기 한 판에 담다,2025-07-14,https://play.tvcf.co.kr/988662,Jul_250811
healthcare_pharma,제약/의료/복지,볼뉴머,"당신을 위로합니다, 볼뉴머",2025-07-14,https://play.tvcf.co.kr/988272,Jul_250811
telecom,정보통신,바비톡,미미는 툭하면 바비톡,2025-07-15,https://play.tvcf.co.kr/988308,Jul_250811
telecom,정보통신,LG유플러스 갤럭시 Z 폴드7 l Z 플립7,갤럭시는 유플이 잘해,2025-07-15,https://play.tvcf.co.kr/988489,Jul_250811
telecom,정보통신,SK텔레콤,SKT는 모두에게,2025-07-15,https://play.tvcf.co.kr/988304,Jul_250811
beverage_alcohol,음료/기호식품,한맥 엑스트라 크리미 生 캔,기다린만큼 더 smooth하게,2025-07-15,https://play.tvcf.co.kr/988485,Jul_250811
public_gov,관공서/단체,풍수해보험·지진재해보험,풍수해 대비해!,2025-07-15,http://play.tvcf.co.kr/988530,Jul_250811
public_gov,관공서/단체,초록우산 어린이재단,우리의 목표는 단 하나. 모든 아이들이 건강하게 자라나는 것.,2025-07-15,https://play.tvcf.co.kr/988535,Jul_250811
fnb,식품/제과,셰프애찬,셰프의 손맛을 언제 어디서나.,2025-07-15,https://play.tvcf.co.kr/988493,Jul_250811
home_appliance,전기전자,경동나비엔 제습 환기청정기,집안공기를 한 방에 바꾸다,2025-07-15,https://play.tvcf.co.kr/988487,Jul_250811
telecom,정보통신,KT,"AI 폰은 KT, KT는 AI",2025-07-16,https://play.tvcf.co.kr/988538,Jul_250811
telecom,정보통신,SK브로드밴드 B tv,에이닷과 대화하며 즐기는 AI Btv,2025-07-16,https://play.tvcf.co.kr/988543,Jul_250811
telecom,정보통신,KT 스카이라이프,확~실하게 새로운 ipit TV.,2025-07-16,https://play.tvcf.co.kr/988553,Jul_250811
retail,서비스/유통/레저,홈플러스 썸머 슈퍼세일,지금 뛰어야 산다,2025-07-16,https://play.tvcf.co.kr/988611,Jul_250811
home_living,생활/가정용품,오랄비 iO,99.7% 더 강력한 플라그 제거,2025-07-16,https://play.tvcf.co.kr/988645,Jul_250811
healthcare_pharma,제약/의료/복지,세종스포츠정형외과의원,일상으로의 건강한 복귀를 위해,2025-07-16,https://play.tvcf.co.kr/988640,Jul_250811
telecom,정보통신,삼성 갤럭시 Z 플립7,"AI 폰, 한 손에 쏙",2025-07-16,https://play.tvcf.co.kr/988607,Jul_250811
telecom,정보통신,삼성 갤럭시 Z 폴드7,심지어 폴드다,2025-07-16,https://play.tvcf.co.kr/989191,Jul_250811
telecom,정보통신,뤼튼,매일 쓰는 무료 AI,2025-07-16,https://play.tvcf.co.kr/988618,Jul_250811
fnb,식품/제과,롯데리아,떨어지는 것은 눈물이 아닌 가격이었다,2025-07-16,https://play.tvcf.co.kr/988531,Jul_250811
beauty,화장품,고혼진 이노크림,TIMELESS BEAUTY,2025-07-16,https://play.tvcf.co.kr/988608,Jul_250811
fnb,식품/제과,푸라닭치킨,"치킨, 요리가 되다",2025-07-17,https://play.tvcf.co.kr/989532,Jul_250811
home_appliance,전기전자,FC온라인,올 여름 손흥민과 함께 챔피언이 된다.,2025-07-17,https://play.tvcf.co.kr/988800,Jul_250811
fnb,식품/제과,BHC치킨 콰삭톡,콰삭함의 무한 새로움,2025-07-17,https://play.tvcf.co.kr/988890,Jul_250811
telecom,정보통신,페어즈,나와 잘 맞는 0.1%를 만나는 기적,2025-07-17,https://play.tvcf.co.kr/988652,Jul_250811
retail,서비스/유통/레저,설해원,인생에 꼭 한 번은 살고 싶은 리조트,2025-07-17,https://play.tvcf.co.kr/988651,Jul_250811
beauty,화장품,비알머드,모공 깊이 닿을 때까지,2025-07-17,https://play.tvcf.co.kr/988939,Jul_250811
fnb,식품/제과,도미노피자,도미노가 흥미진진,2025-07-17,https://play.tvcf.co.kr/988936,Jul_250811
fnb,식품/제과,호식이두마리치킨,캐롤라이나 리퍼의 화끈한 매운맛이 강렬하게 맴돌다가 시크하게 사라진다.,2025-07-18,https://play.tvcf.co.kr/988899,Jul_250811
finance,금융/보험,우리금융그룹,언제나. 우리를. 맨앞에.,2025-07-18,https://play.tvcf.co.kr/988792,Jul_250811
healthcare_pharma,제약/의료/복지,애크린겔,좁쌀 여드름 치료엔 애크린 겔,2025-07-18,https://play.tvcf.co.kr/988954,Jul_250811
beverage_alcohol,음료/기호식품,스타벅스 RTD,"스타벅스가 처음, 스타벅스라서 더 특별한",2025-07-18,https://play.tvcf.co.kr/989265,Jul_250811
healthcare_pharma,제약/의료/복지,바이탈뷰티,그린라이트 루틴으로 다이어트 부스터샷,2025-07-18,https://play.tvcf.co.kr/988902,Jul_250811
education,출판/교육/문화,KBS AI 갤러리 2025,I & AI : 나를 만나다,2025-07-19,https://play.tvcf.co.kr/989015,Jul_250811
retail,서비스/유통/레저,소노호텔 앤 리조트,솔비치 남해의 가장 완벽한 앵글을 만나다,2025-07-19,https://play.tvcf.co.kr/989077,Jul_250811
healthcare_pharma,제약/의료/복지,그레인온,"그레잇, 그레인온",2025-07-19,https://play.tvcf.co.kr/989013,Jul_250811
fnb,식품/제과,하동우렁추어탕,이게 바로 진짜 보양식이죠,2025-07-20,https://play.tvcf.co.kr/989537,Jul_250811
public_gov,관공서/단체,한국환경공단,"소음은 줄이고, 행복은 더하고",2025-07-21,https://play.tvcf.co.kr/989199,Jul_250811
beauty,화장품,탐즈,I am tamz,2025-07-21,https://play.tvcf.co.kr/989472,Jul_250811
fnb,식품/제과,스타벅스,스타벅스 프라푸치노에 PPUCC! 빠져봐,2025-07-21,https://play.tvcf.co.kr/989063,Jul_250811
telecom,정보통신,삼성 갤럭시 Z 폴드7,Ultra Unfold,2025-07-21,https://play.tvcf.co.kr/989700,Jul_250811
home_appliance,전기전자,닌자 블라스트,어디서든 자유로운 블렌딩,2025-07-21,https://play.tvcf.co.kr/989193,Jul_250811
public_gov,관공서/단체,건강보험심사평가원,좋은 병원은 곁에서 힘이 되어주는 동네병원입니다,2025-07-21,https://play.tvcf.co.kr/989665,Jul_250811
home_appliance,전기전자,SK하이닉스 HBM4,HBM4와 함께하는 미래,2025-07-22,https://play.tvcf.co.kr/989221,Jul_250811
telecom,정보통신,SK브로드밴드 B tv,에이닷과 대화하며 즐기는 AI B tv,2025-07-22,https://play.tvcf.co.kr/989222,Jul_250811
beverage_alcohol,음료/기호식품,테라,뜨거운 여름 청정하게 날려 버리자!,2025-07-22,https://play.tvcf.co.kr/989416,Jul_250811
healthcare_pharma,제약/의료/복지,센시아,13년 연속 판매 1위,2025-07-22,https://play.tvcf.co.kr/989275,Jul_250811
education,출판/교육/문화,KBS,"광복 80년, 대한민국은 국민이 주인인 나라입니다",2025-07-23,https://play.tvcf.co.kr/989496,Jul_250811
fnb,식품/제과,제스프리,키위브라더스와 영양들,2025-07-23,https://play.tvcf.co.kr/989667,Jul_250811
retail,서비스/유통/레저,이투마스,물류의 내일을 더 쉽게 만나다,2025-07-23,https://play.tvcf.co.kr/989432,Jul_250811
finance,금융/보험,우체국 예금,"내게 보답하는 예금, 우체국 예금",2025-07-23,https://play.tvcf.co.kr/989529,Jul_250811
beauty,화장품,마몽드,붉은 흔적을 진정시키는 파란 앰플의 힘,2025-07-23,https://play.tvcf.co.kr/989459,Jul_250811
fnb,식품/제과,롯데 설레임,열받는 러닝데이가 온다,2025-07-23,https://play.tvcf.co.kr/989454,Jul_250811
automotive,자동차/정유,라우펜,A Brand by HanKooK,2025-07-23,https://play.tvcf.co.kr/989465,Jul_250811
healthcare_pharma,제약/의료/복지,뉴라미스,우리의 시간은 계속되어야 하니까,2025-07-23,https://play.tvcf.co.kr/989476,Jul_250811
public_gov,관공서/단체,광복80년,빛나는 발걸음 새로운 길,2025-07-23,https://play.tvcf.co.kr/989431,Jul_250811
education,출판/교육/문화,2025 슈퍼모델 선발대회,이제 무대는 당신을 기다린다,2025-07-23,https://play.tvcf.co.kr/989478,Jul_250811
home_appliance,전기전자,LG 디오스 AI 오브제컬렉션 STEM,이것은 냉장고를 넘어선 FRESH SYSTEM,2025-07-24,https://play.tvcf.co.kr/989685,Jul_250811
telecom,정보통신,KT,KT의 AI가 공사현장의 안전을 지킵니다,2025-07-24,https://play.tvcf.co.kr/989996,Jul_250811
public_gov,관공서/단체,현대엘리베이터,당신을 올리는 단 하나의 엘리베이터를 위해,2025-07-24,https://play.tvcf.co.kr/989480,Jul_250811
public_gov,관공서/단체,한국관광공사,Never Ending Korea,2025-07-24,https://play.tvcf.co.kr/989511,Jul_250811
home_appliance,전기전자,코웨이 icon 얼음정수기 mini,코웨이 icon 얼음정수기 mini,2025-07-24,https://play.tvcf.co.kr/989513,Jul_250811
retail,서비스/유통/레저,이마트,가격하락도 락이다,2025-07-24,https://play.tvcf.co.kr/989565,Jul_250811
home_appliance,전기전자,바람의나라,"올여름, 모두를 춤추게할 짜릿한 즐거움의 향연",2025-07-24,https://play.tvcf.co.kr/990358,Jul_250811
beverage_alcohol,음료/기호식품,싱하소다워터,크라운 캡이 아니면 감당 못할 강탄산수,2025-07-24,https://play.tvcf.co.kr/989649,Jul_250811
beverage_alcohol,음료/기호식품,칠성사이다 제로,젤로 맛있는 제로,2025-07-25,https://play.tvcf.co.kr/989631,Jul_250811
public_gov,관공서/단체,인천광역시,"인천 내항, 과거 위에 미래를 짓다",2025-07-25,https://play.tvcf.co.kr/989593,Jul_250811
telecom,정보통신,유심사,400만의 여행 필수품,2025-07-25,https://play.tvcf.co.kr/989653,Jul_250811
finance,금융/보험,IBK기업은행,이 땅의 기업들이 그 사명을 다 이루도록,2025-07-25,https://play.tvcf.co.kr/989669,Jul_250811
beverage_alcohol,음료/기호식품,베지밀 고단백두유,식물성 단백질로 건강하게 채워봐,2025-07-26,https://play.tvcf.co.kr/989640,Jul_250811
retail,서비스/유통/레저,런닝맨 체험관 in 인사동,런닝맨의 멤버가 되어 미션을 수행하라,2025-07-26,https://play.tvcf.co.kr/989648,Jul_250811
fnb,식품/제과,동원참치,"슈퍼 고단백을 슈퍼 건강하게, 게다가 슈퍼 맛있어",2025-07-27,https://play.tvcf.co.kr/989654,Jul_250811
automotive,자동차/정유,The new 아이오닉 6,살 때부터 팔 때까지 EV 에브리케어,2025-07-28,https://play.tvcf.co.kr/989696,Jul_250811
public_gov,관공서/단체,서울신용보증재단,처음의 열정이 아직 남아있는 당신에게,2025-07-28,https://play.tvcf.co.kr/989668,Jul_250811
public_gov,관공서/단체,iH 인천도시공사,"인천을 새롭게, 공간을 바꾸다",2025-07-29,https://play.tvcf.co.kr/989774,Jul_250811
finance,금융/보험,캐롯손해보험,아기 돼지 삼형제는 캐롯 주택 종합보험과 함께 아무 걱정 없이 행복하게 살았답니다.,2025-07-29,https://play.tvcf.co.kr/989890,Jul_250811
healthcare_pharma,제약/의료/복지,정관장 기다림,정관장이 찾은 진짜 침향,2025-07-29,https://play.tvcf.co.kr/989597,Jul_250811
public_gov,관공서/단체,금융위원회,"불법 사금융 피해, 혼자 고민하지 마세요",2025-07-29,https://play.tvcf.co.kr/989812,Jul_250811
telecom,정보통신,LG유플러스 유독,선택은 Simple.,2025-07-30,https://play.tvcf.co.kr/989970,Jul_250811
telecom,정보통신,KT,"당신 보이스, 다 보였스!",2025-07-30,https://play.tvcf.co.kr/989956,Jul_250811
home_appliance,전기전자,레스노베,감도높은 하이브리드 케어,2025-07-30,https://play.tvcf.co.kr/989908,Jul_250811
construction_realestate,아파트/건설,자이,"모든 순간 차이가 되다, 자이",2025-07-31,https://play.tvcf.co.kr/990416,Jul_250811
beauty,화장품,펠드아포테케,"자외선 주의보, 펠드에 부탁해",2025-07-31,https://play.tvcf.co.kr/990005,Jul_250811
public_gov,관공서/단체,식품의약품안전처,"안전한 맛을 고르는 기준, 음식점 위생등급제",2025-07-31,https://play.tvcf.co.kr/990176,Jul_250811
home_appliance,전기전자,서든어택,올해는 서든해,2025-07-31,https://play.tvcf.co.kr/990095,Jul_250811
home_appliance,전기전자,삼성 무빙스타일,"조합은 자유롭게, 완성은 나답게",2025-07-31,https://play.tvcf.co.kr/990193,Jul_250811
beverage_alcohol,음료/기호식품,OKF 알로에베라킹,Every Drink OK! OKF,2024-06-01,https://play.tvcf.co.kr/947658,Jun_240702
education,출판/교육/문화,MBC,"우리가 만날 때, 이야기는 시작됩니다. 만나면 좋은 친구 MBC",2024-06-01,https://play.tvcf.co.kr/947648,Jun_240702
healthcare_pharma,제약/의료/복지,프렌즈아이드롭,눈으로 하는 기분 전환,2024-06-01,https://play.tvcf.co.kr/947661,Jun_240702
beverage_alcohol,음료/기호식품,카스,"마음을 맞대어 하나가 되는 이 소리, 짠!",2024-06-01,https://play.tvcf.co.kr/947684,Jun_240702
beverage_alcohol,음료/기호식품,지장수 생 막걸리,"물이 깔끔, 술이 깔끔",2024-06-01,https://play.tvcf.co.kr/947677,Jun_240702
home_living,생활/가정용품,유한젠 스포츠,강렬한 땀냄제 제거엔 유한젠 스포츠,2024-06-01,https://play.tvcf.co.kr/947649,Jun_240702
healthcare_pharma,제약/의료/복지,엘레나,질 좋은 습관의 시작,2024-06-01,https://play.tvcf.co.kr/947650,Jun_240702
fnb,식품/제과,양반 비빔드밥,"이건, 비빔밥의 레볼루션 비빔드밥",2024-06-01,https://play.tvcf.co.kr/947653,Jun_240702
finance,금융/보험,상상인증권,상상인증권만의 차별대우,2024-06-01,https://play.tvcf.co.kr/947682,Jun_240702
home_appliance,전기전자,삼성 BESPOKE AI 무풍에어컨,천만의 선택 BESPOKE AI 무풍에어컨,2024-06-01,https://play.tvcf.co.kr/947638,Jun_240702
automotive,자동차/정유,볼보,우리 가족을 위한 최고의 선택,2024-06-01,https://play.tvcf.co.kr/947641,Jun_240702
fnb,식품/제과,명륜진사갈비,여기는 대한민국 고기테마파크,2024-06-01,https://play.tvcf.co.kr/947657,Jun_240702
finance,금융/보험,라이나,"오직 당신에게 집중, Spotlight on YOU",2024-06-01,https://play.tvcf.co.kr/947646,Jun_240702
fnb,식품/제과,대왕님표 여주쌀,씹을수록 전해지는 빼어난 맛의 여주쌀을 널리 맛보게 하라,2024-06-01,https://play.tvcf.co.kr/947635,Jun_240702
home_appliance,전기전자,다이슨 워시G1,오직 다이슨만이 다이슨처럼 청소합니다.,2024-06-01,https://play.tvcf.co.kr/947637,Jun_240702
home_appliance,전기전자,네스프레소 버츄오,"커피 테이스트, 더블로 끌어올리다.",2024-06-01,https://play.tvcf.co.kr/947651,Jun_240702
finance,금융/보험,KB국민은행,"자산관리, 전 KB GOLD & WISE THE FIRST를 추천합니다.",2024-06-01,https://play.tvcf.co.kr/947695,Jun_240702
fnb,식품/제과,정관장 굿베이스,King of Fruits,2024-06-03,https://play.tvcf.co.kr/947693,Jun_240702
finance,금융/보험,삼성생명,보험을 넘어서는 보험,2024-06-01,https://play.tvcf.co.kr/947694,Jun_240702
public_gov,관공서/단체,월드비전 자립마을,후원을 멈출 수 있는 건 후원뿐입니다.,2024-06-01,https://play.tvcf.co.kr/947678,Jun_240702
fnb,식품/제과,버거킹,맛의 입체감이 다르다,2024-06-03,https://play.tvcf.co.kr/947705,Jun_240702
retail,서비스/유통/레저,서울랜드,국내 최대 올인원 플레이파크,2024-06-03,https://play.tvcf.co.kr/947699,Jun_240702
healthcare_pharma,제약/의료/복지,머시론,요즘 세대는 me계획적인 머시론,2024-06-03,https://play.tvcf.co.kr/947713,Jun_240702
healthcare_pharma,제약/의료/복지,써마지 FLX,경험할수록 써마지 FLX,2024-06-03,https://play.tvcf.co.kr/947728,Jun_240702
fnb,식품/제과,포스트 에너지바 미니,"에너지바, 하나를 먹더라도 제대로",2024-06-03,https://play.tvcf.co.kr/947729,Jun_240702
beverage_alcohol,음료/기호식품,짐빔 하이볼,즐겨봐 우리대로,2024-06-03,https://play.tvcf.co.kr/947737,Jun_240702
beauty,화장품,아도르 광채 퍼퓸 헤어 미스트,뿌리는 순간 반짝이는 머릿결,2024-06-03,https://play.tvcf.co.kr/947751,Jun_240702
healthcare_pharma,제약/의료/복지,박카스,젊음을 힘껏. 마음껏.,2024-06-03,https://play.tvcf.co.kr/947744,Jun_240702
corporate_pr,기업PR,한화,"이 바다 더 많은 배가 아닌, 더 많은 친환경 솔루션을 띄워갑시다.",2024-06-03,https://play.tvcf.co.kr/947861,Jun_240702
telecom,정보통신,트립닷컴,"해외여행, 지금이야 지금!",2024-06-03,https://play.tvcf.co.kr/947865,Jun_240702
automotive,자동차/정유,현대자동차,영원히 달리는 자동차,2024-06-03,https://play.tvcf.co.kr/947863,Jun_240702
home_living,생활/가정용품,올포레 올인원 세탁세제,우리 가족에게 올포레를 입히세요,2024-06-03,https://play.tvcf.co.kr/947873,Jun_240702
fnb,식품/제과,롯데 자일리톨,"치아를 위한 좋은 습관, 휘바 따바!",2024-06-03,https://play.tvcf.co.kr/947857,Jun_240702
healthcare_pharma,제약/의료/복지,노스카나,빠를수록 바를수록 노스카나,2024-06-03,https://play.tvcf.co.kr/947882,Jun_240702
fnb,식품/제과,배스킨라빈스,우주라이크 봉봉?,2024-06-01,https://play.tvcf.co.kr/947900,Jun_240702
home_living,생활/가정용품,NEW 퍼울 다크 세탁세제,"새 옷인가요? 아니, 퍼울했죠",2024-06-01,https://play.tvcf.co.kr/947676,Jun_240702
telecom,정보통신,LG유플러스,전에 없던 디지털 세상을 열자,2024-06-01,https://play.tvcf.co.kr/946889,Jun_240702
beverage_alcohol,음료/기호식품,파워에이드,"나만의 순간, 멈추지 않는 파워",2024-06-01,https://play.tvcf.co.kr/946791,Jun_240702
fnb,식품/제과,아라치 치킨,"페이커, 치킨의 신세계에 오신 걸 환영합니다.",2024-06-01,https://play.tvcf.co.kr/947143,Jun_240702
beverage_alcohol,음료/기호식품,맥심 슈프림골드,진하게 부드럽게 라떼처럼 즐겨봐,2024-06-01,https://play.tvcf.co.kr/948184,Jun_240702
public_gov,관공서/단체,금연캠페인,"이참에, 금연",2024-06-01,https://play.tvcf.co.kr/945876,Jun_240702
beauty,화장품,메디필,메디필로 모공제로,2024-06-01,https://play.tvcf.co.kr/948089,Jun_240702
telecom,정보통신,TMAP,티맵 Owner라,2024-06-04,https://play.tvcf.co.kr/948003,Jun_240702
automotive,자동차/정유,The new Kia EV3,내가 있는 곳에 인프라가 생성되는 My Moving Infra,2024-06-04,https://play.tvcf.co.kr/948068,Jun_240702
home_living,생활/가정용품,키덤스,코스모스 유기농에 과학을 더했습니다.,2024-06-04,https://play.tvcf.co.kr/948067,Jun_240702
public_gov,관공서/단체,엡손,내일을 바꾸는 오늘의 디테일,2024-06-04,https://play.tvcf.co.kr/947901,Jun_240702
beverage_alcohol,음료/기호식품,삿포로,놀라움은 내 안에 있어,2024-06-04,https://play.tvcf.co.kr/948077,Jun_240702
fnb,식품/제과,맥도날드 NEW 맥스파이시 상하이 버거,상하이 버거를 대신할 수 있는 건 새로운 상하이 버거뿐,2024-06-04,https://play.tvcf.co.kr/948069,Jun_240702
finance,금융/보험,현대해상 다이렉트 자동차보험,현대해상은 원래 다~이렉!,2024-06-05,https://play.tvcf.co.kr/948308,Jun_240702
fnb,식품/제과,킷캣,"Have a break, have a recycled KitKat",2024-06-05,https://play.tvcf.co.kr/948141,Jun_240702
telecom,정보통신,캐즐,🎵 캐즐캐즐캐즐에서 깨워보자 DNA,2024-06-05,https://play.tvcf.co.kr/948376,Jun_240702
automotive,자동차/정유,제네시스,Changing the world in subtle details.,2024-06-05,https://play.tvcf.co.kr/948095,Jun_240702
fnb,식품/제과,요맘때,"요맘때 산뜻한 이유? 요거트, 요거트 때문!",2024-06-05,https://play.tvcf.co.kr/948138,Jun_240702
retail,서비스/유통/레저,오션월드,NEW WORLD 오션월드!,2024-06-05,https://play.tvcf.co.kr/948383,Jun_240702
retail,서비스/유통/레저,여기어때,여러분 때가 됐어요. 여기 어때 할 때.,2024-06-05,https://play.tvcf.co.kr/948084,Jun_240702
healthcare_pharma,제약/의료/복지,알콘 워터렌즈,찾았다 워터렌즈,2024-06-05,https://play.tvcf.co.kr/948195,Jun_240702
retail,서비스/유통/레저,아시아나항공,공식적으로 가장 커다란 축구팬,2024-06-05,https://play.tvcf.co.kr/948098,Jun_240702
home_appliance,전기전자,리니지M,"다시, 말하는 섬으로",2024-06-05,https://play.tvcf.co.kr/948075,Jun_240702
telecom,정보통신,로드나인,당신은 어떤 로드인가?,2024-06-05,https://play.tvcf.co.kr/948143,Jun_240702
beauty,화장품,랩1899,순하지만 강한 진쎈,2024-06-05,https://play.tvcf.co.kr/948123,Jun_240702
beauty,화장품,알페신 카페인 샴푸,머리칼에 수비력을 더하다,2024-06-06,https://play.tvcf.co.kr/945862,Jun_240702
fnb,식품/제과,맥도날드 NEW 맥스파이시 상하이 버거,매콤한 상하이 패티를 하나 더,2024-06-06,https://play.tvcf.co.kr/948094,Jun_240702
education,출판/교육/문화,MBC,함께 파리 함께 MBC,2024-06-07,https://play.tvcf.co.kr/948307,Jun_240702
education,출판/교육/문화,KBS 호국보훈의 달,오늘 이 땅에서 부디 마음껏 각자의 소중한 인생을 살아가라.,2024-06-07,https://play.tvcf.co.kr/948299,Jun_240702
healthcare_pharma,제약/의료/복지,플랜트 콜라겐 부스터 제로,김사랑 초록병을 검색하세요,2024-06-07,https://play.tvcf.co.kr/948304,Jun_240702
fnb,식품/제과,자담치킨 왓더핫치킨,맵장인 자담치킨이 돌아왔다,2024-06-07,https://play.tvcf.co.kr/948158,Jun_240702
telecom,정보통신,알바천국,모든 생애 모든 알바,2024-06-07,https://play.tvcf.co.kr/948303,Jun_240702
telecom,정보통신,시그널플래너,전화 없는 보험 앱,2024-06-07,https://play.tvcf.co.kr/948305,Jun_240702
beverage_alcohol,음료/기호식품,포카리스웨트,있는 그대로 파랑하자,2024-06-08,https://play.tvcf.co.kr/949374,Jun_240702
public_gov,관공서/단체,사랑의 열매,희망여름 착!착!착! 나눔캠페인,2024-06-08,https://play.tvcf.co.kr/948310,Jun_240702
fnb,식품/제과,60계치킨 크랑이치킨,빠삭함의 끝판왕,2024-06-08,https://play.tvcf.co.kr/948311,Jun_240702
fnb,식품/제과,DOLE,스윗 Dole의 탄생!,2024-06-05,https://play.tvcf.co.kr/948388,Jun_240702
healthcare_pharma,제약/의료/복지,알콘 워터렌즈,"어머, 한달이나?",2024-06-05,https://play.tvcf.co.kr/948391,Jun_240702
finance,금융/보험,신한카드,"SOL로 탈출, SOL Pay의 세상으로",2024-06-10,https://play.tvcf.co.kr/948403,Jun_240702
fashion,패션/스포츠,부디무드라,Have you discovered your 'pause'?,2024-06-09,https://play.tvcf.co.kr/948405,Jun_240702
retail,서비스/유통/레저,그린카,이번 여름 JUST GO,2024-06-10,https://play.tvcf.co.kr/948397,Jun_240702
home_appliance,전기전자,캐리어에어컨,에어컨은 결국 캐리어,2024-06-10,https://play.tvcf.co.kr/948444,Jun_240702
automotive,자동차/정유,넥센타이어,EV타이어를 위한 RE. NEW. ALL.,2024-06-10,https://play.tvcf.co.kr/948445,Jun_240702
fnb,식품/제과,육공육,"육감을 깨우는 맛, 육공육",2024-06-10,https://play.tvcf.co.kr/948430,Jun_240702
public_gov,관공서/단체,환경부,여러분의 참여가 보다 깨끗하고 건강한 수돗물을 만듭니다.,2024-06-10,https://play.tvcf.co.kr/948446,Jun_240702
public_gov,관공서/단체,대한적십자,"헌혈은 우하하, 우선 하면 하게 돼있어!",2024-06-11,https://play.tvcf.co.kr/948451,Jun_240702
home_appliance,전기전자,삼성 스마트 모니터,"Watch, Play, Work in style",2024-06-11,https://play.tvcf.co.kr/948531,Jun_240702
public_gov,관공서/단체,대한체육회,"상상 이상의 즐거움, 기대 이상의 스포츠클럽!",2024-06-07,https://play.tvcf.co.kr/948530,Jun_240702
healthcare_pharma,제약/의료/복지,광동우황청심원,값으로 따질 수 없는 품질이 담겨있습니다.,2024-06-10,https://play.tvcf.co.kr/948532,Jun_240702
healthcare_pharma,제약/의료/복지,댄프스,"덴마크 프리미엄 스탠다드, 댄프스",2024-06-10,https://play.tvcf.co.kr/948541,Jun_240702
telecom,정보통신,헤이딜러,우리에겐 생각보다 많은 선택권이 있어요,2024-06-11,https://play.tvcf.co.kr/948654,Jun_240702
beauty,화장품,더마펌 내추럴 선메베,매일의 톤업 내추럴 선메베,2024-06-10,https://play.tvcf.co.kr/948553,Jun_240702
public_gov,관공서/단체,환경부,"당신의 모든 순간, 언제나 당신 곁에 있는 나는 수돗물입니다.",2024-06-11,https://play.tvcf.co.kr/948656,Jun_240702
automotive,자동차/정유,현대자동차 현대 인증중고차,새로운 중고차 환승경험,2024-06-12,https://play.tvcf.co.kr/948665,Jun_240702
public_gov,관공서/단체,공익광고협의회,우리는 모두 우리!,2024-06-12,https://play.tvcf.co.kr/948734,Jun_240702
automotive,자동차/정유,The new Kia EV6,가장 역동적인 EV의 이름,2024-06-12,https://play.tvcf.co.kr/948742,Jun_240702
fnb,식품/제과,햇반,맛있는 잡곡밥은 밥통에 없다. 맛있는 잡곡밥은 햇반에 있다.,2024-06-13,https://play.tvcf.co.kr/948769,Jun_240702
beauty,화장품,리바이포유,Nature is Welcome,2024-06-13,https://play.tvcf.co.kr/948792,Jun_240702
fnb,식품/제과,꾸브라꼬숯불치킨,꾸브라꼬가 못 맞출 입맛은 없다,2024-06-05,https://play.tvcf.co.kr/948804,Jun_240702
telecom,정보통신,FC모바일,하지만 괜찮다. FC모바일 4주년 이벤트가 있으니까.,2024-06-13,https://play.tvcf.co.kr/948833,Jun_240702
automotive,자동차/정유,MINI 컨트리맨,NICE TO MEET YOU AGAIN.,2024-06-13,https://play.tvcf.co.kr/948896,Jun_240702
public_gov,관공서/단체,인천광역시교육청,"학생 성공 시대, 읽걷쓰로부터",2024-06-13,https://play.tvcf.co.kr/948762,Jun_240702
public_gov,관공서/단체,인천광역시교육청,큰 물로. 큰 인물로.,2024-06-13,https://play.tvcf.co.kr/948763,Jun_240702
healthcare_pharma,제약/의료/복지,네이처메이 구미,네에 지친 당신을 위한 구미,2024-06-13,https://play.tvcf.co.kr/949279,Jun_240702
fashion,패션/스포츠,스릭슨,"1위를 만드는 스핀, 이제 너의 공이다",2024-06-13,https://play.tvcf.co.kr/949280,Jun_240702
home_living,생활/가정용품,센소다인,센소다인의 차이를 경험해보세요,2024-06-13,https://play.tvcf.co.kr/949281,Jun_240702
fnb,식품/제과,자담치킨 왓더핫치킨,도전하라 극한의 매운맛,2024-06-14,https://play.tvcf.co.kr/949076,Jun_240702
finance,금융/보험,우리은행,해외 국내 5% 캐시백. 위비트래븝 체크카드,2024-06-14,https://play.tvcf.co.kr/948905,Jun_240702
fnb,식품/제과,굽네 고추 바사삭,"1초치킨 고추바사삭, 1초에 한마리 팔리는 치킨",2024-06-13,https://play.tvcf.co.kr/949282,Jun_240702
healthcare_pharma,제약/의료/복지,니코레트,금연은 못하고 금단증상만 늘었다,2024-06-13,https://play.tvcf.co.kr/949293,Jun_240702
healthcare_pharma,제약/의료/복지,리스테린 토탈케어,빈틈없는 구강케어 리스테린 토탈케어,2024-06-13,https://play.tvcf.co.kr/949291,Jun_240702
fnb,식품/제과,땅땅치킨,무봐 무봐. 경상도 대표 치킨 땅땅무봐.,2024-06-13,https://play.tvcf.co.kr/949294,Jun_240702
public_gov,관공서/단체,세이브더칠드런,"마음을 전하는 기부, 진심상점",2024-06-11,https://play.tvcf.co.kr/949312,Jun_240702
home_living,생활/가정용품,고릴라왁싱,하고가자고,2024-06-10,https://play.tvcf.co.kr/949311,Jun_240702
beverage_alcohol,음료/기호식품,생레몬 하이볼,생레몬이 떠오른다!,2024-06-14,https://play.tvcf.co.kr/949354,Jun_240702
beverage_alcohol,음료/기호식품,덴마크 하이 요구르트,우리집 냉장고엔 세계 1등 덴마크 유산균이 산다,2024-06-15,https://play.tvcf.co.kr/949367,Jun_240702
healthcare_pharma,제약/의료/복지,네이처셀 발효홍삼K,홍삼의 힘을 업그레이드하다,2024-06-15,https://play.tvcf.co.kr/949365,Jun_240702
beverage_alcohol,음료/기호식품,칸타타 콘트라베이스,더 나은 다음을 향해,2024-06-15,https://play.tvcf.co.kr/949375,Jun_240702
fnb,식품/제과,버거킹 올데이킹,"세트메뉴가 하루종일 5,500원 부터!",2024-06-17,https://play.tvcf.co.kr/949380,Jun_240702
fnb,식품/제과,버거킹 올데이킹,"H+F+C는 5,500원부터!",2024-06-17,https://play.tvcf.co.kr/949381,Jun_240702
fashion,패션/스포츠,베리시,YOU ARE WHAT YOU FEEL,2024-06-17,https://play.tvcf.co.kr/949409,Jun_240702
home_living,생활/가정용품,휘슬러,오늘도 프로처럼,2024-06-17,https://play.tvcf.co.kr/949359,Jun_240702
home_appliance,전기전자,쿠키런킹덤,지금 왕국의 운명을 건 대결이 시작됩니다.,2024-06-15,https://play.tvcf.co.kr/949414,Jun_240702
telecom,정보통신,시그널플래너,시대가 원하는 시그널,2024-06-11,https://play.tvcf.co.kr/949387,Jun_240702
retail,서비스/유통/레저,세스코,세스코 마크 찍으면 세스코 톡에서 매번 100원 씩 적립,2024-06-17,https://play.tvcf.co.kr/949415,Jun_240702
fnb,식품/제과,버거킹 LTO,불맛이 만든 맛의 격차,2024-06-01,https://play.tvcf.co.kr/949420,Jun_240702
finance,금융/보험,신한카드,뉴진스는 쏠페이로 삶,2024-06-01,https://play.tvcf.co.kr/949421,Jun_240702
healthcare_pharma,제약/의료/복지,풀무원 건강식물원,식물에너지를 8그램에 쏙!,2024-06-17,https://play.tvcf.co.kr/949558,Jun_240702
home_appliance,전기전자,위닉스 뽀송,여름철 습기 퇴마에는 더 조용하고 강력해진 위닉스 인버터,2024-06-17,https://play.tvcf.co.kr/949567,Jun_240702
healthcare_pharma,제약/의료/복지,조아제약 잘크톤 에스,우리 아이 잘크잘크잘크톤 에스,2024-06-08,https://play.tvcf.co.kr/949569,Jun_240702
healthcare_pharma,제약/의료/복지,바르지오 모두크림,어떤 무좀도 다다다 다 바르지오,2024-06-15,https://play.tvcf.co.kr/949573,Jun_240702
automotive,자동차/정유,The Kia EV3,내가 도착한 곳이 인프라가 되는 My Moving Infra,2024-06-18,https://play.tvcf.co.kr/949582,Jun_240702
healthcare_pharma,제약/의료/복지,콜레올로지,누가 하든 성공할 수 있어요,2024-06-18,https://play.tvcf.co.kr/949583,Jun_240702
home_appliance,전기전자,메디큐브,40.68MHz로 압도적 탄력개선,2024-06-04,https://play.tvcf.co.kr/949580,Jun_240702
beauty,화장품,메디큐브,이것좀. 써봐 좀. 엑소좀 샷 모공 앰플,2024-06-11,https://play.tvcf.co.kr/949577,Jun_240702
education,출판/교육/문화,리그 오브 레전드,HOUSE OF LEGENDS,2024-06-12,https://play.tvcf.co.kr/949576,Jun_240702
education,출판/교육/문화,아르떼 매거진,일상을 채우는 품격,2024-06-01,https://play.tvcf.co.kr/949565,Jun_240702
construction_realestate,아파트/건설,금호건설,"당신의 삶을 비추는 아름다움, 아테라",2024-06-01,https://play.tvcf.co.kr/949595,Jun_240702
home_appliance,전기전자,이고파워,"믿을 수 없는 파워, 이고파워",2024-06-19,https://play.tvcf.co.kr/949707,Jun_240702
home_living,생활/가정용품,유한락스 폼 스프레이 욕실청소용,유한락스로 끝내세요!,2024-06-19,https://play.tvcf.co.kr/949706,Jun_240702
automotive,자동차/정유,현대 SUV 오리지널,세상을 더 크게 쓰는 사람들,2024-06-14,https://play.tvcf.co.kr/949701,Jun_240702
automotive,자동차/정유,현대자동차,오직 현대 SUV에서만.,2024-06-19,https://play.tvcf.co.kr/949702,Jun_240702
home_appliance,전기전자,아이패드 프로,불가능이란 얇다,2024-06-19,https://play.tvcf.co.kr/949714,Jun_240702
telecom,정보통신,바비톡,"성형, 시술은 결국 후기니까. 후기는 바비톡.",2024-06-20,https://play.tvcf.co.kr/949716,Jun_240702
public_gov,관공서/단체,한화,지속가능한 선순환을 만드는 숲퍼이펙트는 계속됩니다,2024-06-05,https://play.tvcf.co.kr/949719,Jun_240702
fashion,패션/스포츠,푸마,Our journey starts now,2024-06-17,https://play.tvcf.co.kr/949718,Jun_240702
automotive,자동차/정유,SK엔무브,시대가 요구하는 기술로 새로운 흐름을 주도합니다.,2024-06-20,https://play.tvcf.co.kr/949725,Jun_240702
home_living,생활/가정용품,글라스락,"따라해봐, 글라스락 햇밥용기",2024-06-13,https://play.tvcf.co.kr/949733,Jun_240702
fnb,식품/제과,펄세스 제로윗,이제 아이스크림도 제로당으로,2024-06-20,https://play.tvcf.co.kr/949857,Jun_240702
public_gov,관공서/단체,컨선월드와이드,관심갖지마세요,2024-06-17,https://play.tvcf.co.kr/949772,Jun_240702
public_gov,관공서/단체,서울특별시,매력특별시.SEOUL MY SOUL.,2024-06-20,https://play.tvcf.co.kr/949853,Jun_240702
home_living,생활/가정용품,덴티스테,우리사이 더 상쾌하게 반응한다,2024-06-21,https://play.tvcf.co.kr/949858,Jun_240702
telecom,정보통신,헬피,최고의 사내 건강관리 플랫폼 헬피,2024-06-01,https://play.tvcf.co.kr/949870,Jun_240702
public_gov,관공서/단체,친환경농산물자조금관리위원,커져라 친환경,2024-06-01,https://play.tvcf.co.kr/949873,Jun_240702
public_gov,관공서/단체,유니세프,전 세계 어린이가 어른이 될 권리를 만든다,2024-06-21,https://play.tvcf.co.kr/949883,Jun_240702
healthcare_pharma,제약/의료/복지,알콘 워터렌즈,"뻑뻑한 디지털 세상, 더 촉촉한 렌즈가 필요합니다",2024-06-01,https://play.tvcf.co.kr/949978,Jun_240702
automotive,자동차/정유,현대자동차그룹,더 나은 미래로 향하는 길,2024-06-01,https://play.tvcf.co.kr/950032,Jun_240702
fashion,패션/스포츠,배럴,"여름, 우리가 가장 빛나는 순간",2024-06-19,https://play.tvcf.co.kr/950061,Jun_240702
fnb,식품/제과,CJ백설 육수에는 1분링,🎵 1분링 시작했다 육수 끝났다,2024-06-19,https://play.tvcf.co.kr/950067,Jun_240702
telecom,정보통신,LG유플러스,Ai 기술의 성장이 모두의 성장이 될 수 있도록,2024-06-22,https://play.tvcf.co.kr/950101,Jun_240702
beverage_alcohol,음료/기호식품,아카페라,"이 순간을 카페처럼, 아카페라",2024-06-21,https://play.tvcf.co.kr/949989,Jun_240702
telecom,정보통신,KB국민은행 리브모바일,M의 세상에 오신 것을 환영합니다,2024-06-19,https://play.tvcf.co.kr/950098,Jun_240702
automotive,자동차/정유,메르세데스 벤츠,벤츠는 메르세데스-벤츠가 제일 잘 아니까,2024-06-06,https://play.tvcf.co.kr/950075,Jun_240702
finance,금융/보험,신한금융그룹,당신 덕분입니다,2024-06-20,https://play.tvcf.co.kr/950107,Jun_240702
retail,서비스/유통/레저,이마트,이마트 패밀리가 모여 더 큰 혜택,2024-06-24,https://play.tvcf.co.kr/950109,Jun_240702
retail,서비스/유통/레저,아이디어스,"왜 선물이란 녀석은 점점 더 뻔해지는 걸까? 선물을 선물답게, 아이디어스럽게",2024-06-17,https://play.tvcf.co.kr/950123,Jun_240702
fnb,식품/제과,포스트 크리치오,"세 겹 바삭한 레시피, 크리치오",2024-06-18,https://play.tvcf.co.kr/950125,Jun_240702
beverage_alcohol,음료/기호식품,몽베스트,"주장말고, 결과를 믿자. 상 받은 물 맛을 믿으세요.",2024-06-20,https://play.tvcf.co.kr/950135,Jun_240702
beverage_alcohol,음료/기호식품,몽베스트 블랜딩 콤부차,"최고의 콤부차에 필요한 건, 최적의 비율로 찾은 블렌딩",2024-06-20,https://play.tvcf.co.kr/950138,Jun_240702
telecom,정보통신,KB국민은행 리브모바일,"통신을 내 방식대로, live my life",2024-06-24,https://play.tvcf.co.kr/950150,Jun_240702
home_appliance,전기전자,카누 바리스타,카누 바리스타 있는 집이 아아 맛집이죠,2024-06-17,https://play.tvcf.co.kr/950149,Jun_240702
automotive,자동차/정유,The Kia EV3,탑승부터 편리해지는 스마트 인프라,2024-06-01,https://play.tvcf.co.kr/950160,Jun_240702
telecom,정보통신,로드나인,어떤 플레이어도 모두. ALL.만족,2024-06-24,https://play.tvcf.co.kr/950161,Jun_240702
automotive,자동차/정유,제네시스,우리의 움직임은 세계를 놀라게 할 것이다.,2024-06-22,https://play.tvcf.co.kr/950191,Jun_240702
finance,금융/보험,하나은행,"달마다 달콤한 혜택, 달달하나",2024-06-21,https://play.tvcf.co.kr/950198,Jun_240702
retail,서비스/유통/레저,롯데월드,대한민국의 밤하늘을 온세상의 빛으로,2024-06-24,https://play.tvcf.co.kr/950203,Jun_240702
home_living,생활/가정용품,러버랩,껴보면 달라,2024-06-25,https://play.tvcf.co.kr/950372,Jun_240702
education,출판/교육/문화,KBS,"숭고한 정신, 잊지 않겠습니다",2024-06-25,https://play.tvcf.co.kr/950377,Jun_240702
telecom,정보통신,포켓몬 GO,예상 밖의 모험은 밖에서부터 시작된다,2024-06-26,https://play.tvcf.co.kr/950199,Jun_240702
automotive,자동차/정유,랜드로버 레인지로버,존재만으로 설명되는 순간,2024-06-24,https://play.tvcf.co.kr/950152,Jun_240702
fnb,식품/제과,공차,How tea is meant to be,2024-06-25,https://play.tvcf.co.kr/950232,Jun_240702
home_appliance,전기전자,미닉스,건조만 할 생각,2024-06-21,https://play.tvcf.co.kr/950378,Jun_240702
beauty,화장품,CJ 올리브영,지금까지 스킨케어는 2프로. 앞으로는 100프로 케어.,2024-06-26,https://play.tvcf.co.kr/950382,Jun_240702
telecom,정보통신,틴더,틴더에선 실제상황,2024-06-26,https://play.tvcf.co.kr/950243,Jun_240702
finance,금융/보험,알다,"대출, 손해보지말고 알아보고 알아보면 알다",2024-06-25,https://play.tvcf.co.kr/950408,Jun_240702
fnb,식품/제과,써브웨이,🎵아보카도 추가추가추가 랄랄라랄랄랄라,2024-06-25,https://play.tvcf.co.kr/950412,Jun_240702
home_appliance,전기전자,바람의나라: 연,사준현 나와 함께가자.,2024-06-22,https://play.tvcf.co.kr/950416,Jun_240702
telecom,정보통신,헬피,헤픈게 아니라 헬피라고요,2024-06-01,https://play.tvcf.co.kr/950438,Jun_240702
education,출판/교육/문화,KBS 파리 2024 올림픽,함께 투게더 앙상블,2024-06-26,https://play.tvcf.co.kr/950453,Jun_240702
automotive,자동차/정유,캐스퍼 일렉트릭,좌우명: 안팎으로 전력을 다한다,2024-06-27,https://play.tvcf.co.kr/950487,Jun_240702
home_living,생활/가정용품,홈키파 홈매트 제로,박수 말고 홈키파,2024-06-27,https://play.tvcf.co.kr/950555,Jun_240702
public_gov,관공서/단체,전국민 마음투자 캠페인,요즘 어때요? 우리 같이 이맘때!,2024-06-27,https://play.tvcf.co.kr/950556,Jun_240702
retail,서비스/유통/레저,더블유컨셉,10일간의 컨셉은 파격세일,2024-06-01,https://play.tvcf.co.kr/950513,Jun_240702
home_appliance,전기전자,큐밍 얼음정수기,예쁜 주방에 더 예쁜 얼음 정수기,2024-06-24,https://play.tvcf.co.kr/950552,Jun_240702
retail,서비스/유통/레저,엔카,"꿈을 팔아요? 저는 팔아요 
나의 드림카 플랫폼 엔카",2024-06-24,https://play.tvcf.co.kr/950949,Jun_240702
finance,금융/보험,롯데 법인카드,CAREFULLY PROFESSIONAL,2024-06-17,https://play.tvcf.co.kr/950510,Jun_240702
telecom,정보통신,SK텔레콤 T우주,"SKT, 이게 되네!",2024-06-28,https://play.tvcf.co.kr/950950,Jun_240702
fnb,식품/제과,푸라닭치킨,치킨도 찍먹하세요,2024-06-28,https://play.tvcf.co.kr/951008,Jun_240702
home_appliance,전기전자,청호나이스 아이스트리 플리,얼음정수기의 기준을 높이다,2024-06-29,https://play.tvcf.co.kr/951015,Jun_240702
public_gov,관공서/단체,국가보훈부,대한민국이 응원해야 할 또 하나의 대한민국,2024-06-29,https://play.tvcf.co.kr/951017,Jun_240702
home_appliance,전기전자,FC 온라인,"지금 FC온라인에서, 나의 길을 따라와",2024-06-27,https://play.tvcf.co.kr/950994,Jun_240702
telecom,정보통신,구글플레이,FC모바일의 플레이를 더 특별하게,2024-06-13,https://play.tvcf.co.kr/951011,Jun_240702
beverage_alcohol,음료/기호식품,하루야채,하루건강 원샷!,2024-06-29,https://play.tvcf.co.kr/950998,Jun_240702
finance,금융/보험,삼성화재 다이렉트,너에게만 착! 밀착 플러팅,2024-06-19,https://play.tvcf.co.kr/951065,Jun_240702
fashion,패션/스포츠,ABC마트,"D끝없는 할인의 맡, 블루 ABC데이",2024-06-28,https://play.tvcf.co.kr/951272,Jun_240702
public_gov,관공서/단체,아리수,아리수 마시는 당신이 영웅,2024-06-01,https://play.tvcf.co.kr/951241,Jun_240702
home_appliance,전기전자,메이플스토리 M,이곳은 죽은자들의 비명이 살아있는 전장,2024-06-27,https://play.tvcf.co.kr/951206,Jun_240702
retail,서비스/유통/레저,코웨이 노블 공기청정기,프리미엄 디자인으로 공간을 완성하라,2024-06-20,https://play.tvcf.co.kr/951213,Jun_240702
education,출판/교육/문화,KBS 파리 2024 올림픽,한 번 가봅시다!,2024-03-01,https://play.tvcf.co.kr/937133,Mar_240403
home_appliance,전기전자,LG 시그니처 세탁건조기,새로운 세탁건조의 시대,2024-03-01,https://play.tvcf.co.kr/937114,Mar_240403
fashion,패션/스포츠,K2 플라이 슈트,플라이슈트와 함께 봄의 전부를 만나고 싶어서,2024-03-01,https://play.tvcf.co.kr/937113,Mar_240403
fnb,식품/제과,한돈,"입단하시죠, 자랑스러운 국돼팀으로",2024-03-01,https://play.tvcf.co.kr/937129,Mar_240403
home_living,생활/가정용품,템퍼 매트리스,THE FUTURE OF SLEEP IS HERE,2024-03-01,https://play.tvcf.co.kr/937137,Mar_240403
construction_realestate,아파트/건설,클렌체,창이라는 사치,2024-03-01,https://play.tvcf.co.kr/937164,Mar_240403
healthcare_pharma,제약/의료/복지,컨디션 스틱,당신의 숙취에 1등으로,2024-03-01,https://play.tvcf.co.kr/937124,Mar_240403
beverage_alcohol,음료/기호식품,카스 라이트 제로 슈거,우린 놀 땐 안 뺌,2024-03-01,https://play.tvcf.co.kr/937150,Mar_240403
fashion,패션/스포츠,젝시오,당신은 골프를 모른다. 아직.,2024-03-01,https://play.tvcf.co.kr/937169,Mar_240403
beauty,화장품,우루오스 페이스워시,남자답게 남김없이,2024-03-01,https://play.tvcf.co.kr/937115,Mar_240403
home_living,생활/가정용품,에싸,"소파는 관리가 어렵다는 상식, 에싸가 바꾸다",2024-03-01,https://play.tvcf.co.kr/937127,Mar_240403
healthcare_pharma,제약/의료/복지,신신파스 아렉스,붙이고 바로 이겨낸다,2024-03-01,https://play.tvcf.co.kr/937130,Mar_240403
beauty,화장품,설화수 자음생세럼,더 빠르고 더 탄탄하게,2024-03-01,https://play.tvcf.co.kr/937128,Mar_240403
beauty,화장품,샤넬 레드 까멜리아 세럼,아름다움에 대한 앞선 생각,2024-03-01,https://play.tvcf.co.kr/937136,Mar_240403
home_appliance,전기전자,보다나,보다나로 스타일을 보다,2024-03-01,https://play.tvcf.co.kr/937116,Mar_240403
fashion,패션/스포츠,노스페이스 마운틴 자켓,이번에도 짧게 할게. 마운틴 자켓을 더 짧게.,2024-03-01,https://play.tvcf.co.kr/937125,Mar_240403
beauty,화장품,정샘물뷰티,누구나 예쁜 데가 다 한 군데씩은 있거든,2024-03-01,https://play.tvcf.co.kr/937135,Mar_240403
beauty,화장품,유세린,유세린을 선택한다는 건 피부과학을 선택한다는 것.,2024-03-01,https://play.tvcf.co.kr/937171,Mar_240403
fnb,식품/제과,호올스,들숨에 호올스 날숨에 릴랙스,2024-03-01,https://play.tvcf.co.kr/937140,Mar_240403
corporate_pr,기업PR,DN솔루션즈,시작에서 솔루션을 찾다,2024-03-01,https://play.tvcf.co.kr/937217,Mar_240403
beverage_alcohol,음료/기호식품,조지아,"깨우다, 오늘을 새롭게",2024-03-01,https://play.tvcf.co.kr/937196,Mar_240403
retail,서비스/유통/레저,하이원리조트,취향은 달라도 여행지는 하나,2024-03-01,https://play.tvcf.co.kr/937258,Mar_240403
telecom,정보통신,넷플릭스,"3월, 넷플 뭐봄?",2024-03-01,https://play.tvcf.co.kr/937143,Mar_240403
fashion,패션/스포츠,콜핑 코어스텝,"올라 갈 땐 밀어주고, 내려올 땐 잡아주니까.",2024-03-01,https://play.tvcf.co.kr/937262,Mar_240403
corporate_pr,기업PR,삼성 VXT,Streamline your screen management,2024-03-01,https://play.tvcf.co.kr/937271,Mar_240403
fnb,식품/제과,삼산회관,오늘도 고생한 너한테 주는 이 할미의 선물,2024-03-01,https://play.tvcf.co.kr/937148,Mar_240403
healthcare_pharma,제약/의료/복지,컨디션,1등이라 행복한 컨디션 왕자,2024-03-01,https://play.tvcf.co.kr/937312,Mar_240403
beauty,화장품,데이지크 무드 섀도우 팔레트,"끌림만 있는 컬러 팔레트가 아닌, 어울림까지 있는 컬러 블렌딩",2024-03-01,https://play.tvcf.co.kr/937323,Mar_240403
beverage_alcohol,음료/기호식품,동화약품 배러화이트,Better white 맥이는 노래,2024-03-01,https://play.tvcf.co.kr/937650,Mar_240403
beverage_alcohol,음료/기호식품,동화약품 배러라이트,시원하게 비우는 Better Light,2024-03-01,https://play.tvcf.co.kr/937679,Mar_240403
education,출판/교육/문화,한국방송통신대학교,우리 같이 함께하는 세상으로,2024-03-01,https://play.tvcf.co.kr/937734,Mar_240403
finance,금융/보험,원더(롯데손해보험),보험 가입이 수입으로 바뀌는 놀라움,2024-03-01,https://play.tvcf.co.kr/937745,Mar_240403
finance,금융/보험,원더(롯데손해보험),보험 낭비를 정비로 막아주는 원더로!,2024-03-01,https://play.tvcf.co.kr/937748,Mar_240403
beverage_alcohol,음료/기호식품,참소주,열려라 참소주의 깨끗함,2024-03-01,https://play.tvcf.co.kr/938120,Mar_240403
automotive,자동차/정유,아이오닉5,살 때부터 팔 때까지 케어받는 EV 에브리 케어,2024-03-01,https://play.tvcf.co.kr/938304,Mar_240403
healthcare_pharma,제약/의료/복지,알비스,원인부터! 처음부터! 알비스!,2024-03-01,https://play.tvcf.co.kr/938711,Mar_240403
home_appliance,전기전자,던전앤파이터 모바일,옥성태 디렉터는 깨달았다,2024-03-01,https://play.tvcf.co.kr/939470,Mar_240403
fashion,패션/스포츠,데상트,Double Up Your Life,2024-03-01,https://play.tvcf.co.kr/940128,Mar_240403
beverage_alcohol,음료/기호식품,연세유업,속이 문제가 아니라 우유가 문제야,2024-03-01,https://play.tvcf.co.kr/937188,Mar_240403
beauty,화장품,정샘물,FIND YOUTIFUL,2024-03-01,https://play.tvcf.co.kr/937134,Mar_240403
telecom,정보통신,틴더,틀린 선택은 없어,2024-03-01,https://play.tvcf.co.kr/937156,Mar_240403
finance,금융/보험,삼성화재,보이는 보험,2024-03-01,https://play.tvcf.co.kr/937219,Mar_240403
beauty,화장품,메디필,"바르는 것보다 중요한 건, 모공 깊이 채우는 것",2024-03-01,https://play.tvcf.co.kr/937840,Mar_240403
telecom,정보통신,구글플레이,"START, 세상에 없던 PLAY",2024-03-02,https://play.tvcf.co.kr/937167,Mar_240403
healthcare_pharma,제약/의료/복지,컨디션 스틱,젤로 확 깨는 상태,2024-03-02,https://play.tvcf.co.kr/937160,Mar_240403
beverage_alcohol,음료/기호식품,삼육두유,언제나 우리 곁에,2024-03-02,https://play.tvcf.co.kr/937168,Mar_240403
healthcare_pharma,제약/의료/복지,세노비스 슈퍼바이오틱스 콜레스테롤,나의 장건강 자신감,2024-03-03,https://play.tvcf.co.kr/937170,Mar_240403
healthcare_pharma,제약/의료/복지,뉴트리원 퍼펙트 아이케어 3X GR,"한국인의 눈 건강, 164",2024-03-04,https://play.tvcf.co.kr/937236,Mar_240403
telecom,정보통신,29CM,새로운 시즌. 취향의 발견.,2024-03-04,https://play.tvcf.co.kr/937289,Mar_240403
healthcare_pharma,제약/의료/복지,모닝이즈백,"초깔끔한 아침의 시작, 백이면 백 모닝이즈백",2024-03-04,https://play.tvcf.co.kr/938077,Mar_240403
retail,서비스/유통/레저,HMG 드라이빙 익스피리언스,취미의 새로운 코스 발견,2024-03-04,https://play.tvcf.co.kr/939154,Mar_240403
public_gov,관공서/단체,육군학생군사학교,대한민국에서 챙겨주는 인생 적립,2024-03-04,https://play.tvcf.co.kr/940349,Mar_240403
fashion,패션/스포츠,데싱디바,날 행복하게 하는 건 변치 않아. 데싱디바 처럼.,2024-03-04,https://play.tvcf.co.kr/938566,Mar_240403
finance,금융/보험,우리금융그룹,우리 곁엔 우리가 있다,2024-03-04,https://play.tvcf.co.kr/937313,Mar_240403
retail,서비스/유통/레저,셀렙샵,"멈춰있는 쇼핑은 빠지시고, 살아있는 쇼핑에 빠져보시길",2024-03-04,https://play.tvcf.co.kr/937851,Mar_240403
automotive,자동차/정유,아이오닉5,아이오닉처럼 해봐요,2024-03-05,https://play.tvcf.co.kr/937642,Mar_240403
fnb,식품/제과,오뚜기,해피냠냠 룰루냠냠,2024-03-05,https://play.tvcf.co.kr/939029,Mar_240403
fnb,식품/제과,정식품 간단요리사,맛있는 요리육수,2024-03-06,https://play.tvcf.co.kr/937777,Mar_240403
automotive,자동차/정유,한국타이어 iON,전기차의 퍼포먼스 타이어로 완성하다,2024-03-06,https://play.tvcf.co.kr/937779,Mar_240403
public_gov,관공서/단체,서울특별시 교육청,우리가 지킨다,2024-03-06,https://play.tvcf.co.kr/937764,Mar_240403
public_gov,관공서/단체,방송통신위원회,"더 넓은 미디어 세상, 장애인 방송이 함께 합니다.",2024-03-06,https://play.tvcf.co.kr/939709,Mar_240403
beverage_alcohol,음료/기호식품,레드불,레드불 날개를 펼쳐줘요,2024-03-07,https://play.tvcf.co.kr/938053,Mar_240403
education,출판/교육/문화,KBS 케미단,KBS 케미단. 케미 터져서 케미단.,2024-03-07,https://play.tvcf.co.kr/937928,Mar_240403
beauty,화장품,아비브,언제 어디서라도 아비브 선케어,2024-03-07,https://play.tvcf.co.kr/937823,Mar_240403
home_appliance,전기전자,닌텐도 스위치 마리오 vs. 동키콩,번뜩이는 재치와 액션으로 돌파!,2024-03-07,https://play.tvcf.co.kr/938051,Mar_240403
public_gov,관공서/단체,2024 국민의 선택,투표 TOGETHER 모두 한 표,2024-03-07,https://play.tvcf.co.kr/937987,Mar_240403
fnb,식품/제과,반올림피자샵,미쳤다. 레드올림,2024-03-07,https://play.tvcf.co.kr/938248,Mar_240403
healthcare_pharma,제약/의료/복지,그날엔,"당신이 바로 웃을 수 있게, 그날엔",2024-03-08,https://play.tvcf.co.kr/937993,Mar_240403
fashion,패션/스포츠,네파 휘슬라이저,"ALL WAYS 하이킹, 휘슬라이저",2024-03-08,https://play.tvcf.co.kr/937967,Mar_240403
beauty,화장품,토리든,처음 만나는 똑똑한 비타민,2024-03-08,https://play.tvcf.co.kr/938037,Mar_240403
fashion,패션/스포츠,피레티,ETERNAL CLASSICS,2024-03-08,https://play.tvcf.co.kr/938099,Mar_240403
automotive,자동차/정유,스타리아 라운지,스타리아 라운지,2024-03-08,https://play.tvcf.co.kr/938302,Mar_240403
beverage_alcohol,음료/기호식품,카프리썬,The taste of fun,2024-03-08,https://play.tvcf.co.kr/939403,Mar_240403
construction_realestate,아파트/건설,휴그린,"금호석유화학이 만든 창, 작품",2024-03-08,https://play.tvcf.co.kr/937841,Mar_240403
automotive,자동차/정유,아이오닉5,와! 아이오닉은 이렇게도 쓰는 군요!,2024-03-08,https://play.tvcf.co.kr/938100,Mar_240403
healthcare_pharma,제약/의료/복지,모션필로우,코골이엔 10minds 모션 필로우,2024-03-09,https://play.tvcf.co.kr/938105,Mar_240403
finance,금융/보험,카카오뱅크,"이런 게, 카뱅이지~",2024-03-11,https://play.tvcf.co.kr/939155,Mar_240403
telecom,정보통신,직방,우리가 원하는 방 직방에 다 있다,2024-03-11,https://play.tvcf.co.kr/938195,Mar_240403
finance,금융/보험,DB손해보험 다이렉트 자동차보험,나에게 맞게 꼭!,2024-03-11,https://play.tvcf.co.kr/938298,Mar_240403
home_appliance,전기전자,퓨라셀미,"새로운 뷰티 디바이스의 탄생, 고주파도 초음파도 아니다.",2024-03-11,https://play.tvcf.co.kr/938229,Mar_240403
public_gov,관공서/단체,중앙선거관리위원회,당신의 꿈이 실현될 수 있도록,2024-03-11,https://play.tvcf.co.kr/938306,Mar_240403
beauty,화장품,미백 순수22%,미백 순수22%,2024-03-11,https://play.tvcf.co.kr/938308,Mar_240403
telecom,정보통신,KB오케어,헬스케어도 KB답게,2024-03-11,https://play.tvcf.co.kr/938311,Mar_240403
healthcare_pharma,제약/의료/복지,비맥스,I MAX인 당신에겐 B MAX가 필요하다,2024-03-11,https://play.tvcf.co.kr/938348,Mar_240403
fnb,식품/제과,GRBK,Escape The Ordinary,2024-03-11,https://play.tvcf.co.kr/939022,Mar_240403
home_appliance,전기전자,퓨라셀미,레이저 효과를 내는 건 레이저뿐이야,2024-03-11,https://play.tvcf.co.kr/938235,Mar_240403
retail,서비스/유통/레저,쏘카,"해지면 싸다, 쏘카",2024-03-11,https://play.tvcf.co.kr/938623,Mar_240403
public_gov,관공서/단체,2024 국민의 선택,소중한 한 표 꼭 행사하세요!,2024-03-12,https://play.tvcf.co.kr/938463,Mar_240403
telecom,정보통신,삼성 갤럭시 S24,인터넷 없이. 막 말해도. 알아서,2024-03-12,https://play.tvcf.co.kr/938827,Mar_240403
finance,금융/보험,OK캐피탈 OK비교대출,쏜다 쏜다 한달 이자 쏜다,2024-03-13,https://play.tvcf.co.kr/938370,Mar_240403
automotive,자동차/정유,BMW,당신은 BMW의 선택을 선택했다,2024-03-13,https://play.tvcf.co.kr/938578,Mar_240403
construction_realestate,아파트/건설,롯데캐슬,일상을 밀도 높게 나답게 살아가는 곳,2024-03-13,https://play.tvcf.co.kr/938617,Mar_240403
home_appliance,전기전자,삼성 BESPOKE 인덕션,프리미엄에 트렌드를 더하다,2024-03-13,https://play.tvcf.co.kr/938632,Mar_240403
telecom,정보통신,헤이딜러,중고차 세로고침,2024-03-13,https://play.tvcf.co.kr/938658,Mar_240403
fnb,식품/제과,누가바,누가봐도 누가바,2024-03-13,https://play.tvcf.co.kr/938687,Mar_240403
home_living,생활/가정용품,3H 지압침대,잠까지 바로,2024-03-13,https://play.tvcf.co.kr/938574,Mar_240403
home_living,생활/가정용품,하기스 네이처메이드,"네가 편안해야, 우리의 지금을 지킬 수 있으니까.",2024-03-14,https://play.tvcf.co.kr/938831,Mar_240403
healthcare_pharma,제약/의료/복지,뉴트리코어,1등은 성적표를 감추지 않는다,2024-03-14,https://play.tvcf.co.kr/938809,Mar_240403
fashion,패션/스포츠,노르디스크,Hej! Nordisk,2024-03-14,https://play.tvcf.co.kr/938639,Mar_240403
automotive,자동차/정유,쉐보레 트랙스 크로스오버,무엇을 원하든 무엇이든 가능하게,2024-03-14,https://play.tvcf.co.kr/938777,Mar_240403
healthcare_pharma,제약/의료/복지,콜대원 키즈,Mom을 위해 맘을 다해,2024-03-14,https://play.tvcf.co.kr/938695,Mar_240403
public_gov,관공서/단체,2024 국민의 선택,"여러분의 소중한 한표, 중앙선거관리 위원회와 SBS가 함께 지킵니다.",2024-03-14,https://play.tvcf.co.kr/938795,Mar_240403
healthcare_pharma,제약/의료/복지,디어페미닌,찐 핑크로 나는 좋아질 거야,2024-03-14,https://play.tvcf.co.kr/938797,Mar_240403
beverage_alcohol,음료/기호식품,진로골드,탄생! 부드러움의 황금비율,2024-03-14,https://play.tvcf.co.kr/938804,Mar_240403
home_appliance,전기전자,바디프랜드,바디프랜드 라운지로 오세요,2024-03-14,https://play.tvcf.co.kr/939450,Mar_240403
home_appliance,전기전자,삼성디스플레이,AI Health on Display,2024-03-14,https://play.tvcf.co.kr/939714,Mar_240403
home_appliance,전기전자,삼성디스플레이,AI Security on Display,2024-03-14,https://play.tvcf.co.kr/939716,Mar_240403
home_appliance,전기전자,삼성디스플레이,AI Power Saving on Display,2024-03-14,https://play.tvcf.co.kr/939715,Mar_240403
telecom,정보통신,KT M모바일,아직은 아니다 내일은 모른다,2024-03-14,https://play.tvcf.co.kr/940363,Mar_240403
fnb,식품/제과,어쩌다사장 대게라면,그냥 라면이 아니죠. 대게 맛있는 대게 라면이죠.,2024-03-14,https://play.tvcf.co.kr/938824,Mar_240403
public_gov,관공서/단체,2025 APEC 경주,"천년을 품고도 나아가고 싶어, 이름까지 경주",2024-03-14,https://play.tvcf.co.kr/938808,Mar_240403
fashion,패션/스포츠,언더아머,나의 모든 건 언더로부터,2024-03-14,https://play.tvcf.co.kr/939182,Mar_240403
finance,금융/보험,우리은행,우리 금융 생활의 A TO Z,2024-03-15,https://play.tvcf.co.kr/938878,Mar_240403
beverage_alcohol,음료/기호식품,제주 삼다수,"우리가 믿는 물, 제주삼다수",2024-03-15,https://play.tvcf.co.kr/938798,Mar_240403
telecom,정보통신,다방,모두다 보는방,2024-03-15,https://play.tvcf.co.kr/938799,Mar_240403
retail,서비스/유통/레저,이마트,이마트의 신선함엔 한계란 없으니까,2024-03-15,https://play.tvcf.co.kr/938807,Mar_240403
fashion,패션/스포츠,블랙야크,"자연 속으로 걸어가는 순간, 벅차오르다",2024-03-15,https://play.tvcf.co.kr/938805,Mar_240403
fnb,식품/제과,켈로그 첵스 초코 매직팝핑볼,마법같은 달콤함이 입 안 가득 톡톡!,2024-03-15,https://play.tvcf.co.kr/938829,Mar_240403
fnb,식품/제과,박카스맛 젤리,"텐션에 반전이 필요할 때, 박맛젤!",2024-03-15,https://play.tvcf.co.kr/938832,Mar_240403
healthcare_pharma,제약/의료/복지,세노비스 슈퍼바이오틱스 콜레스테롤,"나쁜콜레스테롤, SAY NO!",2024-03-15,https://play.tvcf.co.kr/938874,Mar_240403
beverage_alcohol,음료/기호식품,선양,"세상 잘 빠진 소주, 선양에 빠졌다",2024-03-15,https://play.tvcf.co.kr/938881,Mar_240403
healthcare_pharma,제약/의료/복지,그레인온,고르고 골라서 그레인 온,2024-03-15,https://play.tvcf.co.kr/938873,Mar_240403
public_gov,관공서/단체,가스안전캠페인,I'm so happy check,2024-03-15,https://play.tvcf.co.kr/938875,Mar_240403
home_appliance,전기전자,삼성 Neo QLED 8K,모든 순간을 업스케일,2024-03-15,https://play.tvcf.co.kr/938876,Mar_240403
automotive,자동차/정유,쉐보레 트랙스 크로스오버,"Life in Trax, Trax in Life",2024-03-15,https://play.tvcf.co.kr/939152,Mar_240403
healthcare_pharma,제약/의료/복지,모션필로우,다시 가까워지고 싶다면,2024-03-15,https://play.tvcf.co.kr/938884,Mar_240403
finance,금융/보험,신한 SOL트래블 체크카드,"이젠, 트래블카드가 1년 내내 열일하게 하자",2024-03-15,https://play.tvcf.co.kr/939607,Mar_240403
home_appliance,전기전자,바디프랜드,침대야 의자야?,2024-03-15,https://play.tvcf.co.kr/939633,Mar_240403
beauty,화장품,블랙포레,두피열 5도 감소,2024-03-15,https://play.tvcf.co.kr/940069,Mar_240403
beverage_alcohol,음료/기호식품,웰치스 제로,"칼로리 0, 과일맛은 Rich. 0&RICH.",2024-03-15,https://play.tvcf.co.kr/938800,Mar_240403
home_appliance,전기전자,셀리턴 익스럭스,미치도록 아름다운 통증,2024-03-16,https://play.tvcf.co.kr/938970,Mar_240403
home_appliance,전기전자,프라시아 전기,스탠더님들을 지켜주는 쿠폰 드릴게요.,2024-03-16,https://play.tvcf.co.kr/939046,Mar_240403
home_appliance,전기전자,삼성 더 프레임,TV로 만나는 일상 속 아트 갤러리,2024-03-17,https://play.tvcf.co.kr/939747,Mar_240403
public_gov,관공서/단체,KBS 개표방송 선택 2024 총선,"4월 10일, 개표방송의 클래식이 찾아옵니다",2024-03-17,https://play.tvcf.co.kr/939837,Mar_240403
beauty,화장품,대웅제약 이지듀,문제피부에 제약을 걸다,2024-03-17,https://play.tvcf.co.kr/938983,Mar_240403
public_gov,관공서/단체,세이브더칠드런,아프리카를 돕는 빨간 염소 고티와 함께 달려요,2024-03-18,https://play.tvcf.co.kr/939030,Mar_240403
healthcare_pharma,제약/의료/복지,알레그라,가장 나다운 순간이 계속되도록,2024-03-18,https://play.tvcf.co.kr/939048,Mar_240403
telecom,정보통신,아정당,입당하라! 생활솔루션 아정당,2024-03-18,https://play.tvcf.co.kr/939047,Mar_240403
home_appliance,전기전자,다이슨,다이슨의 가장 스마트한 헤어드라이어,2024-03-18,https://play.tvcf.co.kr/939119,Mar_240403
fashion,패션/스포츠,아메리칸투어리스터 롤리오,All-Rounder 'ROLLIO',2024-03-19,https://play.tvcf.co.kr/939109,Mar_240403
home_appliance,전기전자,별이되어라2,판타지는 본래 잔혹하다,2024-03-19,https://play.tvcf.co.kr/939121,Mar_240403
retail,서비스/유통/레저,알리익스프레스,천만가지 상품의 억소리나는 할인,2024-03-19,https://play.tvcf.co.kr/939157,Mar_240403
telecom,정보통신,아이폰 15,그냥 찍은 사진도 인물 사진으로,2024-03-19,https://play.tvcf.co.kr/939156,Mar_240403
fnb,식품/제과,농심 배홍동 비빔면,"비비는 순간 맛집이 되는 여기는, 비빌시 맛있구 배홍동",2024-03-19,https://play.tvcf.co.kr/939143,Mar_240403
automotive,자동차/정유,금호타이어,전기차의 심장이 되다,2024-03-20,https://play.tvcf.co.kr/939150,Mar_240403
retail,서비스/유통/레저,에버랜드,살랑살랑 봄 바람타고 날아 온 요정의 초댓장,2024-03-20,https://play.tvcf.co.kr/939175,Mar_240403
home_living,생활/가정용품,플랙커스,치실을 바로잡다,2024-03-20,https://play.tvcf.co.kr/939185,Mar_240403
beauty,화장품,구달,"이별은 티 하나 남김없이, Good bye 잡티",2024-03-20,https://play.tvcf.co.kr/939204,Mar_240403
beauty,화장품,구달,고윤정의 2주 잡티 이별 세럼,2024-03-20,https://play.tvcf.co.kr/939205,Mar_240403
beauty,화장품,쎌퓨전씨 선크림,해에게서 답을 찾는 사람들,2024-03-20,https://play.tvcf.co.kr/939237,Mar_240403
fnb,식품/제과,푸라닭치킨,"순살, 부위 확인 했죠?",2024-03-20,https://play.tvcf.co.kr/939240,Mar_240403
beverage_alcohol,음료/기호식품,로제청하 스파클링,"꽃처럼 예쁠 너의 내일엔, 로제청하 스파클링",2024-03-21,https://play.tvcf.co.kr/939248,Mar_240403
automotive,자동차/정유,ACDelco,자동차 부품의 새로운 기준,2024-03-21,https://play.tvcf.co.kr/939267,Mar_240403
beverage_alcohol,음료/기호식품,제주 삼다수,땅이 깨끗해야 물도 깨끗하니까,2024-03-21,https://play.tvcf.co.kr/939378,Mar_240403
beauty,화장품,미샤,Beauty in Reality,2024-03-21,https://play.tvcf.co.kr/939369,Mar_240403
healthcare_pharma,제약/의료/복지,와이즈바이옴,땡큐! 당큐락!,2024-03-21,https://play.tvcf.co.kr/939293,Mar_240403
fnb,식품/제과,오뚜기 진비빔면,진짜로 갑시다,2024-03-21,https://play.tvcf.co.kr/939419,Mar_240403
fnb,식품/제과,THE 미식 장인라면,고추의 맛으로 꽉 채운 스코빌,2024-03-21,https://play.tvcf.co.kr/939439,Mar_240403
beverage_alcohol,음료/기호식품,제주 삼다수,제주삼다수라는 진심을 주문하세요,2024-03-21,https://play.tvcf.co.kr/939426,Mar_240403
home_appliance,전기전자,컴투스 프로야구,도무지 적당히 좋아할 수 없는 스포츠,2024-03-21,https://play.tvcf.co.kr/939296,Mar_240403
healthcare_pharma,제약/의료/복지,벤포벨S,"애쓰니까 어른이다, 어른들의 비타민",2024-03-21,https://play.tvcf.co.kr/940064,Mar_240403
fashion,패션/스포츠,K2 플라이하이크 벤쳐,거침없이 하이킹,2024-03-21,https://play.tvcf.co.kr/939377,Mar_240403
home_appliance,전기전자,에오스블랙,극악이거나 극락이거나,2024-03-22,https://play.tvcf.co.kr/939489,Mar_240403
healthcare_pharma,제약/의료/복지,액티넘 EX골드,액션! 액티넘!,2024-03-22,https://play.tvcf.co.kr/939283,Mar_240403
retail,서비스/유통/레저,신세계그룹 랜더스데이,프로 쇼퍼들의 쇼핑 축제,2024-03-22,https://play.tvcf.co.kr/939401,Mar_240403
home_living,생활/가정용품,시저,니가 좋으면 나도 좋아,2024-03-22,https://play.tvcf.co.kr/939404,Mar_240403
home_appliance,전기전자,바디프랜드,"헬스케어 로봇, 바디프랜드",2024-03-22,https://play.tvcf.co.kr/939434,Mar_240403
fashion,패션/스포츠,스케쳐스 맥스 쿠셔닝,걷고 뛰는 편안함이 MAX,2024-03-22,https://play.tvcf.co.kr/939435,Mar_240403
automotive,자동차/정유,KG모빌리티,당신이 원하는 특별한 공간으로,2024-03-22,https://play.tvcf.co.kr/939487,Mar_240403
home_living,생활/가정용품,타가,예민은 타가가 할게요,2024-03-23,https://play.tvcf.co.kr/939428,Mar_240403
home_appliance,전기전자,삼성 BESPOKE AI 콤보,"AI로 세탁부터 건조까지 한 번에, 빠르게",2024-03-23,https://play.tvcf.co.kr/939449,Mar_240403
automotive,자동차/정유,현대자동차N,Never just drive,2024-03-23,https://play.tvcf.co.kr/940210,Mar_240403
home_appliance,전기전자,컴투스 프로야구,"야구, 좋아하세요?",2024-03-23,https://play.tvcf.co.kr/939234,Mar_240403
telecom,정보통신,삼성 갤럭시 S24,Good Job Galaxy,2024-03-24,https://play.tvcf.co.kr/940180,Mar_240403
fashion,패션/스포츠,코닥어패럴,코닥은 전체이용가,2024-03-25,https://play.tvcf.co.kr/939443,Mar_240403
telecom,정보통신,티오더,당신의 T나는 성공을 위해,2024-03-25,https://play.tvcf.co.kr/939471,Mar_240403
fnb,식품/제과,버거킹,소스라치는 매콤함,2024-03-25,https://play.tvcf.co.kr/939479,Mar_240403
beauty,화장품,투쿨포스쿨,난 하나로 칠해,2024-03-25,https://play.tvcf.co.kr/939481,Mar_240403
public_gov,관공서/단체,서울특별시교육청,서울 교육과 함께 걸으시겠습니까?,2024-03-25,https://play.tvcf.co.kr/939496,Mar_240403
public_gov,관공서/단체,국토교통부,새로운 시대를 달리다,2024-03-25,https://play.tvcf.co.kr/939603,Mar_240403
telecom,정보통신,토스 플레이스,"요즘 매장, 요즘 결제",2024-03-25,https://play.tvcf.co.kr/939491,Mar_240403
beauty,화장품,토리든,수분은 역시 토리든,2024-03-25,https://play.tvcf.co.kr/939486,Mar_240403
healthcare_pharma,제약/의료/복지,안국건강,수박씨보다 작게,2024-03-25,https://play.tvcf.co.kr/939836,Mar_240403
finance,금융/보험,신한투자증권,투자는 공부다,2024-03-25,https://play.tvcf.co.kr/940495,Mar_240403
public_gov,관공서/단체,한국관광공사,"떠나세요, 여행이 있는 주말",2024-03-25,https://play.tvcf.co.kr/940710,Mar_240403
retail,서비스/유통/레저,코드그라피,Keep Dreaming,2024-03-26,https://play.tvcf.co.kr/939641,Mar_240403
retail,서비스/유통/레저,프레시원,고민은 많아도 정답은 하나!,2024-03-27,https://play.tvcf.co.kr/939793,Mar_240403
home_appliance,전기전자,삼성 BESPOKE 제트 봇 콤보 AI Steam,"로봇청소기에 바라던 것이, 마침내",2024-03-27,https://play.tvcf.co.kr/940121,Mar_240403
automotive,자동차/정유,The Kia K4,Keeping every moment in good hands,2024-03-27,https://play.tvcf.co.kr/940175,Mar_240403
automotive,자동차/정유,The Kia K4,We push beyond. We Dare.,2024-03-27,https://play.tvcf.co.kr/940163,Mar_240403
beverage_alcohol,음료/기호식품,벨즈,"술자리 3대장은 소주, 맥주, 벨주",2024-03-27,https://play.tvcf.co.kr/940127,Mar_240403
healthcare_pharma,제약/의료/복지,MSD,암으로부터 당신의 건강을 지킬 인생샷,2024-03-27,https://play.tvcf.co.kr/940431,Mar_240403
public_gov,관공서/단체,기호3번 더불어민주연합,못참겠다 심판하자,2024-03-28,https://play.tvcf.co.kr/940119,Mar_240403
fashion,패션/스포츠,말본골프,Padise in play,2024-03-28,https://play.tvcf.co.kr/940072,Mar_240403
public_gov,관공서/단체,기호9번 조국혁신당,"4월 10일, 혁신의 바다에서 만납시다",2024-03-28,https://play.tvcf.co.kr/940117,Mar_240403
home_appliance,전기전자,경동나비엔 환기청정기,"온 집안에 새 공기만 돌고, 돌고, 돌고",2024-03-29,https://play.tvcf.co.kr/940261,Mar_240403
healthcare_pharma,제약/의료/복지,쥬비스 다이어트,"성공은 원래 한번에가 아니라, 하나씩이다.",2024-03-29,https://play.tvcf.co.kr/940365,Mar_240403
public_gov,관공서/단체,기호3번 더불어민주연합,민주와 연합이 만났다,2024-03-29,https://play.tvcf.co.kr/940266,Mar_240403
beauty,화장품,고혼진,여유롭게 나답게 나를 되찾는 시간,2024-03-29,https://play.tvcf.co.kr/940260,Mar_240403
telecom,정보통신,KT Y,와 이로운 혜택,2024-03-29,https://play.tvcf.co.kr/940311,Mar_240403
healthcare_pharma,제약/의료/복지,익스트림,세상의 모든 체력,2024-03-30,https://play.tvcf.co.kr/940283,Mar_240403
beverage_alcohol,음료/기호식품,와인나라,Everyday Luxury,2024-03-30,https://play.tvcf.co.kr/940346,Mar_240403
retail,서비스/유통/레저,LG전자 구독,가전도 이제 구독하는 시대,2024-03-30,https://play.tvcf.co.kr/940268,Mar_240403
finance,금융/보험,한화손해보험,중요한 건 해내는 것보다 해보는 것,2024-03-30,https://play.tvcf.co.kr/940271,Mar_240403
public_gov,관공서/단체,기호6번 새로운미래,그래도 민주주의 그리고 공정한 나라,2024-03-31,https://play.tvcf.co.kr/940359,Mar_240403
beverage_alcohol,음료/기호식품,게토레이 제로,오늘의 나를 움직이는 게토레이 제로,2024-05-01,https://play.tvcf.co.kr/944365,May_240603
beauty,화장품,글로우 플레이 텐더토크 립 밤,Lips to Cheeks,2024-05-01,https://play.tvcf.co.kr/946646,May_240603
public_gov,관공서/단체,금연캠페인,이렇게 참은 김에 금연해,2024-05-01,https://play.tvcf.co.kr/944327,May_240603
fnb,식품/제과,농심 배홍동 비빔면,비비는 순간 맛집이 되는 여기는 비빌시 맛있구 배홍동,2024-05-01,https://play.tvcf.co.kr/944367,May_240603
healthcare_pharma,제약/의료/복지,더마틱스 울트라,크고작은 흉터전문,2024-05-01,https://play.tvcf.co.kr/945126,May_240603
fnb,식품/제과,더벤티,저… 당했습니다 저당… 했다구요,2024-05-01,https://play.tvcf.co.kr/944336,May_240603
fnb,식품/제과,땅땅치킨,땡초마요찹스로 위풍땅땅,2024-05-01,https://play.tvcf.co.kr/944313,May_240603
healthcare_pharma,제약/의료/복지,마그랩,답이 되는 마그네슘,2024-05-01,https://play.tvcf.co.kr/944429,May_240603
beauty,화장품,마르시끄,주름계를 주름잡는 마르시끄 주름패치,2024-05-01,https://play.tvcf.co.kr/944379,May_240603
telecom,정보통신,마켓컬리,뭘 먹고 그렇게,2024-05-01,https://play.tvcf.co.kr/947524,May_240603
fnb,식품/제과,맥도날드 1955 해쉬브라운 불고기 해쉬브라운,바삭한 해쉬브라운이 1955와 불고기 버거로 쏙,2024-05-01,https://play.tvcf.co.kr/944358,May_240603
home_living,생활/가정용품,모던하우스,설레는 순간부터 여름이니까,2024-05-01,https://play.tvcf.co.kr/944390,May_240603
beauty,화장품,미쟝센 퍼펙트 세럼,몰랐어? 나 퍼펙트 한 거,2024-05-01,https://play.tvcf.co.kr/944382,May_240603
healthcare_pharma,제약/의료/복지,바슈롬 울트라 원데이,16시간 편안한 착용감으로 하루종일 맑은 눈,2024-05-01,https://play.tvcf.co.kr/944394,May_240603
healthcare_pharma,제약/의료/복지,베나치오,소화에 속전속결,2024-05-01,https://play.tvcf.co.kr/944326,May_240603
automotive,자동차/정유,볼보 XC90,안전함의 대명사,2024-05-01,https://play.tvcf.co.kr/944354,May_240603
fashion,패션/스포츠,비너스,"심플하게 즐겨, 여름이잖아",2024-05-01,https://play.tvcf.co.kr/944368,May_240603
beauty,화장품,사이오스,이제 집에서도 섬세하게,2024-05-01,https://play.tvcf.co.kr/946226,May_240603
home_appliance,전기전자,삼성 BESPOKE AI 무풍에어컨,천만의 선택 BESPOKE 무풍에어컨,2024-05-01,https://play.tvcf.co.kr/944360,May_240603
fnb,식품/제과,삼양 맵탱,맵탈케어가 필요한 순간,2024-05-01,https://play.tvcf.co.kr/943535,May_240603
home_appliance,전기전자,세라젬 파우제,"만족하는 순간, 진화는 끝나니까",2024-05-01,https://play.tvcf.co.kr/944359,May_240603
public_gov,관공서/단체,수도권자원순환공원,모두의 내일에 필요한 환기,2024-05-01,https://play.tvcf.co.kr/944363,May_240603
fnb,식품/제과,스팸 닭가슴살,절대맛 그대로 고기를 바꿨다!,2024-05-01,https://play.tvcf.co.kr/945071,May_240603
fnb,식품/제과,써브웨이,"경이로운 신선함, 오직 써브웨이에서",2024-05-01,https://play.tvcf.co.kr/942107,May_240603
public_gov,관공서/단체,아리수,멋을 마신다,2024-05-01,https://play.tvcf.co.kr/944320,May_240603
fashion,패션/스포츠,아이더,세상에 없던 기술적 시원함,2024-05-01,https://play.tvcf.co.kr/944063,May_240603
beauty,화장품,아이오페 레티놀 슈퍼 바운스 세럼,단 7일만에 꽉차오르는 밀도탄력,2024-05-01,https://play.tvcf.co.kr/944328,May_240603
healthcare_pharma,제약/의료/복지,아이클타임,"키, 성장판이 닫히기 전에 키우세요!",2024-05-01,https://play.tvcf.co.kr/904737,May_240603
home_living,생활/가정용품,아파트멘터리,"집, 디자인이 되다",2024-05-01,https://play.tvcf.co.kr/946822,May_240603
beauty,화장품,에스트라 리제덤365 모공탄력 캡슐세럼,7일이면 느껴지는 모공 탄력의 힘,2024-05-01,https://play.tvcf.co.kr/945245,May_240603
telecom,정보통신,올리브영 헬스+,"세상 새로운 헬스케어, 올영답게 시작",2024-05-01,https://play.tvcf.co.kr/945676,May_240603
beauty,화장품,우르오스 스킨워시,뒤끝없이 개운하게,2024-05-01,https://play.tvcf.co.kr/944380,May_240603
finance,금융/보험,우리은행,우리 금융 생활의 A To Z,2024-05-01,https://play.tvcf.co.kr/944333,May_240603
fashion,패션/스포츠,유니클로 에어리즘,피부가 입고 싶은 쾌적함,2024-05-01,https://play.tvcf.co.kr/944329,May_240603
beverage_alcohol,음료/기호식품,제임슨 아이리쉬 위스키,너의 세상을 넓혀봐,2024-05-01,https://play.tvcf.co.kr/946820,May_240603
beverage_alcohol,음료/기호식품,처음처럼,언제나 당신곁의 처음처럼으로부터,2024-05-01,https://play.tvcf.co.kr/944411,May_240603
home_appliance,전기전자,쿠쿠 인스퓨어 ZERO 100 SLIM 끓인 물·얼음 정수기,갓 만든 얼음과 갓 내린 신선한 커피는 이 여름에 가장 잘 어울리니까,2024-05-01,https://play.tvcf.co.kr/944335,May_240603
retail,서비스/유통/레저,티웨이항공,"티웨이, 유럽으로",2024-05-01,https://play.tvcf.co.kr/944720,May_240603
public_gov,관공서/단체,티타임A1,알아서 팔고 알아서 벌어주니까,2024-05-01,https://play.tvcf.co.kr/945307,May_240603
healthcare_pharma,제약/의료/복지,플랜트 콜라겐,헤어졌다 성격차이로,2024-05-01,https://play.tvcf.co.kr/943045,May_240603
public_gov,관공서/단체,한국주택금융공사 주택연금,평생을 지켜온 당신의 집으로부터,2024-05-01,https://play.tvcf.co.kr/944331,May_240603
automotive,자동차/정유,한국타이어,"퍼포먼스의 끝, 타이어로 완성하다",2024-05-01,https://play.tvcf.co.kr/944690,May_240603
home_appliance,전기전자,현대큐밍 딜라이트,예쁜 주방에 더 예쁜 정수기,2024-05-01,https://play.tvcf.co.kr/944378,May_240603
finance,금융/보험,현대해상,"이만큼 울고, 웃게 하는 건, 소중한 너의 탄생뿐이니까",2024-05-01,https://play.tvcf.co.kr/944512,May_240603
healthcare_pharma,제약/의료/복지,후시딘,"이루어져라, 바라는대로 바르는대로",2024-05-01,https://play.tvcf.co.kr/944113,May_240603
fashion,패션/스포츠,K2 코드텐,입는 순간 열을 식혀주는 초냉감 얼음실,2024-05-01,https://play.tvcf.co.kr/944357,May_240603
finance,금융/보험,KB증권,"대한민국, 커져라 뚝딱!",2024-05-01,https://play.tvcf.co.kr/943976,May_240603
telecom,정보통신,SK텔레콤,AI는 사랑을 연결하는 가장 진화한 방식입니다,2024-05-01,https://play.tvcf.co.kr/946566,May_240603
construction_realestate,아파트/건설,동문건설,삶을 움직이는 집,2024-05-02,https://play.tvcf.co.kr/945706,May_240603
public_gov,관공서/단체,삼양그룹,그 느낌 어쩌면 삼양때문일지도,2024-05-02,https://play.tvcf.co.kr/944420,May_240603
telecom,정보통신,스포티파이,언제. 어디서나. 운명같은 음악이 널 찾아올거야.,2024-05-02,https://play.tvcf.co.kr/944242,May_240603
healthcare_pharma,제약/의료/복지,써마지 FLX,경험할 수록 써마지 FLX,2024-05-02,https://play.tvcf.co.kr/944387,May_240603
beauty,화장품,초공진,"탄력, 그 위에 초탄력",2024-05-02,https://play.tvcf.co.kr/944453,May_240603
finance,금융/보험,현대카드,정상에 선 당신의 카드,2024-05-02,https://play.tvcf.co.kr/946225,May_240603
home_appliance,전기전자,LG 힐링미 오브제컬렉션,"예술적 휴식의 완성, 아르테",2024-05-02,https://play.tvcf.co.kr/944666,May_240603
beverage_alcohol,음료/기호식품,나랑드 사이다,"요즘 대세, 나랑드 사이다 제로!",2024-05-03,https://play.tvcf.co.kr/944573,May_240603
fashion,패션/스포츠,네파,"가장 강력한 아이스테크, 이제 옷으로 입다",2024-05-03,https://play.tvcf.co.kr/944676,May_240603
fnb,식품/제과,농심 짜파게티 더 블랙,뭘 어떻게 더 맛있어져? 그걸 합니다. 짜파게티가.,2024-05-03,https://play.tvcf.co.kr/944697,May_240603
healthcare_pharma,제약/의료/복지,라이필 더마 콜라겐 시그니처,"피부가 알아주는 숫자, 173달톤",2024-05-03,https://play.tvcf.co.kr/944743,May_240603
home_appliance,전기전자,로보락 S8 MaxV Ultra,"로보락의 등장, 청소의 종말",2024-05-03,https://play.tvcf.co.kr/944583,May_240603
beverage_alcohol,음료/기호식품,립톤,일잘러의 오후 텐션을 되돌리다,2024-05-03,https://play.tvcf.co.kr/944751,May_240603
education,출판/교육/문화,마제스타지,"영화를 BODA, 에티켓을 보다",2024-05-03,https://play.tvcf.co.kr/946801,May_240603
fnb,식품/제과,빼빼로,"가볍게 똑 끊어갈 때, 똑똑똑 빼빼로",2024-05-03,https://play.tvcf.co.kr/944756,May_240603
home_living,생활/가정용품,스너글 블루스파클 플러스,입고 싶은 포근향,2024-05-03,https://play.tvcf.co.kr/944752,May_240603
home_appliance,전기전자,엡손 스캐너,스캔 하나로 확 달라진 일상,2024-05-03,https://play.tvcf.co.kr/945110,May_240603
education,출판/교육/문화,큐이디,나 황유민의 샷은 증명완료 QED와 함께,2024-05-03,https://play.tvcf.co.kr/945248,May_240603
home_living,생활/가정용품,프로쉬 알로에베라 세탁세제,그 누구도 몰랐던 식물의 놀라운 세척력을 찾아내다,2024-05-03,https://play.tvcf.co.kr/944749,May_240603
retail,서비스/유통/레저,G마켓,우리가 (세)일하는 법,2024-05-03,https://play.tvcf.co.kr/944683,May_240603
home_appliance,전기전자,LG 디오스 오브제컬렉션 식기세척기,이젠 매일매일 디오스 식기세척기 써요,2024-05-03,https://play.tvcf.co.kr/944687,May_240603
corporate_pr,기업PR,SeAH,Journey of the Ring,2024-05-03,https://play.tvcf.co.kr/944572,May_240603
healthcare_pharma,제약/의료/복지,뉴온 시서스 필 다이어트,"다이어트 고민, 시서스로 씻어내자",2024-05-04,https://play.tvcf.co.kr/945244,May_240603
public_gov,관공서/단체,대한적십자사,"가장 인간적, 가장 시대적",2024-05-04,https://play.tvcf.co.kr/945693,May_240603
beverage_alcohol,음료/기호식품,라라올라,힘이올라 라라올라,2024-05-04,https://play.tvcf.co.kr/944757,May_240603
fnb,식품/제과,비비고,"새로워진 비비고, 세계를 더 맛있게",2024-05-04,https://play.tvcf.co.kr/944758,May_240603
healthcare_pharma,제약/의료/복지,비에날씬,"유산균으로 다이어트하는 문화, 생활이 되다!",2024-05-04,https://play.tvcf.co.kr/944764,May_240603
healthcare_pharma,제약/의료/복지,아이클리어,눈노화엔 아이클리어,2024-05-04,https://play.tvcf.co.kr/944762,May_240603
telecom,정보통신,넷플릭스,"친구들, 넷플 뭐봄?",2024-05-05,https://play.tvcf.co.kr/944872,May_240603
public_gov,관공서/단체,중소벤처기업부,"사실 내가 진짜 보고 싶은 건, 우리 모두 함께 행복한 세상",2024-05-05,https://play.tvcf.co.kr/944870,May_240603
beverage_alcohol,음료/기호식품,글린트X선미,Make the new moment,2024-05-06,https://play.tvcf.co.kr/945639,May_240603
home_living,생활/가정용품,마이크로킥보드,킥보드의 대-세,2024-05-06,https://play.tvcf.co.kr/945133,May_240603
retail,서비스/유통/레저,강원랜드,우리의 선한 물음은 계속될거야,2024-05-07,https://play.tvcf.co.kr/944991,May_240603
healthcare_pharma,제약/의료/복지,김남주바이오,김남주는 타협하지 않는다,2024-05-07,https://play.tvcf.co.kr/945945,May_240603
public_gov,관공서/단체,성남시,미래는 성남에 있다,2024-05-07,https://play.tvcf.co.kr/945023,May_240603
healthcare_pharma,제약/의료/복지,아주약품 올키,"올바르게 키우자, 올키!",2024-05-07,https://play.tvcf.co.kr/945623,May_240603
healthcare_pharma,제약/의료/복지,종근당 브레이닝캡슐,당신을 위한 Brain+ing,2024-05-07,https://play.tvcf.co.kr/945021,May_240603
beverage_alcohol,음료/기호식품,티젠 콤부차,오늘도 콤부차로 가벼워지자,2024-05-07,https://play.tvcf.co.kr/945008,May_240603
education,출판/교육/문화,KBS 캠페인,세상 모든 어린이를 응원합니다,2024-05-07,https://play.tvcf.co.kr/945022,May_240603
finance,금융/보험,Wa뱅크,와!이즈한 요즘 금융,2024-05-07,https://play.tvcf.co.kr/944925,May_240603
telecom,정보통신,구글플레이,이제 PC에서 플레이를 더 특별하게,2024-05-08,https://play.tvcf.co.kr/945078,May_240603
public_gov,관공서/단체,노란우산,이리오노란,2024-05-08,https://play.tvcf.co.kr/945010,May_240603
healthcare_pharma,제약/의료/복지,메이킨Q,"오늘밤, 메이킨!",2024-05-08,https://play.tvcf.co.kr/945230,May_240603
beauty,화장품,바이리즌 스킨 부스터 HA,인상깊다 아름다움이 깊다,2024-05-08,https://play.tvcf.co.kr/945265,May_240603
healthcare_pharma,제약/의료/복지,바이탈뷰티 메타그린,답을 주는 다이어트,2024-05-08,https://play.tvcf.co.kr/945884,May_240603
fnb,식품/제과,부라보콘,또 만나요. 부라보콘.,2024-05-08,https://play.tvcf.co.kr/945241,May_240603
beverage_alcohol,음료/기호식품,코카콜라 코크플레이,뜨거운 두바이에서. 만나는. 즐기는. 맛보는. 시원한 코카콜라.,2024-05-08,https://play.tvcf.co.kr/945059,May_240603
healthcare_pharma,제약/의료/복지,오투스,"일상은 그대로, 눈관리는 제대로",2024-05-09,https://play.tvcf.co.kr/945323,May_240603
fnb,식품/제과,가농바이오,"계란의 혁명, 단백이",2024-05-10,https://play.tvcf.co.kr/945928,May_240603
fashion,패션/스포츠,내셔널지오그래픽 어패럴,몸에 닿는 순간 FROZEN,2024-05-10,https://play.tvcf.co.kr/945523,May_240603
beauty,화장품,다이아린 트웬티케이,"단, 한방울의 놀라운 시작",2024-05-10,https://play.tvcf.co.kr/945618,May_240603
healthcare_pharma,제약/의료/복지,당신도 대상포진 대상자 캠페인,나도 당신도 대상포진 대상자,2024-05-10,https://play.tvcf.co.kr/945616,May_240603
beverage_alcohol,음료/기호식품,매일 바이오 프로틴 요거트,지금 우리들의 바이오에 딱!,2024-05-10,https://play.tvcf.co.kr/946425,May_240603
beverage_alcohol,음료/기호식품,빙그레 바나나맛우유,"단지, 용기 하나면 돼",2024-05-10,https://play.tvcf.co.kr/945318,May_240603
beverage_alcohol,음료/기호식품,스타벅스 RTD,빛나는 곳엔 언제나 스타벅스 RTD가 있다,2024-05-10,https://play.tvcf.co.kr/945517,May_240603
automotive,자동차/정유,제네시스 GV70,"모든 순간, 스타일이 되다",2024-05-10,https://play.tvcf.co.kr/946539,May_240603
public_gov,관공서/단체,초록우산 어린이재단,어린이를 위해 우리가 바꾼다,2024-05-10,https://play.tvcf.co.kr/945609,May_240603
public_gov,관공서/단체,한국세무사회,"세금고민 해결책, 세무사와 CHECK",2024-05-10,https://play.tvcf.co.kr/945614,May_240603
retail,서비스/유통/레저,현대백화점면세점,너도 우리 멤버가 될래?,2024-05-10,https://play.tvcf.co.kr/945632,May_240603
home_appliance,전기전자,LG 휘센 오브제컬렉션,마침내 AI로 바람을 완성하다,2024-05-10,https://play.tvcf.co.kr/945322,May_240603
home_appliance,전기전자,LG 휘센 오브제컬렉션,에어컨. 초지능 AI AIR 시대를 향해,2024-05-10,https://play.tvcf.co.kr/945615,May_240603
fashion,패션/스포츠,안다르,"나는 안다, 나는 안다르",2024-05-11,https://play.tvcf.co.kr/945621,May_240603
fnb,식품/제과,BBQ,반반반바라 바라반반반 황올반,2024-05-11,https://play.tvcf.co.kr/945628,May_240603
education,출판/교육/문화,KBS,한국방송이 우리말 우리글을 지켜갑니다,2024-05-11,https://play.tvcf.co.kr/945619,May_240603
public_gov,관공서/단체,국민건강보험공단,나를 확인해야 내가 안전하니까!,2024-05-13,https://play.tvcf.co.kr/945691,May_240603
beverage_alcohol,음료/기호식품,닥터캡슐 1000,살아서 장까지 배송 완료,2024-05-13,https://play.tvcf.co.kr/945682,May_240603
fnb,식품/제과,동원맛참,"열다, 바로 먹는 참치의 시대",2024-05-13,https://play.tvcf.co.kr/945670,May_240603
home_appliance,전기전자,레스노베 코어 임팩트,피부를. 다루는. 세기의 기술.,2024-05-13,https://play.tvcf.co.kr/945683,May_240603
home_appliance,전기전자,레스노베 코어 임팩트,피부를 깊게 다루는 세기의 기술,2024-05-13,https://play.tvcf.co.kr/945705,May_240603
fnb,식품/제과,롯데 제로,맛있어서 ZERO,2024-05-13,https://play.tvcf.co.kr/945692,May_240603
beauty,화장품,메디큐브,"기미 고민 빼드, 딥 비타C 패드",2024-05-13,https://play.tvcf.co.kr/945750,May_240603
telecom,정보통신,올리브영 셔터,"지금이, 셔터를 누를 때",2024-05-13,https://play.tvcf.co.kr/945848,May_240603
finance,금융/보험,캐롯손해보험,"운전대를 잡는 순간, 당신도 타깃이다",2024-05-13,https://play.tvcf.co.kr/945696,May_240603
public_gov,관공서/단체,한화,그래서 우리는 우주로 갑니다,2024-05-13,https://play.tvcf.co.kr/945746,May_240603
finance,금융/보험,KB국민은행,"자산관리, 전 KB GOLD&WISE the FIRST를 선택했습니다.",2024-05-13,https://play.tvcf.co.kr/945633,May_240603
home_living,생활/가정용품,SOFY,피부에 순하다,2024-05-13,https://play.tvcf.co.kr/946905,May_240603
beverage_alcohol,음료/기호식품,링티,"마셔봐서 알아요, 링티",2024-05-14,https://play.tvcf.co.kr/945853,May_240603
public_gov,관공서/단체,한국관광공사,6월은 여행가는 달,2024-05-14,https://play.tvcf.co.kr/945762,May_240603
automotive,자동차/정유,The Kia EV9,지금이 전기차를 탈 때,2024-05-14,https://play.tvcf.co.kr/945850,May_240603
automotive,자동차/정유,The new EV6,어떤 저항도 우리의 에너지로 만든다,2024-05-14,https://play.tvcf.co.kr/945852,May_240603
healthcare_pharma,제약/의료/복지,네이처 메이드,네에 지친 당신을 위한 구미,2024-05-15,https://play.tvcf.co.kr/945858,May_240603
healthcare_pharma,제약/의료/복지,라미실 원스,단 1회 사용 무좀치료제,2024-05-15,https://play.tvcf.co.kr/945992,May_240603
beauty,화장품,마르시끄,자는동안 늙지말고 마르시끄 하세요,2024-05-15,https://play.tvcf.co.kr/947169,May_240603
fnb,식품/제과,오뚜기 진비빔면,진비빔면엔 못비비지~,2024-05-15,https://play.tvcf.co.kr/946213,May_240603
beverage_alcohol,음료/기호식품,코카콜라 코크플레이,맛있는 마법을 더해요,2024-05-15,https://play.tvcf.co.kr/945849,May_240603
fnb,식품/제과,The 미식 비빔면,"거봐, 아는 맛보다 더 맛있다니까",2024-05-15,https://play.tvcf.co.kr/945881,May_240603
fnb,식품/제과,김종구식맛치킨,식어도 맛있어 김종구 식맛치킨,2024-05-16,https://play.tvcf.co.kr/946654,May_240603
home_living,생활/가정용품,락앤락,"냉동실, 통으로 새로고침",2024-05-16,https://play.tvcf.co.kr/945860,May_240603
telecom,정보통신,린다이어트,한의사 밀착관리 다이어트,2024-05-16,https://play.tvcf.co.kr/946534,May_240603
home_appliance,전기전자,삼성 Gift Funding,축하도 펀딩이 되나요?,2024-05-16,https://play.tvcf.co.kr/945986,May_240603
retail,서비스/유통/레저,이마트,나 이마트 좋아하네,2024-05-16,https://play.tvcf.co.kr/947145,May_240603
home_appliance,전기전자,SK매직 위글위글 초소형직수정수기,키친을 키치하게,2024-05-16,https://play.tvcf.co.kr/946198,May_240603
fnb,식품/제과,그레인온,"그레인 온이 고르고 고른 새로운 고대 곡물, 파로",2024-05-17,https://play.tvcf.co.kr/946110,May_240603
retail,서비스/유통/레저,별난푸줏간,"가격도 품질도 별나디 별난, 별난푸줏간",2024-05-17,https://play.tvcf.co.kr/946114,May_240603
beverage_alcohol,음료/기호식품,아사히 수퍼드라이 생맥주캔,놀랍게 맛있다!,2024-05-17,https://play.tvcf.co.kr/946112,May_240603
telecom,정보통신,알바천국,"모든 생애 모든 알바, 천국으로",2024-05-17,https://play.tvcf.co.kr/945949,May_240603
public_gov,관공서/단체,업비트,처음 뵙겠습니다. 이제 가상자산 관련 새로운 법이 시행됩니다.,2024-05-17,https://play.tvcf.co.kr/946167,May_240603
construction_realestate,아파트/건설,에피트,"아파트의 새 이름, EFETE",2024-05-17,https://play.tvcf.co.kr/945979,May_240603
beverage_alcohol,음료/기호식품,윌,위에는 역시 윌입니다,2024-05-17,https://play.tvcf.co.kr/947193,May_240603
retail,서비스/유통/레저,이로움돌봄,"보호자 맘에 안심, 부모님 몸에 휴식",2024-05-17,https://play.tvcf.co.kr/947572,May_240603
beverage_alcohol,음료/기호식품,제주 삼다수,"우리가 믿는 물, 제주 삼다수",2024-05-17,https://play.tvcf.co.kr/946189,May_240603
finance,금융/보험,캐롯손해보험,캐롯을 몰랐다면 놓칠뻔한 할인이 무려 20%,2024-05-17,https://play.tvcf.co.kr/946117,May_240603
education,출판/교육/문화,MBC 뉴스데스크,당신의 뉴스데스크,2024-05-17,https://play.tvcf.co.kr/946113,May_240603
beverage_alcohol,음료/기호식품,나랑드 사이다,나랑드 싸이다,2024-05-18,https://play.tvcf.co.kr/946125,May_240603
home_appliance,전기전자,쿠키런 킹덤,THE. STORY. BEGINS,2024-05-18,https://play.tvcf.co.kr/946109,May_240603
home_living,생활/가정용품,NEW 퍼실 디스크,"상쾌하고 깨끗한 세탁경험, NEW 퍼실 디스크",2024-05-18,https://play.tvcf.co.kr/946124,May_240603
healthcare_pharma,제약/의료/복지,닥터마이올 혈당엔유산균 HAC01,드디어 혈당유산균 등장,2024-05-20,https://play.tvcf.co.kr/946948,May_240603
finance,금융/보험,신한카드 포인트플랜,계획하지 않아도 계획적인,2024-05-20,https://play.tvcf.co.kr/946335,May_240603
finance,금융/보험,신한카드 포인트플랜,쓰~ 쌓~ 무심히 쓰면 무섭게 쌓인다,2024-05-20,https://play.tvcf.co.kr/946570,May_240603
retail,서비스/유통/레저,타임빌라스,TIME YOU DESERVE,2024-05-20,https://play.tvcf.co.kr/946642,May_240603
healthcare_pharma,제약/의료/복지,파마코브레인PS,건강한 인지력 파마코 브레인 PS,2024-05-20,https://play.tvcf.co.kr/946194,May_240603
public_gov,관공서/단체,한국관광공사,AI에게 한 수 보여주시죠.,2024-05-20,https://play.tvcf.co.kr/946173,May_240603
fashion,패션/스포츠,혼마골프,품격을 완성하는 마지막 기준,2024-05-20,https://play.tvcf.co.kr/946162,May_240603
retail,서비스/유통/레저,SSG닷컴,널리 세상을 맛있게,2024-05-20,https://play.tvcf.co.kr/945994,May_240603
home_appliance,전기전자,듀얼소닉,"아름다움, 당신의 바램대로",2024-05-21,https://play.tvcf.co.kr/946415,May_240603
home_living,생활/가정용품,랙스가이,"결론은 명품원단, 결론은 렉스가이.",2024-05-21,https://play.tvcf.co.kr/946423,May_240603
fnb,식품/제과,아라치 치킨,맛과 가격으로 FAKER를 사로잡은 레전드 치킨,2024-05-21,https://play.tvcf.co.kr/946908,May_240603
fnb,식품/제과,배스킨라빈스,"가자, 새로운 행성으로",2024-05-22,https://play.tvcf.co.kr/946766,May_240603
public_gov,관공서/단체,세종특별자치시,ULTRA KOREA SEJONG,2024-05-22,https://play.tvcf.co.kr/946567,May_240603
finance,금융/보험,현대카드 MX Black Edition2,M과 X의 강력한 MIX,2024-05-22,https://play.tvcf.co.kr/946540,May_240603
fnb,식품/제과,BHC치킨 쏘마치,짙은 쏘스 깊은 맛남. 쏘마치.,2024-05-22,https://play.tvcf.co.kr/946639,May_240603
home_appliance,전기전자,구글플레이,"초대할게요, 방랑자의 땅으로",2024-05-23,https://play.tvcf.co.kr/946794,May_240603
fnb,식품/제과,비비드키친,맛있는 저칼로리의 시작,2024-05-23,https://play.tvcf.co.kr/946611,May_240603
fnb,식품/제과,사조 로얄크랩,맛살을 넘어 진짜 대게의 살맛으로,2024-05-23,https://play.tvcf.co.kr/946660,May_240603
home_appliance,전기전자,삼성전자,세상 편한 AI라이프를 누구나 쉽게 누릴 수 있도록,2024-05-23,https://play.tvcf.co.kr/947575,May_240603
beverage_alcohol,음료/기호식품,칠성사이다,Chill하게 칠성사이다,2024-05-23,https://play.tvcf.co.kr/946787,May_240603
corporate_pr,기업PR,현대엘리베이터,SEE YOUR TOMORROW,2024-05-23,https://play.tvcf.co.kr/946593,May_240603
telecom,정보통신,V컬러링,기적의 거래를 만드는 보이는 컬러링,2024-05-23,https://play.tvcf.co.kr/946431,May_240603
beverage_alcohol,음료/기호식품,빙그레 더단백,가장 잘 나가는 대세 단백질 음료,2024-05-24,https://play.tvcf.co.kr/946914,May_240603
home_appliance,전기전자,삼성전자,바꿔보상,2024-05-24,https://play.tvcf.co.kr/946816,May_240603
public_gov,관공서/단체,업비트,기대하게 됩니다.,2024-05-24,https://play.tvcf.co.kr/946965,May_240603
finance,금융/보험,우리금융그룹,우리 곁엔 위비가 있다,2024-05-24,https://play.tvcf.co.kr/946765,May_240603
beverage_alcohol,음료/기호식품,일품진로,이효리는 일품단심,2024-05-24,https://play.tvcf.co.kr/946780,May_240603
healthcare_pharma,제약/의료/복지,타이레놀,다 다른 통증 다 같은 선택,2024-05-24,https://play.tvcf.co.kr/946775,May_240603
healthcare_pharma,제약/의료/복지,마데카솔,옛솔 칫솔 마데카솔!,2024-05-25,https://play.tvcf.co.kr/947144,May_240603
healthcare_pharma,제약/의료/복지,메모레인,기억이 예전 같지 않다면! 메모레인 하세요,2024-05-25,https://play.tvcf.co.kr/947011,May_240603
healthcare_pharma,제약/의료/복지,종근당 브레이닝캡슐,중요한 당신을 위한 기억력 감퇴 개선 의약품,2024-05-25,https://play.tvcf.co.kr/946863,May_240603
telecom,정보통신,KT,"본다, 고민한다, 만든다",2024-05-25,https://play.tvcf.co.kr/946957,May_240603
telecom,정보통신,LG유플러스,Growth Leading AX Company LG U+,2024-05-25,https://play.tvcf.co.kr/946889,May_240603
fnb,식품/제과,가농바이오,어디에든 어울려 단백이,2024-05-27,https://play.tvcf.co.kr/946903,May_240603
retail,서비스/유통/레저,롯데레드페스티벌,가는 만큼 커지는 혜택,2024-05-27,https://play.tvcf.co.kr/947001,May_240603
corporate_pr,기업PR,아레나,지금 이 순간 너처럼 빛나,2024-05-27,https://play.tvcf.co.kr/946966,May_240603
healthcare_pharma,제약/의료/복지,위아바임,"We, in a vibe moment",2024-05-27,https://play.tvcf.co.kr/946918,May_240603
automotive,자동차/정유,현대자동차,트럭커라는 꽤 괜찮은 일을 하고 있습니다,2024-05-27,https://play.tvcf.co.kr/946916,May_240603
automotive,자동차/정유,The new Kia EV6,어떤 바람도 우리의 에너지로 만든다,2024-05-27,https://play.tvcf.co.kr/947005,May_240603
automotive,자동차/정유,The new Kia EV6,어떤 중력도 우리의 에너지로 만든다,2024-05-27,https://play.tvcf.co.kr/947515,May_240603
public_gov,관공서/단체,국가유산진흥원,"국가유산, 즐거움이 되다",2024-05-28,https://play.tvcf.co.kr/947177,May_240603
beauty,화장품,CJ 올리브영,"우리의 여름은 온통, 올영세일",2024-05-28,https://play.tvcf.co.kr/946993,May_240603
retail,서비스/유통/레저,CJ대한통운 더운반,이러니 더 운반 할 수밖에,2024-05-28,https://play.tvcf.co.kr/947106,May_240603
fnb,식품/제과,메가MGC커피,현명한 내가 네가 MEGA!,2024-05-29,https://play.tvcf.co.kr/947223,May_240603
healthcare_pharma,제약/의료/복지,365mc병원,지방 하나만 365mc 병원,2024-05-30,https://play.tvcf.co.kr/947504,May_240603
fnb,식품/제과,60계치킨 크랑이치킨,"크크크 치킨 호랑이맛, 크랑이 치킨",2024-05-30,https://play.tvcf.co.kr/947539,May_240603
fnb,식품/제과,롯데리아 오징어얼라이브버거,통 크게 살자,2024-05-30,https://play.tvcf.co.kr/947500,May_240603
education,출판/교육/문화,MBC 2024 파리 올림픽,함께 파리 함께 MBC,2024-05-30,https://play.tvcf.co.kr/947537,May_240603
retail,서비스/유통/레저,아이웨딩,앱 하나로 끝내는 웨딩,2024-05-31,https://play.tvcf.co.kr/947573,May_240603
beverage_alcohol,음료/기호식품,오로나민C,열가지 텐션 성분으로 100% 텐션 UP,2024-05-31,https://play.tvcf.co.kr/947567,May_240603
public_gov,관공서/단체,유니세프 한국위원회,앞으로도 전 세계 어린이가 어른이 될 권리 만들어 나가겠습니다.,2024-05-31,https://play.tvcf.co.kr/947721,May_240603
beauty,화장품,일소 코팩,"티나는 효과, 1등 코팩",2024-05-31,https://play.tvcf.co.kr/947571,May_240603
fnb,식품/제과,캘로그,시리얼은 당 덩어리? 리얼?,2024-05-31,https://play.tvcf.co.kr/947757,May_240603
home_appliance,전기전자,코웨이 icon 얼음정수기,얼음정수기는 코웨이 icon 얼음정수기,2024-05-31,https://play.tvcf.co.kr/947633,May_240603
telecom,정보통신,포켓몬GO,GO 하는 대로 바뀌는 즐거움,2024-05-31,https://play.tvcf.co.kr/947632,May_240603
home_appliance,전기전자,LG 디오스 오브제컬렉션 냉장고,우리의 미션은 음식을 넘어 물과 얼음까지 가장 신선하게 누리게 하는 것,2024-05-31,https://play.tvcf.co.kr/947612,May_240603
healthcare_pharma,제약/의료/복지,오쏘몰,오쏘몰의 영양력이 당신의 영향력으로,2025-05-01,https://play.tvcf.co.kr/980559,May_250614
telecom,정보통신,캔바,뭐든지 만든다,2025-05-01,https://play.tvcf.co.kr/980209,May_250614
fashion,패션/스포츠,감탄,감탄에 감탄,2025-05-01,https://play.tvcf.co.kr/978828,May_250614
fashion,패션/스포츠,K2 시원서커,시원해서 시원서커,2025-05-01,https://play.tvcf.co.kr/980255,May_250614
automotive,자동차/정유,T station,온라인에서 오프라인으로,2025-05-01,https://play.tvcf.co.kr/980257,May_250614
corporate_pr,기업PR,LX그룹,"사람을 향한 미래, LX",2025-05-01,https://play.tvcf.co.kr/980227,May_250614
corporate_pr,기업PR,환경부 빈용기보증금제도,빈병 반환하면 개꿀,2025-05-01,https://play.tvcf.co.kr/980252,May_250614
automotive,자동차/정유,한국타이어,ELECTRIFIED ION,2025-05-01,https://play.tvcf.co.kr/978463,May_250614
home_living,생활/가정용품,필립스,자신감 있는 완벽한 나를 만나는 쉐이빙,2025-05-01,https://play.tvcf.co.kr/980278,May_250614
beverage_alcohol,음료/기호식품,필라이트 클리어,슈퍼 클리어 공법으로 완성한 깔끔한 목넘김,2025-05-01,https://play.tvcf.co.kr/980269,May_250614
beverage_alcohol,음료/기호식품,포카리스웨트,우리의 지금은 옳다,2025-05-01,https://play.tvcf.co.kr/980335,May_250614
fnb,식품/제과,제스프리,20가지 천연 비타민과 미네랄이 빈틈없이 꽉!,2025-05-01,https://play.tvcf.co.kr/979483,May_250614
telecom,정보통신,우리WON모바일,우리WON MOREBILE,2025-05-01,https://play.tvcf.co.kr/980299,May_250614
education,출판/교육/문화,양주소풍가구단지,서울과 가까운 양주소풍가구단지,2025-05-01,https://play.tvcf.co.kr/980259,May_250614
finance,금융/보험,신협,당신을 어부바하는 아주 큰 금융,2025-05-01,https://play.tvcf.co.kr/980272,May_250614
home_appliance,전기전자,세스코 트루살균 공기청정기,세상에는 이렇게 무서운 공기청정기도 있습니다,2025-05-01,https://play.tvcf.co.kr/974721,May_250614
healthcare_pharma,제약/의료/복지,비타500,나의 굿럭 에너지,2025-05-01,https://play.tvcf.co.kr/980241,May_250614
public_gov,관공서/단체,복권위원회,쉽고 행복한 기부 바로 복권입니다,2025-05-01,https://play.tvcf.co.kr/977709,May_250614
finance,금융/보험,보험클리닉,인생을 클리닉하다,2025-05-01,https://play.tvcf.co.kr/980254,May_250614
healthcare_pharma,제약/의료/복지,멀츠 에스테틱스,우리에게 아름다움은 형용사가 아니라 동사니까,2025-05-01,https://play.tvcf.co.kr/980293,May_250614
beverage_alcohol,음료/기호식품,맥도날드,해피워크로 더 많은 가족의 행복을 이어갑니다,2025-05-01,https://play.tvcf.co.kr/980307,May_250614
retail,서비스/유통/레저,레고랜드,온 세상을 놀이의 축제로 만들어 봐요!,2025-05-01,https://play.tvcf.co.kr/980267,May_250614
healthcare_pharma,제약/의료/복지,동아제약 멜라토닝,"색소침착, 뭘로토닝? 멜라토닝",2025-05-01,https://play.tvcf.co.kr/980282,May_250614
healthcare_pharma,제약/의료/복지,더 루트 알지쓰리 올인원,혈압을 배우다,2025-05-01,https://play.tvcf.co.kr/980240,May_250614
home_appliance,전기전자,다이슨 에어랩,단 하나로 모든 나를 표현하다,2025-05-01,https://play.tvcf.co.kr/980242,May_250614
telecom,정보통신,넷플릭스,준비됐어? 키즈 애니도 넷플에서,2025-05-01,https://play.tvcf.co.kr/980264,May_250614
fnb,식품/제과,네네치킨 야자치킨,다시 한 번 재해석 하다,2025-05-01,https://play.tvcf.co.kr/980253,May_250614
beverage_alcohol,음료/기호식품,나랑드 사이다 제로,세상 맛난거랑 나랑드랑,2025-05-01,https://play.tvcf.co.kr/978199,May_250614
automotive,자동차/정유,금호타이어,금호가 만든 타이어전문점,2025-05-01,https://play.tvcf.co.kr/980251,May_250614
public_gov,관공서/단체,금연캠페인,전담하지마,2025-05-01,https://play.tvcf.co.kr/979330,May_250614
healthcare_pharma,제약/의료/복지,관절엔 아나파랙팅,"지속가능한 관절, 관절엔 아나파랙틴",2025-05-01,https://play.tvcf.co.kr/980295,May_250614
education,출판/교육/문화,2025 KOCCA MUSIC 오픈스튜디오,"뮤직 콘텐츠, 이제 스튜디오빨 받자!",2025-05-01,https://play.tvcf.co.kr/980260,May_250614
public_gov,관공서/단체,2025 국민의 서택,미래를 내다보는 일관된 정책과 투자,2025-05-01,https://play.tvcf.co.kr/980271,May_250614
finance,금융/보험,KB증권,투자를 뚝딱!,2025-05-01,https://play.tvcf.co.kr/980195,May_250614
beverage_alcohol,음료/기호식품,환타,모두가 기다린 새로운 환타의 등장,2025-05-01,https://play.tvcf.co.kr/980285,May_250614
fnb,식품/제과,롯데리아,숏떼리앙,2025-05-01,https://play.tvcf.co.kr/980234,May_250614
finance,금융/보험,네이버페이,누구도 피할 수 없는 10주년 100억 페이백,2025-05-01,https://play.tvcf.co.kr/980294,May_250614
fnb,식품/제과,배스킨라빈스,봄날의 곰을 좋아하세요?,2025-05-01,https://play.tvcf.co.kr/980318,May_250614
retail,서비스/유통/레저,크린토피아,수거배달은 이렇게 하는 겁니다,2025-05-01,https://play.tvcf.co.kr/980311,May_250614
home_living,생활/가정용품,좋은느낌,"유기농, 흡수력을 더하다",2025-05-01,https://play.tvcf.co.kr/980478,May_250614
home_appliance,전기전자,스마트카라,"음식물처리기, 그 모두의 롤모델",2025-05-01,https://play.tvcf.co.kr/980564,May_250614
home_appliance,전기전자,SK매직,"LET'S WATER, LET'S MAGIC",2025-05-01,https://play.tvcf.co.kr/981071,May_250614
finance,금융/보험,KB국민은행,이런 혜택은 가능,2025-05-01,https://play.tvcf.co.kr/981447,May_250614
beauty,화장품,일소,"일급 트러블 청소, 일소",2025-05-01,https://play.tvcf.co.kr/981471,May_250614
healthcare_pharma,제약/의료/복지,오뚜기 백세강황 플러스환,일상회복력 100+,2025-05-01,https://play.tvcf.co.kr/980243,May_250614
beauty,화장품,라네즈 네오 쿠션,유일뮤이 쿠션으로 매끈속촉 피부 완성,2025-05-02,https://play.tvcf.co.kr/982227,May_250614
education,출판/교육/문화,KBS,오월 : 사랑을 함께 나누는 달,2025-05-02,https://play.tvcf.co.kr/980348,May_250614
fashion,패션/스포츠,슈올즈,편안한 신발의 롤모델,2025-05-02,https://play.tvcf.co.kr/980342,May_250614
telecom,정보통신,벼룩시장,국민과 모든 일자리를 연결하다,2025-05-02,https://play.tvcf.co.kr/980302,May_250614
education,출판/교육/문화,민원봉사대상,자랑스러운 공무원을 추천해주세요,2025-05-02,https://play.tvcf.co.kr/980344,May_250614
education,출판/교육/문화,뮤지컬 사랑은 비를 타고,감동과 눈물이 교차하는 최고의 순간!,2025-05-02,https://play.tvcf.co.kr/980346,May_250614
public_gov,관공서/단체,더불어민주당,진정한 내란종식으로 민주주의를 회복하고 대한민국 경제를 살리겠습니다,2025-05-02,https://play.tvcf.co.kr/980341,May_250614
home_appliance,전기전자,삼성TV,TV의 끝. AI TV의 시작,2025-05-02,https://play.tvcf.co.kr/980338,May_250614
beverage_alcohol,음료/기호식품,게토레이,네 안의 갈증이 커져갈 때,2025-05-02,https://play.tvcf.co.kr/980340,May_250614
telecom,정보통신,배민 계란프라이데이,장보기 한계란 없는 날,2025-05-02,https://play.tvcf.co.kr/980316,May_250614
home_appliance,전기전자,세븐나이츠 리버스,세븐나이츠가 새롭게 태어납니다,2025-05-02,https://play.tvcf.co.kr/980332,May_250614
finance,금융/보험,미래에셋생명,미래의 건강보험은 이래야하니까,2025-05-02,https://play.tvcf.co.kr/980351,May_250614
home_appliance,전기전자,삼성 Bespoke AI 콤보,AI 콤보 덕에 내 시간이 커졌어요,2025-05-02,https://play.tvcf.co.kr/980403,May_250614
home_appliance,전기전자,퓨라셀,피부가 달라질 때마다 케어도 달라져야 하니까.,2025-05-02,https://play.tvcf.co.kr/980528,May_250614
healthcare_pharma,제약/의료/복지,푸응 체지방 올킬세트,다이어트는 역시 올킬세트,2025-05-02,https://play.tvcf.co.kr/981369,May_250614
beverage_alcohol,음료/기호식품,핫식스 더 프로,"클럽보다 헬스클럽이 더 신난다면, 핫식스 더 프로",2025-05-02,https://play.tvcf.co.kr/982071,May_250614
education,출판/교육/문화,MBC,"함께 빛나는 세상, 부처님 오신 날",2025-05-03,https://play.tvcf.co.kr/980361,May_250614
education,출판/교육/문화,MBC,2024 시청자평가지수 1위,2025-05-03,https://play.tvcf.co.kr/980364,May_250614
education,출판/교육/문화,MBC,오늘은 어린이날,2025-05-03,https://play.tvcf.co.kr/980398,May_250614
home_appliance,전기전자,LG 트롬 AI 오브제컬렉션 워시타워,당신을 중심으로 돌아가는 진정한 AI 세탁건조,2025-05-03,https://play.tvcf.co.kr/980357,May_250614
healthcare_pharma,제약/의료/복지,하이뮨 케어메이트,뚝 따서 딱 마시는 케어메이트,2025-05-03,https://play.tvcf.co.kr/980360,May_250614
fnb,식품/제과,배홍동 칼빔면,맛 좀 아는 사람들 요즘엔 칼빔면으로,2025-05-03,https://play.tvcf.co.kr/980368,May_250614
beverage_alcohol,음료/기호식품,골든블루,설렘을 부르는 새파란 위스키,2025-05-03,https://play.tvcf.co.kr/980331,May_250614
automotive,자동차/정유,현대자동차,친구야 네 곁에서 지도를 펼쳐들까,2025-05-04,https://play.tvcf.co.kr/981019,May_250614
telecom,정보통신,배달의민족,처음맛난날,2025-05-05,https://play.tvcf.co.kr/980488,May_250614
fnb,식품/제과,자담치킨,웰니스라이프의 마지막 한조각. 동물복지 자담치킨,2025-05-05,https://play.tvcf.co.kr/980438,May_250614
public_gov,관공서/단체,중앙선거관리위원회,당신의 투표가 조화로운 대한민국을 만듭니다,2025-05-05,https://play.tvcf.co.kr/980385,May_250614
beverage_alcohol,음료/기호식품,썬키스트 소다,가보자GO! GO캘리포니아!,2025-05-06,https://play.tvcf.co.kr/980386,May_250614
healthcare_pharma,제약/의료/복지,솔가,긍정의 솔가적 사고,2025-05-07,https://play.tvcf.co.kr/980461,May_250614
healthcare_pharma,제약/의료/복지,써마지 FLX,"경험할수록, 써마지FLX",2025-05-07,https://play.tvcf.co.kr/980538,May_250614
retail,서비스/유통/레저,11번가 십일절,5월에 찾아온 그랜드십일절,2025-05-07,https://play.tvcf.co.kr/980526,May_250614
fnb,식품/제과,써브웨이,터키 아세요?,2025-05-07,https://play.tvcf.co.kr/980641,May_250614
automotive,자동차/정유,불스원샷,중고차엔 불스투샷 퍼스트클리너,2025-05-07,https://play.tvcf.co.kr/981446,May_250614
home_appliance,전기전자,구글플레이,오직 안드로이드에서만,2025-05-07,https://play.tvcf.co.kr/981656,May_250614
fnb,식품/제과,노브랜드 버거,고기는 무겁게 가격은 가볍게,2025-05-08,https://play.tvcf.co.kr/980899,May_250614
finance,금융/보험,카카오페이손해보험,보험을 더 가깝게,2025-05-08,https://play.tvcf.co.kr/981521,May_250614
finance,금융/보험,삼성증권,아범아 mpop에는 주식 선물하기가 있단다.,2025-05-08,https://play.tvcf.co.kr/980563,May_250614
beauty,화장품,프레쉬라이트,헤어 컬러로 되찾은 새로운 나,2025-05-08,https://play.tvcf.co.kr/980600,May_250614
fnb,식품/제과,켈로그 첵스초코 쿠키앤크림,첵스는 단백질도 챙겼다고~,2025-05-08,https://play.tvcf.co.kr/980644,May_250614
healthcare_pharma,제약/의료/복지,멀츠 벨로테로 리바이브 스킨부스터,히알루론산과 글리세롤이 만나 오래오래,2025-05-08,https://play.tvcf.co.kr/980673,May_250614
beverage_alcohol,음료/기호식품,리얼 레몬 하이볼 生,난 리얼 아니면 안마셔!,2025-05-08,https://play.tvcf.co.kr/980676,May_250614
healthcare_pharma,제약/의료/복지,코웰메디,치조골 이식은 뼈플란트로 진행시켜,2025-05-08,https://play.tvcf.co.kr/980682,May_250614
fashion,패션/스포츠,핑거수트,자신감은 나를 빛나게 해,2025-05-08,https://play.tvcf.co.kr/980886,May_250614
automotive,자동차/정유,캐딜락 에스컬레이드,SYMPHONY OF SUCCESS,2025-05-08,https://play.tvcf.co.kr/980890,May_250614
fnb,식품/제과,온브릭스,수박은 도박이 아닙니다,2025-05-08,https://play.tvcf.co.kr/981030,May_250614
home_appliance,전기전자,삼성전자,Samsung Vision AI is here,2025-05-08,https://play.tvcf.co.kr/981069,May_250614
automotive,자동차/정유,현대자동차,"또 한 번, 나무가 주인공인 달리기가 시작됩니다",2025-05-08,https://play.tvcf.co.kr/981689,May_250614
public_gov,관공서/단체,대한피부과의사회,"피부진료를 시작할 땐, 피부과 전문의 마크를 확인하세요.",2025-05-08,https://play.tvcf.co.kr/981809,May_250614
healthcare_pharma,제약/의료/복지,라이필 비움샷,"비우자, 무겁지 않게",2025-05-08,https://play.tvcf.co.kr/982206,May_250614
telecom,정보통신,네이버,네넷해,2025-05-09,https://play.tvcf.co.kr/980884,May_250614
healthcare_pharma,제약/의료/복지,종근당 브레이닝캡슐,할 수 있는 기억력 감퇴 개선,2025-05-09,https://play.tvcf.co.kr/980664,May_250614
home_living,생활/가정용품,시디즈,TO SIT IS ____,2025-05-09,https://play.tvcf.co.kr/980677,May_250614
healthcare_pharma,제약/의료/복지,오쏘몰,당신은 오소몰리스트인가요?,2025-05-09,https://play.tvcf.co.kr/980826,May_250614
telecom,정보통신,아하,인간지능 커뮤니티,2025-05-09,https://play.tvcf.co.kr/980864,May_250614
retail,서비스/유통/레저,제주항공,가자. 우리에겐 J가 있다.,2025-05-09,https://play.tvcf.co.kr/982046,May_250614
home_appliance,전기전자,스마트카라,음식물 처리기. 그 모두의 롤모델.,2025-05-09,https://play.tvcf.co.kr/982216,May_250614
home_living,생활/가정용품,크리스피바바,여름하면 양모 양모하면 바바,2025-05-10,https://play.tvcf.co.kr/980871,May_250614
fashion,패션/스포츠,탑텐,나는 이렇게 여름을 입는다,2025-05-10,https://play.tvcf.co.kr/981692,May_250614
healthcare_pharma,제약/의료/복지,디오임플란트,디오로 오래오래,2025-05-10,https://play.tvcf.co.kr/980869,May_250614
public_gov,관공서/단체,공익광고협의회,모두가 누리는 기술 지켜야할 책임도 함께 합니다,2025-05-10,https://play.tvcf.co.kr/980870,May_250614
healthcare_pharma,제약/의료/복지,고려은단 메가도스 이뮨샷,"역대급 만남, 압도적 스펙",2025-05-10,https://play.tvcf.co.kr/980868,May_250614
retail,서비스/유통/레저,롯데렌탈,중고차 트러스트 시대 개막,2025-05-11,https://play.tvcf.co.kr/980895,May_250614
retail,서비스/유통/레저,롯데렌탈,중고차 토탈케어 시대 개막,2025-05-11,https://play.tvcf.co.kr/980896,May_250614
telecom,정보통신,마켓컬리,짧은 인생을 좋은 것으로,2025-05-12,https://play.tvcf.co.kr/981079,May_250614
healthcare_pharma,제약/의료/복지,뉴케어,"온 가족의 영양을 채우다, 뉴케어",2025-05-12,https://play.tvcf.co.kr/980880,May_250614
automotive,자동차/정유,폭스바겐 ID.5,Dynamic elegance,2025-05-12,https://play.tvcf.co.kr/980882,May_250614
retail,서비스/유통/레저,SSG닷컴,Beauty of SSG,2025-05-12,https://play.tvcf.co.kr/980885,May_250614
beauty,화장품,아이오페 레티놀 슈퍼 바운스 세럼,처방레티놀로 초밀도 탄력 완성,2025-05-12,https://play.tvcf.co.kr/981021,May_250614
fashion,패션/스포츠,안다르,안다르를 입으면 러닝이 더욱 즐거워진다,2025-05-12,https://play.tvcf.co.kr/981051,May_250614
public_gov,관공서/단체,기호1번 더불어민주당,이제부터 진짜 대한민국,2025-05-12,https://play.tvcf.co.kr/981212,May_250614
public_gov,관공서/단체,경기 기후보험,경기도민이라면 무조건 경기기후보험,2025-05-12,https://play.tvcf.co.kr/981215,May_250614
finance,금융/보험,MG새마을금고,"당신곁에 함께, MG새마을금고보험",2025-05-12,https://play.tvcf.co.kr/981198,May_250614
fnb,식품/제과,풀무원 지구식단,당신의 식탁에 지구력을,2025-05-12,https://play.tvcf.co.kr/981211,May_250614
education,출판/교육/문화,대교 뉴이프,시니어 뉴 라이프 솔루션,2025-05-12,https://play.tvcf.co.kr/981210,May_250614
retail,서비스/유통/레저,마리떼 프랑소와 저버,"내 이름을 부를 때, 그 순간이 설렜어",2025-05-12,https://play.tvcf.co.kr/981316,May_250614
beauty,화장품,헤드&숄더,"가려운 두피, 해답은?",2025-05-12,https://play.tvcf.co.kr/981465,May_250614
fashion,패션/스포츠,코닥어패럴,BREEZE MOMENT with KODAK,2025-05-12,https://play.tvcf.co.kr/982266,May_250614
beverage_alcohol,음료/기호식품,제주 삼다수,믿으니까 삼다수 좋아마심,2025-05-13,https://play.tvcf.co.kr/981256,May_250614
fnb,식품/제과,더벤티,"찾았다, 드래곤 스무디 컬렉션",2025-05-13,https://play.tvcf.co.kr/981247,May_250614
education,출판/교육/문화,KBS,5월 15일은 세종대왕 나신 날,2025-05-13,https://play.tvcf.co.kr/981235,May_250614
beverage_alcohol,음료/기호식품,카스,더위를 ssac 날려버릴 이 소리!,2025-05-13,https://play.tvcf.co.kr/981261,May_250614
telecom,정보통신,삼성 갤럭시 S25 엣지,beyond slim,2025-05-13,https://play.tvcf.co.kr/981297,May_250614
telecom,정보통신,삼성 갤럭시 S25 엣지,Beyond light,2025-05-13,https://play.tvcf.co.kr/981530,May_250614
home_appliance,전기전자,리니지 W,"아덴은 지금, Safety ZONE",2025-05-13,https://play.tvcf.co.kr/981654,May_250614
fnb,식품/제과,BBQ 황금올리브치킨,20년 황올에 20살의 가능성을 더하다,2025-05-13,https://play.tvcf.co.kr/982494,May_250614
home_appliance,전기전자,코웨이 아이콘 프로,지구를 위해 계속되는 혁신,2025-05-14,https://play.tvcf.co.kr/981296,May_250614
finance,금융/보험,교보생명,지금 교감하러 교보로 감,2025-05-14,https://play.tvcf.co.kr/981082,May_250614
home_appliance,전기전자,LG 휘센 AI 오브제컬렉션,휘센 AI로 완성된 저마다의 쾌적함,2025-05-14,https://play.tvcf.co.kr/981347,May_250614
telecom,정보통신,한컴,당신 곁을 지키는 기술,2025-05-14,https://play.tvcf.co.kr/981349,May_250614
beverage_alcohol,음료/기호식품,메가MGC커피,우리가 바라던 여름,2025-05-14,https://play.tvcf.co.kr/981331,May_250614
home_living,생활/가정용품,시디즈,TO SIT IS TO PROGRESS,2025-05-14,https://play.tvcf.co.kr/981421,May_250614
fnb,식품/제과,탱글,Let's 탱글!,2025-05-14,https://play.tvcf.co.kr/981419,May_250614
fnb,식품/제과,탱글,enjoy the long,2025-05-14,https://play.tvcf.co.kr/981451,May_250614
home_living,생활/가정용품,시디즈,최상의 앉음을 경험하세요,2025-05-14,https://play.tvcf.co.kr/982025,May_250614
fnb,식품/제과,팝콘 붕어싸만코,카라멜 팝콘이 붕어를 낚았다!,2025-05-15,https://play.tvcf.co.kr/981327,May_250614
beverage_alcohol,음료/기호식품,빙그레 더단백,이 맛에 더:한다,2025-05-15,https://play.tvcf.co.kr/981541,May_250614
beverage_alcohol,음료/기호식품,새로,전국을 새로 보자,2025-05-15,https://play.tvcf.co.kr/981350,May_250614
finance,금융/보험,롯데멤버스 카드,쓸 수록 쌓이는 혜택의 LOTTE이션,2025-05-15,https://play.tvcf.co.kr/981372,May_250614
home_living,생활/가정용품,일룸,일룸이 이룸,2025-05-15,https://play.tvcf.co.kr/981371,May_250614
beauty,화장품,넛세린,목숨이 9개가 아니라면 너세린 9배 진정 시카밤,2025-05-15,https://play.tvcf.co.kr/981312,May_250614
finance,금융/보험,NH농협카드 미미(美米)카드,마미의 마음 미미가 지킨다,2025-05-15,https://play.tvcf.co.kr/981359,May_250614
home_appliance,전기전자,샤크 플렉스브리즈,쿨 미스트 기능으로 더 시원하게.,2025-05-15,https://play.tvcf.co.kr/981482,May_250614
public_gov,관공서/단체,KBS 2025 대통령 선거,내 삶을 바꾸는 선택 2025 대통령 선거,2025-05-15,https://play.tvcf.co.kr/981501,May_250614
public_gov,관공서/단체,대한적십자사,"아주 보통의 하루, 아주 보통의 희망",2025-05-15,https://play.tvcf.co.kr/981445,May_250614
beverage_alcohol,음료/기호식품,동화약품 배러,"맛있어서 GOOD, 건강해서 BETTER",2025-05-15,https://play.tvcf.co.kr/981513,May_250614
fnb,식품/제과,아워홈 온더고,"도시락, 어떤 게 간편한지 까보면 안다고",2025-05-15,https://play.tvcf.co.kr/981476,May_250614
healthcare_pharma,제약/의료/복지,세르프,이런 고주파를 원한다면 세르프라 말해요,2025-05-15,https://play.tvcf.co.kr/981479,May_250614
finance,금융/보험,비자카드,탭 한 번으로 찍먹,2025-05-15,https://play.tvcf.co.kr/981456,May_250614
healthcare_pharma,제약/의료/복지,365mc병원,원하는 곳만 쉽고 빠르게 빼숑,2025-05-15,https://play.tvcf.co.kr/981599,May_250614
automotive,자동차/정유,현대자동차,A ROAD TO SUSTAINABILITY,2025-05-15,https://play.tvcf.co.kr/982233,May_250614
finance,금융/보험,미래에셋TDF,인생에 발맞춘 연금투자,2025-05-16,https://play.tvcf.co.kr/981726,May_250614
finance,금융/보험,우리금융그룹,언제나.우리를.맨앞에,2025-05-16,https://play.tvcf.co.kr/981467,May_250614
fnb,식품/제과,팔도 왕두껑,"나에게 큰 용기가 없었다면
오늘의 페이커는 없었을 것이다",2025-05-16,https://play.tvcf.co.kr/981539,May_250614
telecom,정보통신,SOOP,라이프 스트리밍이 되다,2025-05-16,https://play.tvcf.co.kr/981590,May_250614
fnb,식품/제과,청정원 햇살담은,"먹어보면, 평~생!",2025-05-16,https://play.tvcf.co.kr/981607,May_250614
public_gov,관공서/단체,중앙선거관리위원회,정책 먼저 보고 투표하세요,2025-05-16,https://play.tvcf.co.kr/981611,May_250614
beverage_alcohol,음료/기호식품,오로나민C,생기발랄 탄산드링크,2025-05-16,https://play.tvcf.co.kr/981612,May_250614
home_appliance,전기전자,세븐나이츠 리버스,"세븐나이츠 리버스, 지금 다운로드 하세요",2025-05-16,https://play.tvcf.co.kr/981609,May_250614
beverage_alcohol,음료/기호식품,크러시,크-게 열리는 탄산 러시,2025-05-16,https://play.tvcf.co.kr/981630,May_250614
beauty,화장품,바노바기,수지맞은 이수지팩,2025-05-16,https://play.tvcf.co.kr/981606,May_250614
healthcare_pharma,제약/의료/복지,메리루스 액상 멀티비타민 & 미네랄,"나를 더 나아가도록, 메리루스",2025-05-17,https://play.tvcf.co.kr/981642,May_250614
public_gov,관공서/단체,기호2번 국민의힘,새롭게 대한민국! 정정당당,2025-05-18,https://play.tvcf.co.kr/981650,May_250614
public_gov,관공서/단체,서울특별시,쉬엄쉬엄 한강 3종 축제가 곧 찾아옵니다!,2025-05-18,https://play.tvcf.co.kr/981687,May_250614
home_appliance,전기전자,로보락,평화로운 먼지 일상을 파괴할 최강 빌런의 등장,2025-05-19,https://play.tvcf.co.kr/981646,May_250614
corporate_pr,기업PR,동원그룹,필요에 답하다,2025-05-19,https://play.tvcf.co.kr/981813,May_250614
beverage_alcohol,음료/기호식품,액티비아 부스트샷3,마침내 장 끝까지 활약,2025-05-19,https://play.tvcf.co.kr/981819,May_250614
corporate_pr,기업PR,업비트,HAPPY UPBIT PIZZA DAY,2025-05-19,https://play.tvcf.co.kr/981688,May_250614
fnb,식품/제과,캘로그 프로틴 그래놀라 제로슈거,강민경의 요즘 단백질,2025-05-19,https://play.tvcf.co.kr/981816,May_250614
public_gov,관공서/단체,KBS 2025 대통령 선거,처음의 마음 그대로 여러분과 함께 하겠습니다,2025-05-19,https://play.tvcf.co.kr/981845,May_250614
beverage_alcohol,음료/기호식품,그린비아,단백질과 타우린을 동시에,2025-05-19,https://play.tvcf.co.kr/982068,May_250614
healthcare_pharma,제약/의료/복지,영진 구론산 바몬드,역시 피로엔 구론산이라니까,2025-05-20,https://play.tvcf.co.kr/982043,May_250614
home_appliance,전기전자,삼성 BESPOKE AI 콤보,왜 둘만 알고 하나는 모르니?,2025-05-20,https://play.tvcf.co.kr/982985,May_250614
home_living,생활/가정용품,다우니 화이트머스크,일상에 지쳐 있다면 다우니 화이트머스크로 힐링하세요.,2025-05-20,https://play.tvcf.co.kr/981681,May_250614
fnb,식품/제과,부라보콘,좋아요가 필요한 모든 만남에 부라보콘,2025-05-20,https://play.tvcf.co.kr/981867,May_250614
healthcare_pharma,제약/의료/복지,라이필 더마 콜라겐,피부에 수를 쓰자,2025-05-20,https://play.tvcf.co.kr/981911,May_250614
beverage_alcohol,음료/기호식품,테라,분주했던 하루가 청정하게 사라진다,2025-05-20,https://play.tvcf.co.kr/982006,May_250614
home_living,생활/가정용품,프로쉬,식물이 잘해!,2025-05-20,https://play.tvcf.co.kr/982005,May_250614
fashion,패션/스포츠,코닥 캐리어,우리는 클래식의 영원함을 믿습니다,2025-05-20,https://play.tvcf.co.kr/983454,May_250614
beauty,화장품,닥터그루트,"내 두피가 건강해지는 시간 단, 2주",2025-05-21,https://play.tvcf.co.kr/982045,May_250614
retail,서비스/유통/레저,하이원리조트,"우리는 쉬었음 청년이 아니라, 피어나길 기다린 씨였음 청년이다",2025-05-21,https://play.tvcf.co.kr/982091,May_250614
beauty,화장품,정샘물뷰티,밀착할수록 아름다운 사이,2025-05-21,https://play.tvcf.co.kr/982007,May_250614
healthcare_pharma,제약/의료/복지,오쏘몰,성장을 꿈꾸는 당신은 오쏘몰리스트,2025-05-21,https://play.tvcf.co.kr/982038,May_250614
fnb,식품/제과,배스킨라빈스,케이크가 필요한 모든 순간,2025-05-21,https://play.tvcf.co.kr/982048,May_250614
home_living,생활/가정용품,현대큐밍,"나를 닮은 공간, 나를 담은 공간",2025-05-21,https://play.tvcf.co.kr/982102,May_250614
fnb,식품/제과,맥도날드,멈추지 않는 맛의 즐거움! 맥드라이브,2025-05-22,https://play.tvcf.co.kr/982188,May_250614
fnb,식품/제과,이디야커피,훔치고 싶은 시원함,2025-05-22,https://play.tvcf.co.kr/982271,May_250614
beverage_alcohol,음료/기호식품,스프라이트 제로 Chill,휘몰아Chill 상쾌함,2025-05-22,https://play.tvcf.co.kr/982273,May_250614
fnb,식품/제과,롯데리아 크랩얼라이브버거,"버거, 제대로 건졌다",2025-05-22,https://play.tvcf.co.kr/982130,May_250614
fnb,식품/제과,불닭소스,Ride the Buldak High,2025-05-22,https://play.tvcf.co.kr/983061,May_250614
healthcare_pharma,제약/의료/복지,365mc병원,지방 하나만,2025-05-23,https://play.tvcf.co.kr/982148,May_250614
public_gov,관공서/단체,산림청,숲에서 키운다,2025-05-23,https://play.tvcf.co.kr/982257,May_250614
home_living,생활/가정용품,테팔,팬!타스틱 뒤집게 챌린지,2025-05-23,https://play.tvcf.co.kr/982249,May_250614
telecom,정보통신,삼성 갤럭시 S25 엣지,진짜 좋은 건 선 너머에 있으니까.,2025-05-23,https://play.tvcf.co.kr/982265,May_250614
healthcare_pharma,제약/의료/복지,케토톱,"캐내면 CAN, 케토톱",2025-05-23,https://play.tvcf.co.kr/982277,May_250614
beauty,화장품,유세린 에피셀린 세럼,피부시간을 되돌리는 혁신,2025-05-23,https://play.tvcf.co.kr/982289,May_250614
education,출판/교육/문화,서울런,우리들의 키다리 아저씨,2025-05-23,https://play.tvcf.co.kr/982284,May_250614
healthcare_pharma,제약/의료/복지,뉴케어 올프로틴,균형 잡힌 단백질을 채우다,2025-05-23,https://play.tvcf.co.kr/982288,May_250614
beverage_alcohol,음료/기호식품,아사히 슈퍼드라이 생맥주캔,더 완벽한 생맥주,2025-05-23,https://play.tvcf.co.kr/982285,May_250614
fashion,패션/스포츠,유니클로,시원하고 쾌적한 여름을 준비하세요.,2025-05-23,https://play.tvcf.co.kr/982379,May_250614
beauty,화장품,바이오더마,메이크업만 지웠는데 피부장벽이 세워졌다,2025-05-23,https://play.tvcf.co.kr/982493,May_250614
public_gov,관공서/단체,2026 여수세계섬박람회,"섬, 바다와 미래를 잇다",2025-05-23,https://play.tvcf.co.kr/982276,May_250614
fnb,식품/제과,매머드커피,우리의 보통날을 채우는 커피,2025-05-23,https://play.tvcf.co.kr/983020,May_250614
home_appliance,전기전자,다이슨 에어랩 코안다2x,단 하나로 모든 나를 표현하다,2025-05-24,https://play.tvcf.co.kr/983009,May_250614
public_gov,관공서/단체,국민건강보험공단,"누군가는 담배로 죽고, 누군가는 담배로 돈을 법니다",2025-05-25,https://play.tvcf.co.kr/983400,May_250614
home_appliance,전기전자,풀쎄라 프로,그. 동안. 뭐 했어?,2025-05-26,https://play.tvcf.co.kr/983082,May_250614
healthcare_pharma,제약/의료/복지,뉴케어 하이멘토,"마시자, 공부체력!",2025-05-26,https://play.tvcf.co.kr/982388,May_250614
fashion,패션/스포츠,비너스,아 이번 여름은 시원하겠다,2025-05-26,https://play.tvcf.co.kr/982940,May_250614
home_appliance,전기전자,로보락,"변신 로보락, 혁신 로보락",2025-05-26,https://play.tvcf.co.kr/982492,May_250614
automotive,자동차/정유,폭스바겐 아틀라스,"새로운 가능성, 새로운 SUV",2025-05-26,https://play.tvcf.co.kr/982504,May_250614
healthcare_pharma,제약/의료/복지,아일로,진짜 빨간맛 다이어트,2025-05-26,https://play.tvcf.co.kr/982720,May_250614
healthcare_pharma,제약/의료/복지,메이킨Q,유쾌! 상쾌! 통쾌! 변비엔 메이킨,2025-05-26,https://play.tvcf.co.kr/982503,May_250614
healthcare_pharma,제약/의료/복지,익스트림 아르기닌 화이트,아르기닌 화이트로 오늘도 밝음,2025-05-26,https://play.tvcf.co.kr/982910,May_250614
healthcare_pharma,제약/의료/복지,익스트림 슬림 쉐이크,자중해! 자기관리 중요해!,2025-05-26,https://play.tvcf.co.kr/982932,May_250614
automotive,자동차/정유,기아 커넥트 스토어,Elevate your life with Kia Connect Store,2025-05-26,https://play.tvcf.co.kr/983450,May_250614
beverage_alcohol,음료/기호식품,아이시스8.0,아이시스는 사라지는 중,2025-05-27,https://play.tvcf.co.kr/982774,May_250614
public_gov,관공서/단체,선택 2025 MBC 선거방송,"광복 80주년 다시, 민주주의",2025-05-27,https://play.tvcf.co.kr/982942,May_250614
beverage_alcohol,음료/기호식품,서울우유 더 진한 플레인 요거트,내 맘대로 더 진하게 먹자,2025-05-27,https://play.tvcf.co.kr/982953,May_250614
retail,서비스/유통/레저,쿠팡,우리의 귀여운 반려동물들의 건강과 입맛까지 책임지는 로켓 펫 닥터,2025-05-27,https://play.tvcf.co.kr/982965,May_250614
automotive,자동차/정유,링컨,Journey to Serenity,2025-05-27,https://play.tvcf.co.kr/982975,May_250614
telecom,정보통신,포켓몬 카드 게임 Pocket,포켓몬 카드 게임 Pocket,2025-05-27,https://play.tvcf.co.kr/982946,May_250614
beauty,화장품,CJ올리브영,혜택이 빵 터지는 올영세일,2025-05-27,https://play.tvcf.co.kr/983457,May_250614
healthcare_pharma,제약/의료/복지,멘소래담,약국가면 생각나는 통증지우개,2025-05-28,https://play.tvcf.co.kr/982989,May_250614
telecom,정보통신,아정당,세상을 아름답고 정당하게,2025-05-28,https://play.tvcf.co.kr/982936,May_250614
fnb,식품/제과,버거킹,토핑 올린 레이어드 선데,2025-05-28,https://play.tvcf.co.kr/983004,May_250614
home_living,생활/가정용품,홈키파 홈매트 제로,"제로로 보호, 효과는 확실",2025-05-28,https://play.tvcf.co.kr/983039,May_250614
public_gov,관공서/단체,한국건강증진개발원,이젠 깨자 술스라이팅,2025-05-29,https://play.tvcf.co.kr/983445,May_250614
beverage_alcohol,음료/기호식품,탐스제로,잘 익은 탄산의 맛,2025-05-29,https://play.tvcf.co.kr/983514,May_250614
fnb,식품/제과,농심 크레오파트라 솔트앤김,안녕 크레오파트라 세상에서 OO가는 포테이토칩,2025-05-29,https://play.tvcf.co.kr/983255,May_250614
fnb,식품/제과,정식품 간단요리사,"콩국수 먹고 싶을 땐, 정식품 진한 콩국물",2025-05-29,https://play.tvcf.co.kr/983137,May_250614
public_gov,관공서/단체,한국자산관리공사,"내일이 다시 빛나도록. 오늘도, 캠코",2025-05-29,https://play.tvcf.co.kr/983259,May_250614
finance,금융/보험,카카오뱅크,"금융이 궁금할 때, 카카오뱅크 AI검색",2025-05-30,https://play.tvcf.co.kr/983246,May_250614
healthcare_pharma,제약/의료/복지,두뇌엔 닥터PS맥스,"뇌, 알겠습니다",2025-05-30,https://play.tvcf.co.kr/983299,May_250614
fnb,식품/제과,오뚜기 짜슐랭,짜슐랭의 새 모델? 나야,2025-05-30,https://play.tvcf.co.kr/983256,May_250614
fnb,식품/제과,치킨매니아 망고치킨,♬ 이런 썸머치킨,2025-05-30,https://play.tvcf.co.kr/983293,May_250614
fashion,패션/스포츠,배럴,이건 진짜 여름 이야기,2025-05-30,https://play.tvcf.co.kr/983328,May_250614
home_appliance,전기전자,드리미 X50s Pro Ultra,티도 안나는 청소는 로봇에 맡겨,2025-05-30,https://play.tvcf.co.kr/983297,May_250614
retail,서비스/유통/레저,이마트,멈출줄 모르는 세일 퍼레이드로 고객님을 응.원,2025-05-30,https://play.tvcf.co.kr/983498,May_250614
healthcare_pharma,제약/의료/복지,엘레나,나를 위해 언제나 엘레나 테아닌,2025-05-30,https://play.tvcf.co.kr/983656,May_250614
retail,서비스/유통/레저,1577-1577,하나면 돼 1577!,2023-11-01,https://play.tvcf.co.kr/923381,Nov_231205
education,출판/교육/문화,구몬학습,시험지는 손으로 쓰는데 공부는 왜 눈으로만 해?,2023-11-01,https://play.tvcf.co.kr/923408,Nov_231205
healthcare_pharma,제약/의료/복지,용각산쿨,목의 모든 증상은 참을성이 없으니까,2023-11-01,https://play.tvcf.co.kr/923409,Nov_231205
retail,서비스/유통/레저,신차연구소 카랩,"신차, 게으르게 사세요",2023-11-01,https://play.tvcf.co.kr/925680,Nov_231205
retail,서비스/유통/레저,11번가 그랜드십일절,절로가~ 11절로 가!,2023-11-01,https://play.tvcf.co.kr/923525,Nov_231205
fnb,식품/제과,서브웨이,"Eat fresh, Feel good",2023-11-01,https://play.tvcf.co.kr/923404,Nov_231205
home_appliance,전기전자,스윙캠,"스윙, 그 이상을 보다",2023-11-01,https://play.tvcf.co.kr/923392,Nov_231205
healthcare_pharma,제약/의료/복지,갤포스 엘,포스찢었다 겔포스엘,2023-11-01,https://play.tvcf.co.kr/923422,Nov_231205
home_appliance,전기전자,캐논,전설은 계속된다,2023-11-01,https://play.tvcf.co.kr/923425,Nov_231205
corporate_pr,기업PR,MG새마을금고,MG새마을금고는 멈추지 않겠습니다,2023-11-01,https://play.tvcf.co.kr/923493,Nov_231205
healthcare_pharma,제약/의료/복지,호르반,"활동력의 시대, 호르반이 온다",2023-11-01,https://play.tvcf.co.kr/923488,Nov_231205
corporate_pr,기업PR,플루닛,상상 그 이상을 생성하다,2023-11-01,https://play.tvcf.co.kr/923497,Nov_231205
public_gov,관공서/단체,한국교통안전공단,일상 속에 있는 사람을 지킵니다,2023-11-01,https://play.tvcf.co.kr/923417,Nov_231205
corporate_pr,기업PR,프로쉬,자연의 놀라운 세척력을 모두에게.,2023-11-01,https://play.tvcf.co.kr/923494,Nov_231205
healthcare_pharma,제약/의료/복지,알콘,"백내장, 노안 내 얘기다 싶으면",2023-11-01,https://play.tvcf.co.kr/923410,Nov_231205
home_living,생활/가정용품,슈가버블 버블원샷,친환경 패밀리 슈가버블,2023-11-01,https://play.tvcf.co.kr/923505,Nov_231205
fashion,패션/스포츠,블랙야크 알라야GTX다운자켓,아늑하게 되돌리다,2023-11-01,https://play.tvcf.co.kr/923491,Nov_231205
automotive,자동차/정유,볼보 EX30,삶의 작은 감동이 커다란 의미를 만듭니다,2023-11-01,https://play.tvcf.co.kr/924595,Nov_231205
fnb,식품/제과,맥도날드 맥런치,"맥런치, 레벨 업 해볼까?",2023-11-01,https://play.tvcf.co.kr/923412,Nov_231205
retail,서비스/유통/레저,롯데렌터카 마이카,마이카를 한다 내 삶이 달린다,2023-11-01,https://play.tvcf.co.kr/923512,Nov_231205
corporate_pr,기업PR,롯데레드페스티벌,4200만의 쇼핑 축제,2023-11-01,https://play.tvcf.co.kr/923390,Nov_231205
automotive,자동차/정유,렉서스 어센틱럭셔리,"오직 단 한 사람, 당신을 향해 달리다",2023-11-01,https://play.tvcf.co.kr/923513,Nov_231205
automotive,자동차/정유,기아,기아를 만나는 새로운 방법,2023-11-01,https://play.tvcf.co.kr/923416,Nov_231205
public_gov,관공서/단체,굿네이버스,우린 굿네이버스로 향합니다,2023-11-01,https://play.tvcf.co.kr/923411,Nov_231205
healthcare_pharma,제약/의료/복지,고려은단 루테인 지아잔틴 아스타잔틴,고려은단으로 한번에 챙기세요,2023-11-01,https://play.tvcf.co.kr/923498,Nov_231205
fnb,식품/제과,푸디버디 팝콘치킨,치킨맛에 눈뜨다,2023-11-01,https://play.tvcf.co.kr/923397,Nov_231205
finance,금융/보험,우리은행,우리 기업에 우리의 힘을,2023-11-01,https://play.tvcf.co.kr/923489,Nov_231205
healthcare_pharma,제약/의료/복지,페인큐,통증엔 페인큐,2023-11-01,https://play.tvcf.co.kr/923557,Nov_231205
automotive,자동차/정유,폴스타2,진화는 계속된다,2023-11-01,https://play.tvcf.co.kr/923509,Nov_231205
beauty,화장품,김정문알로에 큐어크림,30년간 사랑받아온 국민크림,2023-11-01,https://play.tvcf.co.kr/923824,Nov_231205
fnb,식품/제과,프링글스,이 순간도 놓칠만큼 너무 맛있잖아!,2023-11-01,https://play.tvcf.co.kr/923546,Nov_231205
fnb,식품/제과,멕시카나치킨 치토스치킨,온 세상이 반하게 될거야,2023-11-01,https://play.tvcf.co.kr/923527,Nov_231205
beauty,화장품,The Whoo CHEONGIDAN2,Like a star,2023-11-01,https://play.tvcf.co.kr/924769,Nov_231205
public_gov,관공서/단체,한화,그린의 글로벌 표준을 높여갑니다,2023-11-01,https://play.tvcf.co.kr/925607,Nov_231205
finance,금융/보험,우리은행,10대만을 위한 금융서비스를 원해? 우리WON해,2023-11-01,https://play.tvcf.co.kr/925664,Nov_231205
public_gov,관공서/단체,G마크,건강을 사세요,2023-11-01,https://play.tvcf.co.kr/923501,Nov_231205
fashion,패션/스포츠,르꼬끄 스포르티브,올 겨울 '꼭' 너와,2023-11-01,https://play.tvcf.co.kr/923511,Nov_231205
healthcare_pharma,제약/의료/복지,치센,치센주세요 동국제약꺼~,2023-11-02,https://play.tvcf.co.kr/924674,Nov_231205
finance,금융/보험,OK저축은행 OK페이통장,대한민국 4대페이와 OK를 연결하라,2023-11-02,https://play.tvcf.co.kr/923256,Nov_231205
fashion,패션/스포츠,아이더 스테롤 다운자켓,"보통의 패딩, 그보다 더",2023-11-02,https://play.tvcf.co.kr/923774,Nov_231205
home_living,생활/가정용품,경동나비엔 온수매트,"여보, 아버님 댁에 온수매트 놓아드려야겠어요",2023-11-02,https://play.tvcf.co.kr/923776,Nov_231205
fnb,식품/제과,맥도날드 맥크리스피,스리라차차!,2023-11-02,https://play.tvcf.co.kr/923727,Nov_231205
home_living,생활/가정용품,자코모,변함없는 1등 소파,2023-11-02,https://play.tvcf.co.kr/923786,Nov_231205
home_appliance,전기전자,나르왈 로봇청소기,나를 알아주는 나르왈,2023-11-02,https://play.tvcf.co.kr/923793,Nov_231205
telecom,정보통신,DIGICO KT,AI로 대한민국 디지털 혁신을 돕는 DIGCO KT,2023-11-02,https://play.tvcf.co.kr/923797,Nov_231205
home_appliance,전기전자,쓰론 앤 리버티,내 안의 모험을 깨우다,2023-11-02,https://play.tvcf.co.kr/924946,Nov_231205
construction_realestate,아파트/건설,로열파크씨티 푸르지오,대한민국 리조트 특별시,2023-11-02,https://play.tvcf.co.kr/923794,Nov_231205
telecom,정보통신,틱톡,우리의 일상이 지구의 트렌드,2023-11-03,https://play.tvcf.co.kr/924139,Nov_231205
telecom,정보통신,당근비즈니스,날아라 매출이,2023-11-03,https://play.tvcf.co.kr/923809,Nov_231205
fnb,식품/제과,오뚜기 X.O. 만두,이런게 엄마의 속마음,2023-11-03,https://play.tvcf.co.kr/924110,Nov_231205
beverage_alcohol,음료/기호식품,빙그레 고구마맛 우유,올겨울엔 춘식이구마,2023-11-03,https://play.tvcf.co.kr/923795,Nov_231205
telecom,정보통신,TMAP대리,"음주운전 절대안됩니다, 티맵대리하세요",2023-11-03,https://play.tvcf.co.kr/923800,Nov_231205
telecom,정보통신,LG유플러스 너get,"너만의 세상을 Get, 너겟",2023-11-03,https://play.tvcf.co.kr/924109,Nov_231205
retail,서비스/유통/레저,알리익스프레스,알리가 11억 쏜다,2023-11-03,https://play.tvcf.co.kr/923831,Nov_231205
beauty,화장품,바이옴 액티베이트 레드좀 앰플,고아라의 동안비밀,2023-11-03,https://play.tvcf.co.kr/924116,Nov_231205
fashion,패션/스포츠,노스페이스,"눕시, 방수를 더하다",2023-11-03,https://play.tvcf.co.kr/924108,Nov_231205
beauty,화장품,라비앙,빛나라 나 자신,2023-11-03,https://play.tvcf.co.kr/924120,Nov_231205
fnb,식품/제과,삼양라면,리뉴얼된 삼양라면 더 풍부해진 감칠맛은 느껴보세요,2023-11-03,https://play.tvcf.co.kr/924121,Nov_231205
education,출판/교육/문화,제 50회 광고의 날,마침내 AI를 품은 크리에이티브 대한민국 경제에 새로운 힘이 되다.,2023-11-03,https://play.tvcf.co.kr/924367,Nov_231205
fashion,패션/스포츠,폴햄,"다운, 따스하게 차오르다",2023-11-03,https://play.tvcf.co.kr/924382,Nov_231205
telecom,정보통신,삼성 월렛,A smart wallet is already in your galaxy,2023-11-03,https://play.tvcf.co.kr/925148,Nov_231205
retail,서비스/유통/레저,전자랜드,"쇼핑몰도 역시, 가자 전자랜드",2023-11-04,https://play.tvcf.co.kr/925087,Nov_231205
finance,금융/보험,불법대출 근절 캠페인,속지말고 숙지하세요!,2023-11-06,https://play.tvcf.co.kr/924328,Nov_231205
healthcare_pharma,제약/의료/복지,뉴트리원라이프 비비랩,넌 언제가 제일 멋있어? 지금?,2023-11-06,https://play.tvcf.co.kr/924123,Nov_231205
telecom,정보통신,SK텔레콤 에이닷,SKT의 AI는 누구에게나 있다,2023-11-06,https://play.tvcf.co.kr/924144,Nov_231205
beauty,화장품,코스알엑스 더 6 펩타이드 스킨 부스터,스킨케어의 시작 펩타이드로 부스팅,2023-11-06,https://play.tvcf.co.kr/924294,Nov_231205
retail,서비스/유통/레저,G마켓,큰 거 온다 빅 스마일 데이,2023-11-06,https://play.tvcf.co.kr/924324,Nov_231205
education,출판/교육/문화,메가스터디,"알잖아, 내가 공부하는 이유!",2023-11-06,https://play.tvcf.co.kr/924679,Nov_231205
public_gov,관공서/단체,행정안전부,보행안심시대를 선포합니다,2023-11-06,https://play.tvcf.co.kr/924125,Nov_231205
retail,서비스/유통/레저,신세계그룹 쓱데이,역대급 그 이상 쓱대급으로!,2023-11-06,https://play.tvcf.co.kr/924300,Nov_231205
automotive,자동차/정유,현대자동차 N,"모터스포츠에서 N으로, N에서 모두에게로",2023-11-07,https://play.tvcf.co.kr/924348,Nov_231205
automotive,자동차/정유,메르세데스 벤츠,중고차도 벤츠는 벤츠답게,2023-11-08,https://play.tvcf.co.kr/925435,Nov_231205
fnb,식품/제과,빕스,네버엔딩 미식 버라이어티,2023-11-08,https://play.tvcf.co.kr/924618,Nov_231205
retail,서비스/유통/레저,여기어때,여행할 때 여기 어때,2023-11-08,https://play.tvcf.co.kr/924621,Nov_231205
fashion,패션/스포츠,휠라 밀라노 다운,Giant for this winter,2023-11-08,https://play.tvcf.co.kr/924593,Nov_231205
automotive,자동차/정유,현대자동차그룹,낯설어서 아름다운 이곳으로,2023-11-08,https://play.tvcf.co.kr/924690,Nov_231205
construction_realestate,아파트/건설,하이엔드 시티,럭셔리 라이프를 내 뜻대로,2023-11-08,https://play.tvcf.co.kr/927334,Nov_231205
healthcare_pharma,제약/의료/복지,뉴트리원 비비랩,지금을 예쁘게,2023-11-09,https://play.tvcf.co.kr/924684,Nov_231205
healthcare_pharma,제약/의료/복지,세라젬 V7 메디테크,이러니 해볼 수 밖에,2023-11-09,https://play.tvcf.co.kr/924683,Nov_231205
automotive,자동차/정유,현대자동차그룹,Taste life North macedinia,2023-11-09,https://play.tvcf.co.kr/924638,Nov_231205
retail,서비스/유통/레저,2023 코리아 세일 페스타,국가대표 쇼핑축제,2023-11-09,https://play.tvcf.co.kr/924682,Nov_231205
telecom,정보통신,퀸잇,코트를 더 버라이어티하게,2023-11-09,https://play.tvcf.co.kr/924687,Nov_231205
public_gov,관공서/단체,공익광고협의회,"마약, 시작이 인생 끝",2023-11-09,https://play.tvcf.co.kr/924693,Nov_231205
healthcare_pharma,제약/의료/복지,스트렙실,스트렙실로 모든 순간을 누리세요,2023-11-09,https://play.tvcf.co.kr/924695,Nov_231205
public_gov,관공서/단체,2023 학교폭력예방 캠페,우리들의 진짜 소원은 학교폭력이 없는 학교입니다.,2023-11-09,https://play.tvcf.co.kr/924761,Nov_231205
telecom,정보통신,SK텔레콤 에이닷,나만의 AI 개인비서 에이닷,2023-11-09,https://play.tvcf.co.kr/925615,Nov_231205
fnb,식품/제과,스팸 닭가슴살,이 맛은 스팸이다,2023-11-09,https://play.tvcf.co.kr/925056,Nov_231205
public_gov,관공서/단체,부산광역시,BUSAN IS GOOD,2023-11-09,https://play.tvcf.co.kr/927030,Nov_231205
home_appliance,전기전자,LG 오브제 컬렉션,"가전, 꿈꾸던 삶이 되다",2023-11-10,https://play.tvcf.co.kr/924689,Nov_231205
fnb,식품/제과,백설,세계의 밥상을 우리집 키친으로,2023-11-10,https://play.tvcf.co.kr/924692,Nov_231205
healthcare_pharma,제약/의료/복지,테라웨이브,어제보다 오늘 더 아름다워지는 이유,2023-11-10,https://play.tvcf.co.kr/924763,Nov_231205
fnb,식품/제과,피자헛 5메이징픽업,함께 즐겨요 피자헛,2023-11-10,https://play.tvcf.co.kr/924765,Nov_231205
beverage_alcohol,음료/기호식품,코카콜라,Anyone Can be Santa,2023-11-10,https://play.tvcf.co.kr/924908,Nov_231205
public_gov,관공서/단체,예금보험공사,"급변하는 금융날씨, 우리에겐 금융의 예보가 필요합니다.",2023-11-10,https://play.tvcf.co.kr/924904,Nov_231205
fashion,패션/스포츠,아이더 스테롤S 다운자켓,"보통의 패딩, 그보다 더",2023-11-10,https://play.tvcf.co.kr/924911,Nov_231205
beauty,화장품,네이처셀 스템셀 샴푸,"세상에 없던 삼푸, 네이처셀이 해냈네~",2023-11-10,https://play.tvcf.co.kr/924907,Nov_231205
corporate_pr,기업PR,Samsung Semiconductor,Makers of micro miracles,2023-11-10,https://play.tvcf.co.kr/924957,Nov_231205
home_appliance,전기전자,대성보일러,대성이 내일을 we합니다,2023-11-10,https://play.tvcf.co.kr/925010,Nov_231205
telecom,정보통신,월드잡플러스,"알려줄게, 이 모든 문제를 해결할 해외취업공식",2023-11-10,https://play.tvcf.co.kr/925046,Nov_231205
fnb,식품/제과,아웃백,"맛있는 스테이크가 사는 집, 아웃백 스테이크 하우스니까.",2023-11-10,https://play.tvcf.co.kr/924755,Nov_231205
home_appliance,전기전자,바디프랜드 다빈치,몸 친구가 생겼다.,2023-11-11,https://play.tvcf.co.kr/924920,Nov_231205
home_appliance,전기전자,쿠쿠 스팀100 바리스타 정수기,이토록 깊고 섬세함,2023-11-11,https://play.tvcf.co.kr/924921,Nov_231205
public_gov,관공서/단체,초록우산 어린이재단,초록우산은 전국 약국에서 가족 돌봄 아동을 찾고 있습니다.,2023-11-13,https://play.tvcf.co.kr/925636,Nov_231205
fashion,패션/스포츠,코오롱스포츠,세상의 다운들에게 묻는다. 안타티카에 도달한 적 있는가.,2023-11-13,https://play.tvcf.co.kr/924976,Nov_231205
retail,서비스/유통/레저,오토벨,"마음편한 내차팔기, 오토벨",2023-11-13,https://play.tvcf.co.kr/925068,Nov_231205
home_living,생활/가정용품,세스코,"세스코 식품안전 연구소, 나의 주방세제가 되다",2023-11-14,https://play.tvcf.co.kr/925098,Nov_231205
beauty,화장품,CJ올리브영,건강루틴 절찬 상영 중,2023-11-14,https://play.tvcf.co.kr/925008,Nov_231205
public_gov,관공서/단체,국민체육진흥공단 스포츠강좌이용권,누구나 스포츠를 자유롭게,2023-11-14,https://play.tvcf.co.kr/925058,Nov_231205
public_gov,관공서/단체,간호간병통합서비스,함께 만드는 더 나은 입원생활.,2023-11-14,https://play.tvcf.co.kr/925059,Nov_231205
fnb,식품/제과,KFC,1994 wing is back,2023-11-14,https://play.tvcf.co.kr/925181,Nov_231205
home_appliance,전기전자,삼성전자DS,Light up your holidays,2023-11-14,https://play.tvcf.co.kr/926115,Nov_231205
home_appliance,전기전자,삼성 포터블 SSD T5 EVO,compact yet massive storage,2023-11-14,https://play.tvcf.co.kr/927484,Nov_231205
fashion,패션/스포츠,G-SHOCK,unstoppable me,2023-11-15,https://play.tvcf.co.kr/925033,Nov_231205
telecom,정보통신,구글플레이,"계속, 함께, PLAY",2023-11-15,https://play.tvcf.co.kr/925088,Nov_231205
automotive,자동차/정유,The New 카니발,우리만의 스케일대로,2023-11-15,https://play.tvcf.co.kr/925201,Nov_231205
automotive,자동차/정유,제네시스 GV80 COUPE,가장 매혹적인 라인의 탄생,2023-11-15,https://play.tvcf.co.kr/925209,Nov_231205
retail,서비스/유통/레저,알리익스프레스,"직구, 계속 바꿔줄게",2023-11-15,https://play.tvcf.co.kr/925238,Nov_231205
public_gov,관공서/단체,경기도교육청,우리는 하이러닝 요원들!,2023-11-15,https://play.tvcf.co.kr/925314,Nov_231205
public_gov,관공서/단체,농림축산식품부,"입양, 이것이 시대의 펫룰",2023-11-15,https://play.tvcf.co.kr/925293,Nov_231205
retail,서비스/유통/레저,리빙픽,일상이 즐거워지는 생활 편의점,2023-11-15,https://play.tvcf.co.kr/925386,Nov_231205
beauty,화장품,에이지투웨니스,세상이 알아준 에이지 투웨니스,2023-11-15,https://play.tvcf.co.kr/926044,Nov_231205
fnb,식품/제과,노랑통닭,칼칼~한 청양치킨,2023-11-15,https://play.tvcf.co.kr/925273,Nov_231205
retail,서비스/유통/레저,롯데하이마트,참으로 가전적인 서비스,2023-11-15,https://play.tvcf.co.kr/926461,Nov_231205
telecom,정보통신,알바몬,알바는 이 안에 있다!,2023-11-16,https://play.tvcf.co.kr/926462,Nov_231205
fashion,패션/스포츠,K2 씬에어 포스,어떤 추위도 가볍게 이겨내는 다운이 있을까?,2023-11-16,https://play.tvcf.co.kr/925405,Nov_231205
beverage_alcohol,음료/기호식품,맥심x카카오,올겨울 가장 맛있는 콜라보,2023-11-16,https://play.tvcf.co.kr/925404,Nov_231205
public_gov,관공서/단체,화성시,내 삶을 바꾸는 100만 화성,2023-11-16,https://play.tvcf.co.kr/925412,Nov_231205
fashion,패션/스포츠,혼마골프,"Love, Honor, Respect. 혼마.",2023-11-16,https://play.tvcf.co.kr/925414,Nov_231205
public_gov,관공서/단체,제천시,"모르는 사이에 아주 오랜 세월을 깊어진, 우리가 쓰는 모든 이야기",2023-11-16,https://play.tvcf.co.kr/925426,Nov_231205
healthcare_pharma,제약/의료/복지,관절콜라겐 3000,수분을 제외한 관절연골의  구성성분의 75%는 콜라겐,2023-11-16,https://play.tvcf.co.kr/925453,Nov_231205
home_living,생활/가정용품,레고,일상을 바꾸는 레고의 슈퍼파워를 선물하세요,2023-11-16,https://play.tvcf.co.kr/925461,Nov_231205
public_gov,관공서/단체,농림축산식품부,우리의 일상을 키우는 공익직불제,2023-11-16,https://play.tvcf.co.kr/925458,Nov_231205
education,출판/교육/문화,메가스터디,내신부터 수능까지 어떤이유든 메가패스,2023-11-16,https://play.tvcf.co.kr/925698,Nov_231205
education,출판/교육/문화,대성마이맥 19패스,"모두를 위한, 모두가 원한, everyone 19pass",2023-11-16,https://play.tvcf.co.kr/925704,Nov_231205
fashion,패션/스포츠,마뗑킴,마뗑킴은 장르다. 입어 본 적 없는 새로운 장르.,2023-11-17,https://play.tvcf.co.kr/925556,Nov_231205
fnb,식품/제과,도미노피자,맛에 화색이 돈다,2023-11-17,https://play.tvcf.co.kr/925319,Nov_231205
fashion,패션/스포츠,K2 씬에어 앱솔루트,"이렇게 따뜻하게 입고도, 실루엣만으로 모두의 시선을 훔치지",2023-11-17,https://play.tvcf.co.kr/925438,Nov_231205
fashion,패션/스포츠,ABC마트,블랙 ABC데이,2023-11-17,https://play.tvcf.co.kr/925434,Nov_231205
fnb,식품/제과,파리바게뜨,"함께, 이 겨울을 밝히다",2023-11-17,https://play.tvcf.co.kr/925443,Nov_231205
home_living,생활/가정용품,닥터피엘,우리 가족 힐링 샤워,2023-11-17,https://play.tvcf.co.kr/925464,Nov_231205
finance,금융/보험,하나은행,"인생의 모든 순간, 하나뿐인 내편",2023-11-17,https://play.tvcf.co.kr/925444,Nov_231205
retail,서비스/유통/레저,코웨이 비렉스 안마베드,"마침내, 혁신적 안마베드의 완성",2023-11-17,https://play.tvcf.co.kr/925549,Nov_231205
education,출판/교육/문화,엘리하이,"초등공부, 재미가 붙어야 더 높이 올라가니까!",2023-11-17,https://play.tvcf.co.kr/925554,Nov_231205
fnb,식품/제과,불닭볶음면,플레이 불닭,2023-11-17,https://play.tvcf.co.kr/925560,Nov_231205
public_gov,관공서/단체,고용산재보험,일터에 안심! 생활에 안정!,2023-11-17,https://play.tvcf.co.kr/925462,Nov_231205
public_gov,관공서/단체,한국농수산식품유통공사,K food is always right.,2023-11-17,https://play.tvcf.co.kr/925596,Nov_231205
beverage_alcohol,음료/기호식품,크러시,마침내 4세대 맥주의 등장,2023-11-18,https://play.tvcf.co.kr/925561,Nov_231205
home_living,생활/가정용품,슬로우베드,간편하게 툭-탁-착-,2023-11-18,https://play.tvcf.co.kr/925688,Nov_231205
public_gov,관공서/단체,서울신용보증재단,Welcome Local Photo tour!,2023-11-20,https://play.tvcf.co.kr/925623,Nov_231205
automotive,자동차/정유,기아인증중고차,기아를 만나는 새로운 방법,2023-11-20,https://play.tvcf.co.kr/925653,Nov_231205
retail,서비스/유통/레저,아난티,림만 있다면 아난티 갈 수 있어,2023-11-20,https://play.tvcf.co.kr/925753,Nov_231205
education,출판/교육/문화,웅진스마트올,1위 오너라,2023-11-20,https://play.tvcf.co.kr/925585,Nov_231205
home_appliance,전기전자,하만 JBL Authentics & Spinner BT,클래식의 요즘식,2023-11-20,https://play.tvcf.co.kr/925740,Nov_231205
fnb,식품/제과,농심 신라면 더레드,신라면도 울고 갔다!,2023-11-21,https://play.tvcf.co.kr/925732,Nov_231205
retail,서비스/유통/레저,갤러리케이,이제 예술도 직업이 된다. 오직 갤러리 K에서만.,2023-11-21,https://play.tvcf.co.kr/925141,Nov_231205
fnb,식품/제과,하이면,"한국인의 미식면, 하이면",2023-11-21,https://play.tvcf.co.kr/925150,Nov_231205
beverage_alcohol,음료/기호식품,레몬진,제로로 가볍게! 9도로 짜릿하게!,2023-11-21,https://play.tvcf.co.kr/925660,Nov_231205
public_gov,관공서/단체,국가장학금,그때는 그랬죠! 지금은 달라요!,2023-11-22,https://play.tvcf.co.kr/925988,Nov_231205
healthcare_pharma,제약/의료/복지,에버콜라겐,프라이드는 스스로 완성하는 거야,2023-11-22,https://play.tvcf.co.kr/925640,Nov_231205
home_appliance,전기전자,구글플레이,"오라, 그대를 기다리는 리니지M의 전장으로",2023-11-22,https://play.tvcf.co.kr/926457,Nov_231205
home_appliance,전기전자,FC 온라인,10년 이상 한 클럽에서 뛴 디케이드 클래스 출시!,2023-11-23,https://play.tvcf.co.kr/925996,Nov_231205
beauty,화장품,헤드스파7,"헤어, 지지마",2023-11-23,https://play.tvcf.co.kr/926005,Nov_231205
home_appliance,전기전자,삼성전자DS,FWD 일 잘하는 당신의 새로운 워크라이프,2023-11-23,https://play.tvcf.co.kr/925744,Nov_231205
fnb,식품/제과,투썸플레이스 스초생,이름있는 케이크,2023-11-23,https://play.tvcf.co.kr/925995,Nov_231205
fnb,식품/제과,교촌치킨,"고맙습니다, THANKYO",2023-11-23,https://play.tvcf.co.kr/926021,Nov_231205
home_appliance,전기전자,디펜스더비,즐거움도 보상도 확 돌아버렸어,2023-11-23,https://play.tvcf.co.kr/926794,Nov_231205
home_appliance,전기전자,맥북,"하고 싶던 모든 것, 이제 mac으로",2023-11-24,https://play.tvcf.co.kr/926142,Nov_231205
telecom,정보통신,LG유플러스 아이들나라,"한장 한장 성장, 깨우자 독서 성장판",2023-11-24,https://play.tvcf.co.kr/926123,Nov_231205
public_gov,관공서/단체,건강보험심사평가원,"진료는 병원에서, 심사평가는 심평원에서",2023-11-24,https://play.tvcf.co.kr/926116,Nov_231205
education,출판/교육/문화,밀크T초등,"결과가 다른 시작, 밀크T",2023-11-24,https://play.tvcf.co.kr/926149,Nov_231205
beauty,화장품,더랩바이블랑두,하이유저들이 검증한 속촉함,2023-11-24,https://play.tvcf.co.kr/926148,Nov_231205
beauty,화장품,폴라,STAY BEAUTIFUL NO MATTER WHAT,2023-11-24,https://play.tvcf.co.kr/926145,Nov_231205
healthcare_pharma,제약/의료/복지,리바,따초리바핏!,2023-11-24,https://play.tvcf.co.kr/926147,Nov_231205
finance,금융/보험,NH농협은행 올원뱅크,모든 것이 돈이 되는 세상,2023-11-25,https://play.tvcf.co.kr/926152,Nov_231205
home_appliance,전기전자,쿠쿠 음식물처리기,음식물처리기도 쿠쿠하세요,2023-11-27,https://play.tvcf.co.kr/926528,Nov_231205
fnb,식품/제과,버거킹,"버거집이 아니다, 고기집이다",2023-11-27,https://play.tvcf.co.kr/926518,Nov_231205
education,출판/교육/문화,가벼운 학습지,로망이 펼쳐지는 순간,2023-11-27,https://play.tvcf.co.kr/926442,Nov_231205
public_gov,관공서/단체,성남시,"청년 희망도시, 성남",2023-11-27,https://play.tvcf.co.kr/926631,Nov_231205
fnb,식품/제과,CJ제일제당 햇반 솥반,영양이 솥는다,2023-11-27,https://play.tvcf.co.kr/926501,Nov_231205
fashion,패션/스포츠,노스페이스 화이트라벨,우리 멋 없는 거 광고 안하잖아,2023-11-27,https://play.tvcf.co.kr/926517,Nov_231205
telecom,정보통신,한방,고규 필수앱 한방,2023-11-27,https://play.tvcf.co.kr/927284,Nov_231205
fnb,식품/제과,리츠,크래커는 리츠다,2023-11-27,https://play.tvcf.co.kr/927495,Nov_231205
retail,서비스/유통/레저,이마트,이마트 가격 역주행,2023-11-28,https://play.tvcf.co.kr/926660,Nov_231205
beauty,화장품,CJ 올리브영,올해를 빛낸 히어로,2023-11-28,https://play.tvcf.co.kr/926676,Nov_231205
beverage_alcohol,음료/기호식품,하이뮨 프로틴밸런스 음료,우리 후배 하이텐션을 위해,2023-11-28,https://play.tvcf.co.kr/926720,Nov_231205
finance,금융/보험,하나연금닥터,"이직은 자리를 바꿀 뿐, 이전은 인생을 바꾼다",2023-11-28,https://play.tvcf.co.kr/926933,Nov_231205
home_living,생활/가정용품,지누스,"가격은 합리적, 수면은 고품격",2023-11-28,https://play.tvcf.co.kr/927237,Nov_231205
public_gov,관공서/단체,대법원 면접교섭센터,사랑으로 봅니다. 행복으로 만납니다.,2023-11-29,https://play.tvcf.co.kr/926777,Nov_231205
fnb,식품/제과,맥도날드,함께한 당신이 있어 행복했습니다,2023-11-29,https://play.tvcf.co.kr/926905,Nov_231205
public_gov,관공서/단체,환경부,나는 환경을 Pick 합니다,2023-11-29,https://play.tvcf.co.kr/926907,Nov_231205
education,출판/교육/문화,숭실사이버대학교,세상을 바꾸는 생각,2023-11-30,https://play.tvcf.co.kr/927054,Nov_231205
home_appliance,전기전자,배틀그라운드,Ground of honor,2023-11-30,https://play.tvcf.co.kr/927056,Nov_231205
finance,금융/보험,IBK기업은행,올해가 가기전에 IBK기업은행 IRP,2023-11-30,https://play.tvcf.co.kr/927236,Nov_231205
education,출판/교육/문화,제로베이스,100% 취업보장스쿨,2023-11-30,https://play.tvcf.co.kr/927247,Nov_231205
fnb,식품/제과,The미식 육즙만두,만두. 기본부터 갖추시길.,2023-10-01,https://play.tvcf.co.kr/920378,OCT_231103
beauty,화장품,The Whoo CHEONGIDAN,Like a star,2023-10-01,https://play.tvcf.co.kr/920664,OCT_231103
healthcare_pharma,제약/의료/복지,플루아릭스 테트라,"가까운 병원에서, 플루아릭스 테트라로",2023-10-01,https://play.tvcf.co.kr/920392,OCT_231103
retail,서비스/유통/레저,퍼시픽링스,세계를 라운드하라!,2023-10-01,https://play.tvcf.co.kr/920667,OCT_231103
healthcare_pharma,제약/의료/복지,콜대원,"증상별로 색다르게, 다짜고짜 콜대원",2023-10-01,https://play.tvcf.co.kr/920381,OCT_231103
beauty,화장품,코스알엑스,스킨케어의 시작,2023-10-01,https://play.tvcf.co.kr/920556,OCT_231103
fnb,식품/제과,청원생명,좋은 건 누려야 제맛,2023-10-01,https://play.tvcf.co.kr/920376,OCT_231103
fnb,식품/제과,청송사과,꼭지 살려 신선 살려,2023-10-01,https://play.tvcf.co.kr/920382,OCT_231103
healthcare_pharma,제약/의료/복지,익스트림 프로바이오틱스,"검색해봐, 김종국 유산균",2023-10-01,https://play.tvcf.co.kr/919688,OCT_231103
home_appliance,전기전자,바디프랜드,OH HEALTHY DAY,2023-10-01,https://play.tvcf.co.kr/920648,OCT_231103
fashion,패션/스포츠,만다리나덕,Hello stranger.,2023-10-01,https://play.tvcf.co.kr/920370,OCT_231103
home_appliance,전기전자,다이슨 빅+콰이엇 포름알데히드 공기청정기,넓은 공간을 정화합니다. 조용하게.,2023-10-01,https://play.tvcf.co.kr/920377,OCT_231103
home_living,생활/가정용품,다우니 추가헹굼제로,다우니 추가헹굼 ZERO로 완전히 달라졌지,2023-10-01,https://play.tvcf.co.kr/920374,OCT_231103
home_living,생활/가정용품,다우니 생화 & 과일향기 컬렉션,7일 내내 생화를 닮은 향기,2023-10-01,https://play.tvcf.co.kr/920380,OCT_231103
public_gov,관공서/단체,국가보훈부,"대한민국을 입다, 대한민국을 담다.",2023-10-01,https://play.tvcf.co.kr/920383,OCT_231103
corporate_pr,기업PR,우리테크 싸이클론 V8집진기,미스트 깨끗하게 해줄 수 없어?,2023-10-02,https://play.tvcf.co.kr/920394,OCT_231103
automotive,자동차/정유,에쓰오일,Goodoil can do it!,2023-10-02,https://play.tvcf.co.kr/918650,OCT_231103
retail,서비스/유통/레저,에미레이트항공,some champagnes are only served on Emirate first class,2023-10-02,https://play.tvcf.co.kr/920396,OCT_231103
corporate_pr,기업PR,경기RE100,대한민국엔 경기도가 있습니다,2023-10-02,https://play.tvcf.co.kr/920398,OCT_231103
education,출판/교육/문화,KBS 2022 항저우 아시안게임,매분매초 응원해,2023-10-03,https://play.tvcf.co.kr/920402,OCT_231103
telecom,정보통신,롯데ON,shopping fantasy ON,2023-10-03,https://play.tvcf.co.kr/920779,OCT_231103
automotive,자동차/정유,The Kia K8,K는 또 한 번 세상을 움직이고 있다,2023-10-04,https://play.tvcf.co.kr/920561,OCT_231103
home_appliance,전기전자,LG전자,"가전구독의 정석, LG UP 가전 2.0",2023-10-04,https://play.tvcf.co.kr/920575,OCT_231103
construction_realestate,아파트/건설,LG 스마트코티지,Step into the LG Smart Cottage,2023-10-04,https://play.tvcf.co.kr/920570,OCT_231103
finance,금융/보험,하나은행 하나연금닥터,"이사는 평수를 바꿀 뿐, 이전은 평생을 바꾼다.",2023-10-04,https://play.tvcf.co.kr/920568,OCT_231103
fnb,식품/제과,종가집 김치,"기대해, 김치의 새로운 시대를",2023-10-04,https://play.tvcf.co.kr/920580,OCT_231103
beauty,화장품,아이소이,민낯을 드러내자,2023-10-04,https://play.tvcf.co.kr/919826,OCT_231103
public_gov,관공서/단체,서울관광재단,"Seoul, make it yours",2023-10-04,https://play.tvcf.co.kr/920572,OCT_231103
fnb,식품/제과,배스킨라빈스,2023 그래이맛 어워드,2023-10-04,https://play.tvcf.co.kr/920700,OCT_231103
finance,금융/보험,라이나생명보험,이젠 암보험도 나답게. 라이나 답게.,2023-10-04,https://play.tvcf.co.kr/920011,OCT_231103
beauty,화장품,더랩바이블랑두,"하이 유저들이 검증한 속촉함, 직접 경험하세요.",2023-10-04,https://play.tvcf.co.kr/920657,OCT_231103
fashion,패션/스포츠,뉴발란스 액티브 다운,"어떤 겨울이든, 뉴발란스 다운",2023-10-04,https://play.tvcf.co.kr/920567,OCT_231103
public_gov,관공서/단체,한국에너지공단,"지구를 살리는 에센스, 당신의 에너지 센스.",2023-10-05,https://play.tvcf.co.kr/920877,OCT_231103
fashion,패션/스포츠,팬암,"팬암, 여행을 입다",2023-10-05,https://play.tvcf.co.kr/920886,OCT_231103
beauty,화장품,유세린 이븐래디언스 듀오 앰플,2 STEP 앰플로 2주만에 확실하게.,2023-10-05,https://play.tvcf.co.kr/920948,OCT_231103
home_living,생활/가정용품,오랄비 iO 10,집에서도 프로페셔널한 케어,2023-10-05,https://play.tvcf.co.kr/920774,OCT_231103
telecom,정보통신,넷플릭스,당황한 당신의 사랑스런 구원자,2023-10-05,https://play.tvcf.co.kr/920291,OCT_231103
fnb,식품/제과,교촌치킨,이것이 소스 맛이 고르게 배는 황금률이니까,2023-10-05,https://play.tvcf.co.kr/920776,OCT_231103
retail,서비스/유통/레저,CJ대한통운 더운반,"화물도 물류니까, 전문가에게.",2023-10-06,https://play.tvcf.co.kr/920786,OCT_231103
telecom,정보통신,LG유플러스 아이폰 15 Pro,"10월 13일, 일상의 프레임이 바뀔거야",2023-10-06,https://play.tvcf.co.kr/921006,OCT_231103
retail,서비스/유통/레저,HMG 드라이빙 익스피리언스,우리 가족의 새로운 여행스팟,2023-10-06,https://play.tvcf.co.kr/921033,OCT_231103
corporate_pr,기업PR,포스코,"철에는 판타지가 있다, 포스코",2023-10-06,https://play.tvcf.co.kr/921029,OCT_231103
fashion,패션/스포츠,밀레 콜드제로 다운자켓,밀레만의 공법으로 겨울의 틈을 막다,2023-10-06,https://play.tvcf.co.kr/921009,OCT_231103
home_living,생활/가정용품,마테라소,"좋은 잠을 찾아서, 마테라소",2023-10-06,https://play.tvcf.co.kr/921040,OCT_231103
public_gov,관공서/단체,질병관리청,1년에 한번 날 위한 백신 접종,2023-10-07,https://play.tvcf.co.kr/921017,OCT_231103
telecom,정보통신,원신,Feel the impact,2023-10-07,https://play.tvcf.co.kr/921018,OCT_231103
healthcare_pharma,제약/의료/복지,순수식품 rTG 알티지 오메가3 식물성캡슐,싸다 좋다 순수식품,2023-10-07,https://play.tvcf.co.kr/921013,OCT_231103
fnb,식품/제과,불닭볶음면,Play Buldak,2023-10-07,https://play.tvcf.co.kr/921005,OCT_231103
healthcare_pharma,제약/의료/복지,모더나,Vaccine for now,2023-10-07,https://play.tvcf.co.kr/921024,OCT_231103
home_appliance,전기전자,경동나비엔 콘덴싱 ON AI,동시에 써도 일정한 온수온도,2023-10-07,https://play.tvcf.co.kr/921016,OCT_231103
finance,금융/보험,한국투자증권,잘 노는 애들이 잘 버는 세상,2023-10-08,https://play.tvcf.co.kr/921068,OCT_231103
home_appliance,전기전자,컴투스프로야구,"올 가을에도, 야구를 대신 할 수 있는 건 야구밖에 없다",2023-10-08,https://play.tvcf.co.kr/921043,OCT_231103
corporate_pr,기업PR,SK엔무브,SK enmove가 응원합니다.,2023-10-09,https://play.tvcf.co.kr/920708,OCT_231103
education,출판/교육/문화,KBS,"사랑합니다, 한글",2023-10-09,https://play.tvcf.co.kr/921044,OCT_231103
healthcare_pharma,제약/의료/복지,프롬바이오 디어퀸,passion. beauty inside. Dear. Queen.,2023-10-09,https://play.tvcf.co.kr/921051,OCT_231103
telecom,정보통신,퀸잇,스타일을 더 버라이어티하게,2023-10-09,https://play.tvcf.co.kr/921049,OCT_231103
home_appliance,전기전자,엡손 라벨프린터,꿋꿋한 결심은 엡손 라벨프린터와 함께,2023-10-10,https://play.tvcf.co.kr/921126,OCT_231103
telecom,정보통신,삼성 헬스,Motivate your family with Samsung Health,2023-10-01,https://play.tvcf.co.kr/921004,OCT_231103
beauty,화장품,에스트라 리제덤,민감피부엔 캡슐로 끌어올리는 모공장벽탄력,2023-10-04,https://play.tvcf.co.kr/920956,OCT_231103
telecom,정보통신,KT Y,"티타늄 아이폰15프로, 20대 y에게 오다",2023-10-06,https://play.tvcf.co.kr/921210,OCT_231103
retail,서비스/유통/레저,카카오T 퀵,세상 모든 물건의 이동,2023-10-01,https://play.tvcf.co.kr/921227,OCT_231103
home_appliance,전기전자,LG 틔운,감성이 자란다,2023-10-11,https://play.tvcf.co.kr/921381,OCT_231103
healthcare_pharma,제약/의료/복지,아큐브 오아시스 원데이,하루종일 촉촉한 디지털 라이프,2023-10-11,https://play.tvcf.co.kr/921380,OCT_231103
corporate_pr,기업PR,SK지오센트릭,무한자원 크리에이터,2023-10-12,https://play.tvcf.co.kr/921373,OCT_231103
fnb,식품/제과,코만스,"떠올리고 싶은 맛, 코만스",2023-10-11,https://play.tvcf.co.kr/921329,OCT_231103
fnb,식품/제과,바른치킨,바삭함이 남다른 치킨,2023-10-02,https://play.tvcf.co.kr/921322,OCT_231103
automotive,자동차/정유,포르쉐 타이칸,타이칸은 나의 드림카 그 자체입니다,2023-10-11,https://play.tvcf.co.kr/921387,OCT_231103
home_appliance,전기전자,어둠의전설,어둠으로 돌아와,2023-10-12,https://play.tvcf.co.kr/921399,OCT_231103
beauty,화장품,CJ 올리브영,"나이를 언제 먹냐고? 생일? 새해?
아니? 지금도.",2023-10-01,https://play.tvcf.co.kr/920551,OCT_231103
beverage_alcohol,음료/기호식품,카스,"우린 친해진다, 잔을 맞댄 이 시간부터",2023-10-01,https://play.tvcf.co.kr/920393,OCT_231103
telecom,정보통신,잡코리아,정말 이러깁니까? 정말 원픽하고 1억이냐구요,2023-10-01,https://play.tvcf.co.kr/920373,OCT_231103
healthcare_pharma,제약/의료/복지,임팩타민,임팩타민에 대한 알 권리,2023-10-02,https://play.tvcf.co.kr/919001,OCT_231103
finance,금융/보험,KDB산업은행,미래는 지금 KDB산업은행에서 잘 크고 있습니다,2023-10-04,https://play.tvcf.co.kr/920643,OCT_231103
fnb,식품/제과,보노,함께하는 이 아침보다 따뜻한 순간은 없으니까,2023-10-05,https://play.tvcf.co.kr/920660,OCT_231103
telecom,정보통신,SK텔레콤 아이폰 15 Pro,"소문이 퍼지고 있다는 것은, 새로운 아이폰을 만날 시간이 되었다는 것",2023-10-06,https://play.tvcf.co.kr/921008,OCT_231103
retail,서비스/유통/레저,유아왓유잇,"당신이 먹는 것, 곧 당신이 된다",2023-10-06,https://play.tvcf.co.kr/920999,OCT_231103
fnb,식품/제과,빙그레,"건강하게 맛있게, 밥과 간식의 목표는 하나.",2023-10-10,https://play.tvcf.co.kr/921123,OCT_231103
fashion,패션/스포츠,K2 씬에어 슈퍼라이트,겨울옷이 여름 옷만큼 가벼울 수 있을까?,2023-10-12,https://play.tvcf.co.kr/921482,OCT_231103
home_appliance,전기전자,코웨이,안마의자를 넘어 디자인 체어,2023-10-13,https://play.tvcf.co.kr/921473,OCT_231103
beverage_alcohol,음료/기호식품,처음처럼 새로,소주 돌잔치는 도대체 어떻게 하는 거예요?,2023-10-12,https://play.tvcf.co.kr/921421,OCT_231103
fnb,식품/제과,맥도날드,빅맥과 베이컨의 맛있는 만남!,2023-10-12,https://play.tvcf.co.kr/921451,OCT_231103
beverage_alcohol,음료/기호식품,켈리,맞았다! 해풍을 맞아 부드러운 덴마크 맥아를,2023-10-13,https://play.tvcf.co.kr/921614,OCT_231103
corporate_pr,기업PR,삼성 에코 프렌즈,"Be Unique, Make it Different",2023-10-13,https://play.tvcf.co.kr/921651,OCT_231103
beauty,화장품,로레알 라로슈포제,내 삶을 바꾼 #인생시카,2023-10-04,https://play.tvcf.co.kr/921643,OCT_231103
education,출판/교육/문화,sbs 파워fm,"라디오 온, 파워 업!",2023-10-12,https://play.tvcf.co.kr/921469,OCT_231103
finance,금융/보험,KB손해보험 다이렉트,"KB답게, 금융적으로",2023-10-13,https://play.tvcf.co.kr/921662,OCT_231103
home_appliance,전기전자,삼성 SSD,This is our drive,2023-10-13,https://play.tvcf.co.kr/921663,OCT_231103
home_living,생활/가정용품,락앤락,락앤락은 온 통 신선,2023-10-12,https://play.tvcf.co.kr/921678,OCT_231103
fashion,패션/스포츠,네파 스위치다운,"자꾸만 Switch 하고 싶은 계절, 네파 스위치다운",2023-10-13,https://play.tvcf.co.kr/921457,OCT_231103
automotive,자동차/정유,KG모빌리티,Go Different,2023-10-11,https://play.tvcf.co.kr/921284,OCT_231103
telecom,정보통신,KT 아이폰 15 Pro,"전에 없던 새로움으로, Y에게 오다",2023-10-13,https://play.tvcf.co.kr/921754,OCT_231103
telecom,정보통신,LG유플러스 아이폰 15 Pro,아이폰 15 PRO를 위해 프레임을 바꾼 유플러스만의 헤택,2023-10-13,https://play.tvcf.co.kr/921762,OCT_231103
education,출판/교육/문화,아소비,🎵소비 소비 아소비,2023-10-13,https://play.tvcf.co.kr/921763,OCT_231103
telecom,정보통신,삼성 갤럭시,뻔한 생각을 접는다,2023-10-12,https://play.tvcf.co.kr/921766,OCT_231103
fnb,식품/제과,한우자조금,"진심을 담다, 한우",2023-10-15,https://play.tvcf.co.kr/921771,OCT_231103
public_gov,관공서/단체,공익광고협의회,"급할수록, 알죠? 5초만",2023-10-14,https://play.tvcf.co.kr/921776,OCT_231103
home_appliance,전기전자,LG 코드제로 R9 / M9,"로봇청소기. 알(R)면 알수록, 무(M)조건.
LG 코드제로 R9 M9.",2023-10-16,https://play.tvcf.co.kr/921775,OCT_231103
finance,금융/보험,iM뱅크,"심플하게 시작하자, Im뱅크",2023.10.01,https://play.tvcf.co.kr/921731,OCT_231103
fashion,패션/스포츠,컬럼비아,"winter changer, 인터체인지 자켓",2023.10.06,https://play.tvcf.co.kr/921735,OCT_231103
healthcare_pharma,제약/의료/복지,화이투벤,화이투벤이 끝내버렸다,2023.10.06,https://play.tvcf.co.kr/921772,OCT_231103
beverage_alcohol,음료/기호식품,처음처럼 새로,"소주의 새로화, 새로",2023.10.16,https://play.tvcf.co.kr/921806,OCT_231103
telecom,정보통신,웨이브,요즘은 웨이브봄,2023.10.11,https://play.tvcf.co.kr/921807,OCT_231103
telecom,정보통신,롯데ON,프리미엄 쇼핑을 켜다,2023.10.16,https://play.tvcf.co.kr/921818,OCT_231103
healthcare_pharma,제약/의료/복지,프롬바이오 디어퀸,beauty inside,2023.10.16,https://play.tvcf.co.kr/921850,OCT_231103
retail,서비스/유통/레저,타이완 관광청,나는 대만족입니다,2023.10.16,https://play.tvcf.co.kr/921852,OCT_231103
home_appliance,전기전자,귀뚜라미,"귀뚜라미, 잘 쓰고 있습니다",2023.10.16,https://play.tvcf.co.kr/921853,OCT_231103
telecom,정보통신,LG유플러스,통신이 쉽다,2023.10.16,https://play.tvcf.co.kr/921849,OCT_231103
telecom,정보통신,SK텔레콤 아이폰 15 Pro,"세상의 모든 소문, 티타늄으로 잠재우다",2023.10.16,https://play.tvcf.co.kr/921851,OCT_231103
fashion,패션/스포츠,볼빅,VIC Picture,2023.10.16,https://play.tvcf.co.kr/921825,OCT_231103
fnb,식품/제과,빼빼로,우리 마음 빼빼로로 말해요,2023.10.16,https://play.tvcf.co.kr/921892,OCT_231103
healthcare_pharma,제약/의료/복지,미니막스 랩 눈 솔루션 블루베리맛,아이 전문 EYE 전문,2023.10.16,https://play.tvcf.co.kr/921911,OCT_231103
construction_realestate,아파트/건설,위파크 더 원,"위파크 더 원을 만난다는 건, 모든걸 갖게 된다는 것",2023.10.13,https://play.tvcf.co.kr/921921,OCT_231103
fashion,패션/스포츠,와이드앵글,"시작, 남다른 앵글로",2023.10.16,https://play.tvcf.co.kr/921950,OCT_231103
fashion,패션/스포츠,파리게이츠,내가 가장 빛나는 시간,2023.10.16,https://play.tvcf.co.kr/921960,OCT_231103
home_appliance,전기전자,세라젬,"세라젬, 해볼 수 밖에",2023.10.16,https://play.tvcf.co.kr/921845,OCT_231103
healthcare_pharma,제약/의료/복지,뉴트리원라이프 비비랩,아름다움의 기초체력을 만드는 뷰티밸런스,2023.10.16,https://play.tvcf.co.kr/921940,OCT_231103
fnb,식품/제과,첫맛 만능 멸치육수,첫맛 멸치육수,2023.10.16,https://play.tvcf.co.kr/921928,OCT_231103
healthcare_pharma,제약/의료/복지,덴티움,당신의 치과의사는 안다,2023.10.01,https://play.tvcf.co.kr/921966,OCT_231103
fnb,식품/제과,쉬즈베이글,내식대로 브먹,2023.10.01,https://play.tvcf.co.kr/921969,OCT_231103
fashion,패션/스포츠,K2 씬에어 에이스,다운의 레벨업,2023.10.17,https://play.tvcf.co.kr/922003,OCT_231103
fnb,식품/제과,일품 양평해장국,양평해장국창업은 일품이죠,2023.10.06,https://play.tvcf.co.kr/922053,OCT_231103
finance,금융/보험,NH농협은행,"마음까지 예쁜 은행, NH농협은행",2023.10.17,https://play.tvcf.co.kr/922051,OCT_231103
healthcare_pharma,제약/의료/복지,트랜스킨,아름다운 빛을 만나다,2023.10.18,https://play.tvcf.co.kr/922176,OCT_231103
home_living,생활/가정용품,쏘피,쏘피 쏘핏,2023.10.01,https://play.tvcf.co.kr/922090,OCT_231103
telecom,정보통신,스브스프리미엄 스프,읽을수록 똑똑해지는 지식뉴스,2023.10.18,https://play.tvcf.co.kr/922186,OCT_231103
healthcare_pharma,제약/의료/복지,글루어트,인생 마지막 다이어트,2023.10.18,https://play.tvcf.co.kr/922095,OCT_231103
fashion,패션/스포츠,아이더 스투키 다운,"보통의 스타일, 그보다 더",2023.10.16,https://play.tvcf.co.kr/921901,OCT_231103
home_living,생활/가정용품,덴티스테,다시 태어난 것 같은 상쾌함,2023.10.19,https://play.tvcf.co.kr/922185,OCT_231103
telecom,정보통신,KBS플러스,"KBS의 과거, 현재 프로를 손안에서",2023.10.19,https://play.tvcf.co.kr/922253,OCT_231103
automotive,자동차/정유,현대모비스,넌 어떤 자동차를 타게 될까?,2023.10.19,https://play.tvcf.co.kr/922257,OCT_231103
fnb,식품/제과,스텔라떡볶이,스텔라 맛있다,2023.10.19,https://play.tvcf.co.kr/922255,OCT_231103
education,출판/교육/문화,한일여자고등학교,"열여섯, 네 인생을 바꿀 선택",2023-10-17,https://play.tvcf.co.kr/922252,OCT_231103
telecom,정보통신,삼성 갤럭시 워치6,"Now, It's your turn",2023-10-20,https://play.tvcf.co.kr/922241,OCT_231103
telecom,정보통신,KT,이 모든 혜택을 다 가질 기회!,2023-10-18,https://play.tvcf.co.kr/922277,OCT_231103
healthcare_pharma,제약/의료/복지,레이델 폴리코사놀 20,"콜레스테롤과 혈압, 이제 동시에 챙기세요",2023-10-19,https://play.tvcf.co.kr/922283,OCT_231103
construction_realestate,아파트/건설,브라이튼 N40,눈 부신 삶의 가치를 아는 당신에게,2023-10-19,https://play.tvcf.co.kr/922280,OCT_231103
beauty,화장품,MAC NEW 스튜디오 래디언스 세럼광 파운데이션,이전에 없던 새로운 글로우,2023-10-19,https://play.tvcf.co.kr/922286,OCT_231103
beverage_alcohol,음료/기호식품,레드불,작은 날개짓으로부터 세상은 움직이니까,2023-10-19,https://play.tvcf.co.kr/922294,OCT_231103
public_gov,관공서/단체,근로복지공단,푸른씨앗으로 갈아타십시오,2023-10-18,https://play.tvcf.co.kr/922303,OCT_231103
fnb,식품/제과,고양 가와지쌀,5천년을 이어온 밥맛의 역사. 고양의 맛 가와지쌀.,2023-10-18,https://play.tvcf.co.kr/922177,OCT_231103
home_appliance,전기전자,LG 디오스 오브제컬렉션 김치톡톡,"미식을 위한 전문보관, 김치톡톡",2023-10-20,https://play.tvcf.co.kr/922417,OCT_231103
fnb,식품/제과,순하군 안성탕면,순한게 참 맛있네,2023-10-20,https://play.tvcf.co.kr/922415,OCT_231103
fnb,식품/제과,마왕족발,"지금 바로 시켜라, 마왕족발",2023-10-20,https://play.tvcf.co.kr/922421,OCT_231103
fnb,식품/제과,The미식 국물요리,맛집의 고집 그대로,2023-10-21,https://play.tvcf.co.kr/922427,OCT_231103
fashion,패션/스포츠,네파 아르테,겨울에만 만날 수 있는 내가 있다,2023-10-25,https://play.tvcf.co.kr/922425,OCT_231103
healthcare_pharma,제약/의료/복지,이보ICL,1 Choice for life,2023-10-18,https://play.tvcf.co.kr/922440,OCT_231103
fnb,식품/제과,삼립호빵,이게 겨울의 맛이지!,2023-10-16,https://play.tvcf.co.kr/922475,OCT_231103
education,출판/교육/문화,MBC 항저우 아시안 패러게임,일주일간 펼쳐질 또 한번의 여정,2023-10-23,https://play.tvcf.co.kr/922487,OCT_231103
retail,서비스/유통/레저,국립생태원,우리의 생태로움은 관심이다,2023-10-23,https://play.tvcf.co.kr/922485,OCT_231103
telecom,정보통신,삼성 갤럭시 워치6,your day starts at night,2023-10-19,https://play.tvcf.co.kr/922482,OCT_231103
public_gov,관공서/단체,경기청년 기회사다리금융,너 하고 싶은 거 다 해,2023-10-23,https://play.tvcf.co.kr/922495,OCT_231103
fnb,식품/제과,포스트 에너지바,"영양, 에너지를 한번에 스마트하게",2023-10-24,https://play.tvcf.co.kr/922503,OCT_231103
corporate_pr,기업PR,현대자동차그룹,"이제, 부산도 준비 되었습니다.",2023-10-09,https://play.tvcf.co.kr/922534,OCT_231103
beauty,화장품,이니스프리 콜라겐 그린티 탄력장벽 크림,탄력장벽 91% 상승,2023-10-23,https://play.tvcf.co.kr/922535,OCT_231103
home_living,생활/가정용품,탱탱 아이클레이,상상하는 모든 것을 만들어보세요,2023-10-01,https://play.tvcf.co.kr/922565,OCT_231103
automotive,자동차/정유,현대자동차 현대 인증중고차,"시작합니다, 또 하나의 현대자동차",2023-10-24,https://play.tvcf.co.kr/922600,OCT_231103
finance,금융/보험,신한은행 보이스피싱 제로 캠페인,당신의 잘못이 아닙니다. 누구에게나 일어날 수 있는 일이니까.,2023-10-24,https://play.tvcf.co.kr/922601,OCT_231103
home_appliance,전기전자,SK매직 올클린 The Art 공기청정기,청정한 공기가 공간까지 예술로 만들어줄 순 없을까?,2023-10-01,https://play.tvcf.co.kr/922582,OCT_231103
public_gov,관공서/단체,유니세프,나눔은  떠난 뒤에 시작되지만 나눔의 기쁨은 지금부터 시작됩니다,2023-10-23,https://play.tvcf.co.kr/922567,OCT_231103
retail,서비스/유통/레저,아난티,"놀랄일도 아니죠, 아난티니까",2023-10-06,https://play.tvcf.co.kr/922589,OCT_231103
retail,서비스/유통/레저,케이카,노하우의 차이가 중고차의 차이,2023-10-19,https://play.tvcf.co.kr/922626,OCT_231103
telecom,정보통신,웨이브,이불 돌돌 말고 뭐봄?,2023-10-25,https://play.tvcf.co.kr/922630,OCT_231103
fnb,식품/제과,배스킨라빈스,배라와 티니핑이 드디어 만났어 츄~,2023-10-25,https://play.tvcf.co.kr/922640,OCT_231103
healthcare_pharma,제약/의료/복지,안국건강 아이메가 rTG 오메가3 미니,오메~ 작고 신선해,2023-10-01,https://play.tvcf.co.kr/922634,OCT_231103
public_gov,관공서/단체,2023년 농업.농촌 가치확산 캠페인,줏대있게 잡(job)으세요,2023-10-13,https://play.tvcf.co.kr/922637,OCT_231103
home_appliance,전기전자,리니지 W,그게 바로 승부사가 사는 법이니까,2023-10-25,https://play.tvcf.co.kr/922642,OCT_231103
healthcare_pharma,제약/의료/복지,셀티아이,유산균 먹은 티나게!,2023-10-25,https://play.tvcf.co.kr/922644,OCT_231103
education,출판/교육/문화,KBS,여기는. 대한민국 경상북도 울릉군 울릉읍 독도리.,2023-10-25,https://play.tvcf.co.kr/922764,OCT_231103
home_living,생활/가정용품,일룸,"생활이 창작이 되는 곳, 일룸",2023-10-26,https://play.tvcf.co.kr/922656,OCT_231103
home_appliance,전기전자,뉴즈미,초밀도 탄력샷으로 만나는 인생탄력,2023-10-26,https://play.tvcf.co.kr/922680,OCT_231103
telecom,정보통신,애플워치9,"손끝을 톡톡, 시계를 척척.",2023-10-25,https://play.tvcf.co.kr/922756,OCT_231103
home_appliance,전기전자,다이슨 에어스트레이트,젖은 모발에 드라이와 스트레이트를 동시에,2023-10-25,https://play.tvcf.co.kr/922761,OCT_231103
beauty,화장품,마몽드,줄어라 SHRINK!,2023-10-26,https://play.tvcf.co.kr/922830,OCT_231103
beverage_alcohol,음료/기호식품,맥심 화이트골드,"몇시든 눈뜨고 일어나 마시면, 그게 모닝커피",2023-10-26,https://play.tvcf.co.kr/922925,OCT_231103
fashion,패션/스포츠,캘러웨이 어패럴,The journey never ends,2023-10-19,https://play.tvcf.co.kr/922864,OCT_231103
education,출판/교육/문화,SBS 항저우 장애인 아시안게임,열정을 이어갈 또 하나의 축제,2023-10-26,https://play.tvcf.co.kr/922933,OCT_231103
fashion,패션/스포츠,콜핑 구스 다운 아이벨,내 마음을 힛 내 패션에 핏,2023-10-26,https://play.tvcf.co.kr/922934,OCT_231103
public_gov,관공서/단체,인천광역시,"인천의 꿈, 대한민국의 미래",2023-10-26,https://play.tvcf.co.kr/922938,OCT_231103
home_appliance,전기전자,삼성 갤럭시 버즈 FE,My Favorite Buds,2023-10-26,https://play.tvcf.co.kr/922937,OCT_231103
public_gov,관공서/단체,서울경찰청,마약 NO EXIT,2023-10-26,https://play.tvcf.co.kr/922941,OCT_231103
home_living,생활/가정용품,로얄베르겐,놓치지않을 케어,2023-10-26,https://play.tvcf.co.kr/922942,OCT_231103
telecom,정보통신,더 중앙플러스,세상 모든 인사이트를 Full러스하다,2023-10-11,https://play.tvcf.co.kr/922967,OCT_231103
home_appliance,전기전자,LG ThinQ,놀랍게도. 당신의 가전 상태를 통역.,2023-10-11,https://play.tvcf.co.kr/922969,OCT_231103
automotive,자동차/정유,The new K5,지금은 K5 Generation,2023-10-27,https://play.tvcf.co.kr/923061,OCT_231103
telecom,정보통신,넷플릭스,요즘 넷플 뭐봄,2023-10-27,https://play.tvcf.co.kr/923055,OCT_231103
public_gov,관공서/단체,구세군,당신이 구세군입니다,2023-10-26,https://play.tvcf.co.kr/922943,OCT_231103
public_gov,관공서/단체,KBS 캠페인,우리를 위해 모두를 위해,2023-10-28,https://play.tvcf.co.kr/923066,OCT_231103
retail,서비스/유통/레저,메디컬오 스위트,"Love, your life",2023-10-30,https://play.tvcf.co.kr/922975,OCT_231103
fashion,패션/스포츠,웰메이드,출근길이 에베레스트 처럼 느껴질 땐,2023-10-27,https://play.tvcf.co.kr/923087,OCT_231103
finance,금융/보험,한화생명,"생명의 혁신, 오직 한화생명으로부터",2023-10-30,https://play.tvcf.co.kr/923187,OCT_231103
beverage_alcohol,음료/기호식품,카누,지금. 바로. 여기.,2023-10-30,https://play.tvcf.co.kr/923185,OCT_231103
public_gov,관공서/단체,그린피스,"그린피스, 꿀벌식당",2023-10-30,https://play.tvcf.co.kr/923120,OCT_231103
automotive,자동차/정유,제네시스 GV80 COUPE,"유려한 이끌림, 매혹적인 선으로부터",2023-10-27,https://play.tvcf.co.kr/923133,OCT_231103
finance,금융/보험,신한은행,"신비한, 신기한 은행",2023-10-27,https://play.tvcf.co.kr/923203,OCT_231103
home_living,생활/가정용품,덴티스테 안티캐비티,"거품없이, 상쾌하게",2023-10-31,https://play.tvcf.co.kr/923198,OCT_231103
home_living,생활/가정용품,모던하우스,크리스마스가 가장 먼저 오는 모던하우스,2023-10-28,https://play.tvcf.co.kr/923197,OCT_231103
beverage_alcohol,음료/기호식품,핫초코 미떼,"찬바람 불 때, 핫초코 미떼",2023-10-31,https://play.tvcf.co.kr/923231,OCT_231103
telecom,정보통신,리니지 W,"당신의 소원, 당신의 여정이. 앞으로도 축복으로 빛나도록.",2023-10-31,https://play.tvcf.co.kr/923241,OCT_231103
home_living,생활/가정용품,삼성 BESPOKE 제트 AI 청소기 장난감,"엄마는 제트 청소기, 아이는 제트 장난감",2023-10-31,https://play.tvcf.co.kr/923308,OCT_231103
retail,서비스/유통/레저,갤러리케이,가지마 예술이 오라고 해,2023-10-26,https://play.tvcf.co.kr/922932,OCT_231103
automotive,자동차/정유,현대자동차,I'm DOgNOR,2023-10-20,https://play.tvcf.co.kr/923551,OCT_231103
corporate_pr,기업PR,DB금융네트워크,한 사람 한 사람을 위한 금융,2024-10-01,https://play.tvcf.co.kr/960516,Oct_241110
beauty,화장품,CJ 올리브영,How slow are you?,2024-10-01,https://play.tvcf.co.kr/960647,Oct_241110
home_appliance,전기전자,휴렉,잔여물 없이 미생물로 분해되는 휴렉의 음쓰 레시피,2024-10-01,https://play.tvcf.co.kr/960567,Oct_241110
corporate_pr,기업PR,현대자동차그룹,세상의 모든 길에 함께하겠습니다,2024-10-01,https://play.tvcf.co.kr/960727,Oct_241110
home_appliance,전기전자,퍼플,Wanna PURPLAY?,2024-10-01,https://play.tvcf.co.kr/960642,Oct_241110
education,출판/교육/문화,파주운정가구단지 가구박람회,품격있는 가구로 공간을 채워보세요,2024-10-01,https://play.tvcf.co.kr/960517,Oct_241110
public_gov,관공서/단체,태권도장 활성화 캠페인,태권도가 한다,2024-10-01,https://play.tvcf.co.kr/960514,Oct_241110
home_living,생활/가정용품,크리스피바바,"결국은 양모로, 양모는 바바로. 크리스피 바바.",2024-10-01,https://play.tvcf.co.kr/960546,Oct_241110
healthcare_pharma,제약/의료/복지,콜대원 키즈,MOM을 위해 맘을 다해,2024-10-01,https://play.tvcf.co.kr/938695,Oct_241110
healthcare_pharma,제약/의료/복지,콜대원,증상별로 색다르게 콜대원,2024-10-01,https://play.tvcf.co.kr/958968,Oct_241110
beverage_alcohol,음료/기호식품,짐빔 하이볼,짐빔 하이볼 세계관 완성,2024-10-01,https://play.tvcf.co.kr/960525,Oct_241110
home_appliance,전기전자,이메텍,당신의 마음을 터치하는 놀라운 포근함,2024-10-01,https://play.tvcf.co.kr/960504,Oct_241110
fashion,패션/스포츠,유니클로 퍼프테크 아우터,공기를 품은 새로운 테크놀로지,2024-10-01,https://play.tvcf.co.kr/960461,Oct_241110
healthcare_pharma,제약/의료/복지,오트리빈 S,저는 이미 오트리빈S 했습니다,2024-10-01,https://play.tvcf.co.kr/960509,Oct_241110
fnb,식품/제과,오뚜기 진라면,진하게 끌린다,2024-10-01,https://play.tvcf.co.kr/960519,Oct_241110
beauty,화장품,에르메스 바레니아 오 퍼퓸,향기를 머금은 피부,2024-10-01,https://play.tvcf.co.kr/960507,Oct_241110
beverage_alcohol,음료/기호식품,스프라이트,"스프라이트 시켜, 매운맛 식혀",2024-10-01,https://play.tvcf.co.kr/951294,Oct_241110
healthcare_pharma,제약/의료/복지,센트룸,"건강, 이제 한 팩으로 맞추자",2024-10-01,https://play.tvcf.co.kr/959544,Oct_241110
corporate_pr,기업PR,삼양,앞으로의 100년도 삼양이 잘 키우겠습니다.,2024-10-01,https://play.tvcf.co.kr/960511,Oct_241110
fashion,패션/스포츠,삼성물산 갤럭시,"ELEGANCE is Timeless, GALAXY",2024-10-01,https://play.tvcf.co.kr/960654,Oct_241110
fashion,패션/스포츠,빈폴,익숙하게 다시 새롭게,2024-10-01,https://play.tvcf.co.kr/960774,Oct_241110
home_appliance,전기전자,린나이 울트라파인버블 보일러,"이제, 水준을 높일 시간",2024-10-01,https://play.tvcf.co.kr/960506,Oct_241110
healthcare_pharma,제약/의료/복지,레디어스,피부 속부터 채워 안에서 시작되는 변화,2024-10-01,https://play.tvcf.co.kr/960523,Oct_241110
home_living,생활/가정용품,다우니 초고농축 7일 지속 탈취파워,좋은 향기가 오래오래,2024-10-01,https://play.tvcf.co.kr/960513,Oct_241110
telecom,정보통신,넷플릭스,다시 게임에 참여하세요,2024-10-01,https://play.tvcf.co.kr/960586,Oct_241110
corporate_pr,기업PR,귀뚜라미그룹,대한민국 미래산업 속에 귀뚜라미가 있습니다,2024-10-01,https://play.tvcf.co.kr/960462,Oct_241110
public_gov,관공서/단체,국민건강보험 국가건강검진,잊지말고 건강하러 오세요,2024-10-01,https://play.tvcf.co.kr/960508,Oct_241110
home_appliance,전기전자,LG 디오스 오브제컬렉션 인덕션,DIOS 인덕션은 이런 거까지 가능,2024-10-01,https://play.tvcf.co.kr/960807,Oct_241110
beverage_alcohol,음료/기호식품,제임슨,"부드럽게 통하는 우리, MUST BE A JAMESON",2024-10-01,https://play.tvcf.co.kr/961559,Oct_241110
telecom,정보통신,넷플릭스,"10월, 넷플 뭐봄?",2024-10-01,https://play.tvcf.co.kr/960524,Oct_241110
fnb,식품/제과,가농바이오,"가농, 한국 최초 골든에그 수상",2024-10-01,https://play.tvcf.co.kr/962233,Oct_241110
beverage_alcohol,음료/기호식품,조아제약 화이트 샤이닝,너도 화샤해,2024-10-01,https://play.tvcf.co.kr/961761,Oct_241110
healthcare_pharma,제약/의료/복지,MSD 박스뉴반스,기억하세요. 백종원.,2024-10-01,https://play.tvcf.co.kr/960564,Oct_241110
home_appliance,전기전자,경동나비엔 숙면매트,대한민국 안심 숙면의 기술,2024-10-01,https://play.tvcf.co.kr/960530,Oct_241110
public_gov,관공서/단체,인천경찰청,AI 범죄 시대가 열렸습니다,2024-10-01,https://play.tvcf.co.kr/961043,Oct_241110
fashion,패션/스포츠,DOD,캠핑은 미쳤다,2024-10-02,https://play.tvcf.co.kr/960454,Oct_241110
public_gov,관공서/단체,한국장학재단 직업계고,먼저 만난 꿈 먼저 찾은 길,2024-10-02,https://play.tvcf.co.kr/960685,Oct_241110
finance,금융/보험,하나은행,🎵연금하면 하나은행,2024-10-02,https://play.tvcf.co.kr/960724,Oct_241110
fnb,식품/제과,청송군 청송사과,당신의 가을을 우아하게,2024-10-02,https://play.tvcf.co.kr/961099,Oct_241110
retail,서비스/유통/레저,이베이재팬,누구나 쉽고 빠르게 셀러가 될 수 있는 ebay에서 해외수출을 시작하세요,2024-10-02,https://play.tvcf.co.kr/960617,Oct_241110
finance,금융/보험,신한카드,"트래블카드의 한계, 또 한 번 뛰어넘다",2024-10-02,https://play.tvcf.co.kr/960600,Oct_241110
public_gov,관공서/단체,식품의약품안전처 마약근절 캠페인,마약이 없어 만약이 있다,2024-10-02,https://play.tvcf.co.kr/960835,Oct_241110
automotive,자동차/정유,렉서스,"경험의 가치를 아는 당신께, 한계를 넘은 놀라운 경험을",2024-10-02,https://play.tvcf.co.kr/961069,Oct_241110
home_living,생활/가정용품,페브리즈,다우니가 페브리즈 안에?,2024-10-02,https://play.tvcf.co.kr/960663,Oct_241110
home_appliance,전기전자,컴투스프로야구,"야구, 좋아합니다",2024-10-02,https://play.tvcf.co.kr/960538,Oct_241110
home_living,생활/가정용품,라이프펫,행복하고 트렌디한 펫들의 건강한 라이프 브랜드,2024-10-02,https://play.tvcf.co.kr/960612,Oct_241110
home_appliance,전기전자,귀뚜라미 카본매트 온돌,귀뚜라미는 지키겠습니다,2024-10-02,https://play.tvcf.co.kr/960677,Oct_241110
telecom,정보통신,구글플레이,꿈같은 혜택이 현실로,2024-10-02,https://play.tvcf.co.kr/960794,Oct_241110
public_gov,관공서/단체,한국승강기안전 캠페인,반려견은 안고 타기,2024-10-03,https://play.tvcf.co.kr/960714,Oct_241110
healthcare_pharma,제약/의료/복지,오뚜기 백세강황 플러스환,더 활기찬 하루를 위해,2024-10-03,https://play.tvcf.co.kr/960760,Oct_241110
automotive,자동차/정유,NEW 푸조 408,기술의 가장 예술적인 완성,2024-10-04,https://play.tvcf.co.kr/960741,Oct_241110
construction_realestate,아파트/건설,LX지인,창호의 새로운 뷰가 되다,2024-10-04,https://play.tvcf.co.kr/960737,Oct_241110
fnb,식품/제과,KFC,"오리지널 치킨, 버거로 재탄생",2024-10-04,https://play.tvcf.co.kr/960687,Oct_241110
fashion,패션/스포츠,탑텐 온에어,"편안하게, 따뜻하게, 부드럽게",2024-10-04,https://play.tvcf.co.kr/960739,Oct_241110
beverage_alcohol,음료/기호식품,짐빔 하이볼,진저 맛있는 짐빔 하이볼,2024-10-04,https://play.tvcf.co.kr/961180,Oct_241110
healthcare_pharma,제약/의료/복지,질병관리청 코로나19 백신,올 겨울 건강도 든든하게 지키세요,2024-10-04,https://play.tvcf.co.kr/960736,Oct_241110
home_living,생활/가정용품,세사리빙,"수면을 넘어 생활까지, 세이프",2024-10-04,https://play.tvcf.co.kr/960746,Oct_241110
telecom,정보통신,삼쩜삼,3.3의 행복,2024-10-04,https://play.tvcf.co.kr/961485,Oct_241110
healthcare_pharma,제약/의료/복지,박씨그리프테트라주,"독감 백신, 알면 알수록 박씨그리프테트라",2024-10-04,https://play.tvcf.co.kr/960738,Oct_241110
telecom,정보통신,LG유플러스 TV,이런 AI TV 유플러스는 기본이지,2024-10-04,https://play.tvcf.co.kr/962531,Oct_241110
fnb,식품/제과,식사이론,식사는 거짓말 하지 않는다,2024-10-04,https://play.tvcf.co.kr/960775,Oct_241110
fnb,식품/제과,피자먹다,1인 피자가 대세!,2024-10-05,https://play.tvcf.co.kr/960754,Oct_241110
home_living,생활/가정용품,질레트 파워,파워 ON 따가움 OFF,2024-10-05,https://play.tvcf.co.kr/960759,Oct_241110
public_gov,관공서/단체,수돗물홍보협의회,"가치있는 물, 같이 먹는 물 수돗물",2024-10-05,https://play.tvcf.co.kr/960755,Oct_241110
retail,서비스/유통/레저,청소특공대,회사가 더러울 땐? 청소특공대,2024-10-05,https://play.tvcf.co.kr/960753,Oct_241110
home_appliance,전기전자,Roubit,"Feel Near, Even When Far",2024-10-06,https://play.tvcf.co.kr/960748,Oct_241110
automotive,자동차/정유,렉서스,LEXUS AMAZING MEMBERS,2024-10-06,https://play.tvcf.co.kr/960780,Oct_241110
telecom,정보통신,KT,KT가 마이크로소프트와 함께 글로벌 경쟁력을 갖춘 K- AI 시대를 엽니다,2024-10-07,https://play.tvcf.co.kr/960686,Oct_241110
retail,서비스/유통/레저,티머니,이동이득 티머니고,2024-10-07,https://play.tvcf.co.kr/960786,Oct_241110
healthcare_pharma,제약/의료/복지,아주약품 올키,맛있는 영양제 올키 비타젤리,2024-10-07,https://play.tvcf.co.kr/960734,Oct_241110
home_appliance,전기전자,삼성전자,Your privacy. Secured.,2024-10-07,https://play.tvcf.co.kr/960788,Oct_241110
beauty,화장품,라네즈,THE JIN-IUS OF CREAM SKIN,2024-10-07,https://play.tvcf.co.kr/960808,Oct_241110
telecom,정보통신,대다모,탈모는 대다모,2024-10-07,https://play.tvcf.co.kr/961012,Oct_241110
fnb,식품/제과,빼빼로,전세계 모두가 빼빼로로 마음을 나눠요,2024-10-07,https://play.tvcf.co.kr/962659,Oct_241110
home_appliance,전기전자,삼성전자,삼성 Knox 보안으로 여러분의 개인 정보를 안전하게.,2024-10-07,https://play.tvcf.co.kr/962823,Oct_241110
beverage_alcohol,음료/기호식품,백세주,어른이 된 청춘을 위해 다시 태어나다,2024-10-07,https://play.tvcf.co.kr/960880,Oct_241110
education,출판/교육/문화,SBS 고릴라,"대한민국 1등 라디오, SBS",2024-10-08,https://play.tvcf.co.kr/961080,Oct_241110
telecom,정보통신,KT,사장님들~ 으랏차차 하세요!,2024-10-08,https://play.tvcf.co.kr/946958,Oct_241110
healthcare_pharma,제약/의료/복지,CJ 바이오코어,500억으로 부티나는 장건강 케어,2024-10-08,https://play.tvcf.co.kr/962007,Oct_241110
home_appliance,전기전자,휴플러스 커브건,이제는 커브건의 시대,2024-10-08,https://play.tvcf.co.kr/961082,Oct_241110
retail,서비스/유통/레저,쿠팡,마음이 나눠질수록 더 큰 행복이 되어 돌아옵니다.,2024-10-08,https://play.tvcf.co.kr/961018,Oct_241110
beverage_alcohol,음료/기호식품,새로,제로슈거로 산뜻하고 부드러운 새로,2024-10-08,https://play.tvcf.co.kr/960996,Oct_241110
fashion,패션/스포츠,블랙야크,차가운 바람에도 설레는 겨울,2024-10-08,https://play.tvcf.co.kr/961067,Oct_241110
beauty,화장품,무지개맨션,Change the rose,2024-10-08,https://play.tvcf.co.kr/961587,Oct_241110
finance,금융/보험,라이나생명 무배당 전에 없던 치매간병보험,요즘 부모님들은,2024-10-08,https://play.tvcf.co.kr/961076,Oct_241110
education,출판/교육/문화,경기글로벌대전환포럼,경기도와 세계 석학이 모여 그 답을 찾다,2024-10-08,https://play.tvcf.co.kr/961081,Oct_241110
education,출판/교육/문화,경기글로벌대전환포럼,"천 번의 그리움 대신, AI로 만나세요",2024-10-08,https://play.tvcf.co.kr/961083,Oct_241110
fashion,패션/스포츠,탑텐 온에어,겨울엔 온에어.,2024-10-08,https://play.tvcf.co.kr/960792,Oct_241110
telecom,정보통신,대다모,"탈모의 답, 대다모",2024-10-08,https://play.tvcf.co.kr/961023,Oct_241110
healthcare_pharma,제약/의료/복지,질병관리청 코로나19 백신,삶의 모든 순간이 예방의 이유가 됩니다,2024-10-08,https://play.tvcf.co.kr/961074,Oct_241110
education,출판/교육/문화,KBS,오늘은 578돌 한글날입니다,2024-10-09,https://play.tvcf.co.kr/961156,Oct_241110
public_gov,관공서/단체,한국승강기안전 캠페인,내릴 때 카트 힘껏 밀기!,2024-10-09,https://play.tvcf.co.kr/961129,Oct_241110
education,출판/교육/문화,전국체육대회,아무것도 하지 않으면 아무 일도 일어나지 않는다,2024-10-09,https://play.tvcf.co.kr/961160,Oct_241110
home_living,생활/가정용품,잇치,It's my life. 잇치는 생활이다.,2024-10-09,https://play.tvcf.co.kr/961070,Oct_241110
beauty,화장품,이니스프리 그린티 수분크림,단숨에 수.분.평.정,2024-10-09,https://play.tvcf.co.kr/961460,Oct_241110
fashion,패션/스포츠,에코골프어패럴,ALWAYS ALL. LIGHT.,2024-10-09,https://play.tvcf.co.kr/961164,Oct_241110
finance,금융/보험,모햇,이것이 고수의 재테크,2024-10-09,https://play.tvcf.co.kr/960881,Oct_241110
fnb,식품/제과,hy 케어온 관절 토탈케어,"토탈 케어, 간단하게 끝!",2024-10-09,https://play.tvcf.co.kr/961971,Oct_241110
automotive,자동차/정유,BMW,소울메이트인 당신과 함께하는 순간,2024-10-10,https://play.tvcf.co.kr/961334,Oct_241110
home_living,생활/가정용품,휘슬러,만나보세요 가족을 위한 꿈의 쿡 웨어,2024-10-10,https://play.tvcf.co.kr/961567,Oct_241110
retail,서비스/유통/레저,페덱스,안전을 향한 가장 빠른 길,2024-10-10,https://play.tvcf.co.kr/961412,Oct_241110
automotive,자동차/정유,토요타,모두가 모터스포츠를 사랑하는 그날까지,2024-10-10,https://play.tvcf.co.kr/961380,Oct_241110
public_gov,관공서/단체,질병관리청 결핵 ZERO,"기침=신호, 검진=보호",2024-10-10,https://play.tvcf.co.kr/961328,Oct_241110
home_living,생활/가정용품,센소다인 컴플리트 프로텍션+,지금 새로운 올인원 민감성 케어 치약을 경험하세요,2024-10-10,https://play.tvcf.co.kr/961408,Oct_241110
fnb,식품/제과,맥도날드 맥런치 플러스 세트,할인에 할인을 더하다!,2024-10-10,https://play.tvcf.co.kr/961329,Oct_241110
telecom,정보통신,닥터나우,"아플 땐 나우, 닥터나우",2024-10-10,https://play.tvcf.co.kr/961347,Oct_241110
beverage_alcohol,음료/기호식품,기네스,SOME THINGS JUST BRING US TOGETHER,2024-10-10,https://play.tvcf.co.kr/961387,Oct_241110
public_gov,관공서/단체,금연캠페인,"전자담배, 전혀 괜찮지 않은 담배입니다",2024-10-10,https://play.tvcf.co.kr/961326,Oct_241110
education,출판/교육/문화,국립오페라단 탄호이저,바그너의 예술적 도전이 담긴 오페라,2024-10-10,https://play.tvcf.co.kr/961327,Oct_241110
beverage_alcohol,음료/기호식품,맥심 T.O.P,맥심 골목에서 만나요!,2024-10-10,https://play.tvcf.co.kr/962155,Oct_241110
telecom,정보통신,SK텔레콤 아이폰 16 Pro,Capture Your Benefit,2024-10-11,https://play.tvcf.co.kr/961474,Oct_241110
home_appliance,전기전자,SK매직 뉴미니 정수기,물이 지나는 모든 곳을 깨끗하게,2024-10-11,https://play.tvcf.co.kr/962047,Oct_241110
telecom,정보통신,SBS 지식플랫폼 스프,세상을 배우는 지식 구독 플랫폼,2024-10-11,https://play.tvcf.co.kr/961480,Oct_241110
corporate_pr,기업PR,NH농협,밥심으로 건강한 대한민국,2024-10-11,https://play.tvcf.co.kr/961582,Oct_241110
telecom,정보통신,KT 아이폰 16 Pro,"아이폰은 역시, KT",2024-10-11,https://play.tvcf.co.kr/962075,Oct_241110
education,출판/교육/문화,KBS,시대와 사람을 향한 세상의 모든 말과 글을 응원합니다,2024-10-11,https://play.tvcf.co.kr/961473,Oct_241110
finance,금융/보험,하나 Visa 트래블 GO,트래블카드의 G.O.A.T 탄생,2024-10-11,https://play.tvcf.co.kr/961924,Oct_241110
corporate_pr,기업PR,파이온시스템즈,FUSION AND INTELLIGENCE ON SYSTEMS,2024-10-11,https://play.tvcf.co.kr/961346,Oct_241110
finance,금융/보험,캐롯손해보험,자동차 보험의 모든 것. 캐럿 독점 제공.,2024-10-11,https://play.tvcf.co.kr/961570,Oct_241110
fashion,패션/스포츠,울시 듀스텍스,습관처럼 매일,2024-10-11,https://play.tvcf.co.kr/961479,Oct_241110
fnb,식품/제과,오뚜기 X.O.만두,엄마 눈엔 X.O만 보여요,2024-10-11,https://play.tvcf.co.kr/961450,Oct_241110
automotive,자동차/정유,아이오닉,알면 알수록 더 안심되는 아이오닉,2024-10-11,https://play.tvcf.co.kr/961456,Oct_241110
healthcare_pharma,제약/의료/복지,RSV 질환인식 캠페인,RSV가 당신의 소중한 일상을 멈출 수 있습니다.,2024-10-11,https://play.tvcf.co.kr/961470,Oct_241110
retail,서비스/유통/레저,이마트,"하나도 맞지 않는 우리지만, 하나는 틀림없이 맞다.
알아갈 수록 더 사랑하게 된다는 것.",2024-10-11,https://play.tvcf.co.kr/961418,Oct_241110
finance,금융/보험,우리은행,"퇴직연금, 우리로 넘어와",2024-10-12,https://play.tvcf.co.kr/961499,Oct_241110
education,출판/교육/문화,KBS 쿨 FM,뭐 좀 아는 사람들의 라디오,2024-10-14,https://play.tvcf.co.kr/961589,Oct_241110
fashion,패션/스포츠,K2 골든 K95 제니스,구스다운의 황금비율,2024-10-14,https://play.tvcf.co.kr/961591,Oct_241110
beverage_alcohol,음료/기호식품,한맥 엑스트라 크리미 生,As Smooth As Possible,2024-10-14,https://play.tvcf.co.kr/961645,Oct_241110
beauty,화장품,토리든,Connect to possitive Cycle,2024-10-14,https://play.tvcf.co.kr/961467,Oct_241110
fashion,패션/스포츠,컬럼비아,그 어떤 변화에도. 변함 없이.,2024-10-14,https://play.tvcf.co.kr/961466,Oct_241110
beauty,화장품,엠도씨,남자의 피부 반전,2024-10-14,https://play.tvcf.co.kr/961572,Oct_241110
finance,금융/보험,삼성금융네트웍스,퇴직할 때 가장 크게 웃도록 삼성금융 연금력을 가져보세요.,2024-10-14,https://play.tvcf.co.kr/961679,Oct_241110
fnb,식품/제과,그리팅,건강을 쉽게,2024-10-14,https://play.tvcf.co.kr/961517,Oct_241110
home_appliance,전기전자,FC 온라인,"세상에 없던 매치, 그 기적을 직관하라",2024-10-14,https://play.tvcf.co.kr/962094,Oct_241110
public_gov,관공서/단체,유니세프,"First in Last out, 가장 먼저-가장 마지막까지 어린이 곁에",2024-10-14,https://play.tvcf.co.kr/962257,Oct_241110
finance,금융/보험,신한금융그룹,어른도 기댈 곳이 필요하니까,2024-10-14,https://play.tvcf.co.kr/962346,Oct_241110
beverage_alcohol,음료/기호식품,짐빔 하이볼,"헤어지고 싶지 않은 맛, 짐빔 하이볼",2024-10-14,https://play.tvcf.co.kr/962966,Oct_241110
automotive,자동차/정유,현대자동차,현대자동차는 오늘도 달립니다. 1억보다 빛나는 당신과 함께.,2024-10-15,https://play.tvcf.co.kr/961956,Oct_241110
finance,금융/보험,삼성생명,"인생, 살수록 행복하게",2024-10-15,https://play.tvcf.co.kr/961734,Oct_241110
home_appliance,전기전자,삼성 갤럭시 탭 S10,당신의 능력을 높여줄 AI 탭 탄생,2024-10-15,https://play.tvcf.co.kr/961697,Oct_241110
fnb,식품/제과,맥도날드,쉐이크 러버 그리머스의 깜짝 등장,2024-10-15,https://play.tvcf.co.kr/961729,Oct_241110
fnb,식품/제과,매일야채,토마토 주스 1위!,2024-10-15,https://play.tvcf.co.kr/961702,Oct_241110
fashion,패션/스포츠,노스페이스 클라우드 눕시,구름을 입은 듯한 다른 차원의 착용감,2024-10-15,https://play.tvcf.co.kr/961735,Oct_241110
home_appliance,전기전자,노비타 슬림비데,비데가 슬림해졌다,2024-10-15,https://play.tvcf.co.kr/961686,Oct_241110
fnb,식품/제과,고메 소바바치킨,소리까지 바삭바삭,2024-10-15,https://play.tvcf.co.kr/962035,Oct_241110
public_gov,관공서/단체,농림수산식품교육문화정보원,"쌀쌀, 하다",2024-10-15,https://play.tvcf.co.kr/963310,Oct_241110
construction_realestate,아파트/건설,신광교 클라우드시티,진정한 하이엔드란 이런 것,2024-10-16,https://play.tvcf.co.kr/961831,Oct_241110
home_appliance,전기전자,삼성 갤럭시 버즈3 프로,Join the BUDZ CLUB,2024-10-16,https://play.tvcf.co.kr/961759,Oct_241110
healthcare_pharma,제약/의료/복지,지엘핏 다이어트,내가 바라던 핏,2024-10-16,https://play.tvcf.co.kr/962604,Oct_241110
finance,금융/보험,현대차증권,숫자만큼 사람을 봅니다,2024-10-17,https://play.tvcf.co.kr/961771,Oct_241110
healthcare_pharma,제약/의료/복지,알마 튠페이스,아무리 빛나는 순간도 멈추게할 순 없으니까,2024-10-17,https://play.tvcf.co.kr/962033,Oct_241110
beauty,화장품,샤넬 N°5,No.5 is the answer,2024-10-17,https://play.tvcf.co.kr/962010,Oct_241110
fnb,식품/제과,멕시카나치킨 치필링,늘어지는 건 힐링이니까,2024-10-17,https://play.tvcf.co.kr/962026,Oct_241110
fnb,식품/제과,노랑통닭,3가지 마늘로 완성한 맛의 딥테일,2024-10-17,https://play.tvcf.co.kr/961916,Oct_241110
telecom,정보통신,삼성전자,AI for ALL,2024-10-17,https://play.tvcf.co.kr/962795,Oct_241110
fashion,패션/스포츠,휠라 플로우 다운,"더 가볍게, 더 따뜻하게",2024-10-17,https://play.tvcf.co.kr/962013,Oct_241110
public_gov,관공서/단체,초록우산 어린이재단,꿈에 대한 질문에 현실이 답이 되지 않도록,2024-10-18,https://play.tvcf.co.kr/962106,Oct_241110
healthcare_pharma,제약/의료/복지,써마지 FLX,흘러가는 시간이 눈가에 보이기 시작했다,2024-10-18,https://play.tvcf.co.kr/962031,Oct_241110
fashion,패션/스포츠,네파,겨울이 가뿐해지는 라이트테크,2024-10-18,https://play.tvcf.co.kr/962027,Oct_241110
telecom,정보통신,삼성 갤럭시 스토어,혜택은 서포트 게임은 퍼펙트,2024-10-18,https://play.tvcf.co.kr/962593,Oct_241110
telecom,정보통신,로보락,로보락이 왜 로보락인지 알아?,2024-10-18,https://play.tvcf.co.kr/962796,Oct_241110
retail,서비스/유통/레저,하나투어,근데 이런 여행은 누구 아이디어냐?,2024-10-18,https://play.tvcf.co.kr/962180,Oct_241110
fashion,패션/스포츠,스릭슨,"1위를 만드는 공, 이제 너의 공이다",2024-10-19,https://play.tvcf.co.kr/962143,Oct_241110
home_appliance,전기전자,글램팜,"am to pm, Glampalm",2024-10-21,https://play.tvcf.co.kr/962157,Oct_241110
home_appliance,전기전자,에이지 오브 엠파이어 모바일,에오엠 모바일에서 세계의 왕이 되어라,2024-10-21,https://play.tvcf.co.kr/962213,Oct_241110
public_gov,관공서/단체,유니세프,대한민국을 대표해 전세계 어린이를 지키는 유니세프 팀 코리아,2024-10-21,https://play.tvcf.co.kr/962253,Oct_241110
fashion,패션/스포츠,오드삭스,이상한 나라의 짝짝이 양말,2024-10-21,https://play.tvcf.co.kr/962262,Oct_241110
public_gov,관공서/단체,통계청,내가 말하는 우리 지역의 생생한 고용이야기,2024-10-21,https://play.tvcf.co.kr/962267,Oct_241110
public_gov,관공서/단체,충청남도,힘쎈농정! 충청남도가 농업농촌의 미래를 개척합니다,2024-10-21,https://play.tvcf.co.kr/962264,Oct_241110
healthcare_pharma,제약/의료/복지,익수보감 오향,"다다익수, 익수보감 오향",2024-10-21,https://play.tvcf.co.kr/962265,Oct_241110
beverage_alcohol,음료/기호식품,코카콜라,"역시, 이 맛이 근본!",2024-10-21,https://play.tvcf.co.kr/962281,Oct_241110
home_appliance,전기전자,코웨이 비렉스 안마의자,집돌이의 나만의 하루루틴,2024-10-21,https://play.tvcf.co.kr/962287,Oct_241110
public_gov,관공서/단체,한국도박문제예방치유원,도박이 생각나? 도파민 샘솟아? 1336,2024-10-21,https://play.tvcf.co.kr/962536,Oct_241110
home_appliance,전기전자,브리즈케어,러닝 후엔 신발청정가전 브리즈케어,2024-10-21,https://play.tvcf.co.kr/962574,Oct_241110
beauty,화장품,THE WHOO,"Hey, AI Show me the future of Anti-aging",2024-10-21,https://play.tvcf.co.kr/962685,Oct_241110
beauty,화장품,어나더페이스,슬로우에이징 스킨케어의 새로운 얼굴,2024-10-22,https://play.tvcf.co.kr/962290,Oct_241110
public_gov,관공서/단체,SM 엔터테인먼트,"함께 해온, 우리의 30년",2024-10-22,https://play.tvcf.co.kr/962521,Oct_241110
finance,금융/보험,하나금융그룹,시니어의 소중한 인생 2막을 위한 하나금융그룹만의 솔루션,2024-10-22,https://play.tvcf.co.kr/962601,Oct_241110
education,출판/교육/문화,메가스터디,당신의 공부 성능 업데이트 하시겠습니까?,2024-10-22,https://play.tvcf.co.kr/963233,Oct_241110
public_gov,관공서/단체,2024 한국관광공사 글로벌 캠페인,FEEL THE 길 OF KOREA,2024-10-23,https://play.tvcf.co.kr/962525,Oct_241110
fnb,식품/제과,교촌치킨,"오늘의 교촌, 교촌옥수수",2024-10-23,https://play.tvcf.co.kr/962542,Oct_241110
home_appliance,전기전자,바나브,바나브로 시작하자,2024-10-23,https://play.tvcf.co.kr/962625,Oct_241110
home_living,생활/가정용품,비다웰 이너핏 라이너,"생리대가 아니다, 요실금엔 비다웰",2024-10-23,https://play.tvcf.co.kr/962919,Oct_241110
finance,금융/보험,빗썸,쓱데이 빗썸이 백억쏨,2024-10-24,https://play.tvcf.co.kr/962634,Oct_241110
fnb,식품/제과,배스킨라빈스,Nutty & Long after,2024-10-24,https://play.tvcf.co.kr/962799,Oct_241110
fashion,패션/스포츠,노르디스크,진짜 겨울을 만나다,2024-10-24,https://play.tvcf.co.kr/962345,Oct_241110
home_living,생활/가정용품,일룸,일상에 진심,2024-10-25,https://play.tvcf.co.kr/962252,Oct_241110
finance,금융/보험,전국은행연합회,은행은 그 어떤 목소리도 크게 듣겠습니다,2024-10-25,https://play.tvcf.co.kr/962802,Oct_241110
home_living,생활/가정용품,에몬스,"Everywhere Every Moments, EMONS",2024-10-25,https://play.tvcf.co.kr/962805,Oct_241110
education,출판/교육/문화,KBS,여기는 대한민국 독도입니다.,2024-10-25,https://play.tvcf.co.kr/962841,Oct_241110
education,출판/교육/문화,KBS,언제나 정다운 마음과 진심을 전해. KBS 한국방송.,2024-10-25,https://play.tvcf.co.kr/962842,Oct_241110
fashion,패션/스포츠,K2 씬에어 아난타,씬에어의 완성작,2024-10-25,https://play.tvcf.co.kr/962844,Oct_241110
fashion,패션/스포츠,스케쳐스 고워크 슬립인스 부츠,당신에게 주고 싶은 가장 편안한 겨울,2024-10-25,https://play.tvcf.co.kr/962850,Oct_241110
beverage_alcohol,음료/기호식품,맥심,행복한 순간엔 언제나 맥심,2024-10-25,https://play.tvcf.co.kr/962838,Oct_241110
automotive,자동차/정유,기아 타이거즈,야구를 사랑하는 모두에게,2024-10-25,https://play.tvcf.co.kr/962981,Oct_241110
home_appliance,전기전자,바디앤 ems 슬림핏 괄사 마사지기,긁는 족족 군살 압살,2024-10-25,https://play.tvcf.co.kr/963010,Oct_241110
fnb,식품/제과,롯데리아,앞으로도 맛있는 즐거움이 계속되리아,2024-10-25,https://play.tvcf.co.kr/963364,Oct_241110
beauty,화장품,아이오페,6세대 슈퍼바이탈 아이오페,2024-10-25,https://play.tvcf.co.kr/963678,Oct_241110
fashion,패션/스포츠,슈올즈,오래 신어도 편안한 슈올즈,2024-10-26,https://play.tvcf.co.kr/962897,Oct_241110
automotive,자동차/정유,메르세데스 벤츠 마이바흐 S-클래스,"혼이 담긴 손, 명작에 이르는 유일한 길",2024-10-27,https://play.tvcf.co.kr/963311,Oct_241110
home_living,생활/가정용품,시몬스 N32 SLEEP SAFETY,환경호르몬은 플라스틱에서만 나오는 게 아니다,2024-10-28,https://play.tvcf.co.kr/962651,Oct_241110
finance,금융/보험,iM뱅크,나에게 진심이 생겼다,2024-10-28,https://play.tvcf.co.kr/962950,Oct_241110
public_gov,관공서/단체,국민건강보험 금연캠페인,"함께라면 쉬운 금연, 당신곁의 금연 크루",2024-10-28,https://play.tvcf.co.kr/962980,Oct_241110
fashion,패션/스포츠,코오롱스포츠 쿠치다운,"어떤 자연을 만나든, 어떤 변화를 만나든",2024-10-28,https://play.tvcf.co.kr/962991,Oct_241110
public_gov,관공서/단체,통계청,내일의 변화는 우리의 이야기로부터,2024-10-28,https://play.tvcf.co.kr/963004,Oct_241110
healthcare_pharma,제약/의료/복지,쥬비스 다이어트,성공을 하나씩 바르게,2024-10-28,https://play.tvcf.co.kr/963342,Oct_241110
home_appliance,전기전자,삼성 갤럭시 북5,한계를 넘어서는 AI 경험을 끝없이,2024-10-28,https://play.tvcf.co.kr/963351,Oct_241110
beverage_alcohol,음료/기호식품,맥심 화이트골드,나에게 더 부드럽게,2024-10-29,https://play.tvcf.co.kr/963286,Oct_241110
healthcare_pharma,제약/의료/복지,메이킨Q,유쾌! 상쾌! 통쾌! 변비엔 메이킨.,2024-10-29,https://play.tvcf.co.kr/962977,Oct_241110
fashion,패션/스포츠,LI2,달리는 모든 발을 응원해,2024-10-29,https://play.tvcf.co.kr/963301,Oct_241110
automotive,자동차/정유,The 기아 타스만,A new demension unfolds,2024-10-29,https://play.tvcf.co.kr/963314,Oct_241110
fashion,패션/스포츠,데상트,YOU CAN MOVE ON,2024-10-30,https://play.tvcf.co.kr/963298,Oct_241110
public_gov,관공서/단체,공익광고협의회,우리의 여정에 함께해 주세요,2024-10-30,https://play.tvcf.co.kr/963352,Oct_241110
beverage_alcohol,음료/기호식품,네스프레소,"고마운 사람들에게, 네스프레소 버츄오",2024-10-30,https://play.tvcf.co.kr/963707,Oct_241110
education,출판/교육/문화,김영편입,편입으로 다시 정하는 기준,2024-10-31,https://play.tvcf.co.kr/963474,Oct_241110
fnb,식품/제과,훌랄라치킨 참숯치킨,중요한 건 꺼지지않는 숯불,2024-10-01,https://play.tvcf.co.kr/960518,Oct_241110
finance,금융/보험,신한투자증권 프로 IRP,프로가 %로 말하는 신한투자증권 프로IRP,2024-10-01,https://play.tvcf.co.kr/960386,Oct_241110
home_appliance,전기전자,나르왈 Freo Z Ultra,로봇청소기는 청소한다. 나르왈은 생각한다.,2024-10-01,https://play.tvcf.co.kr/960136,Oct_241110
fnb,식품/제과,식사이론,식사는 거짓말하지 않는다,2024-10-01,https://play.tvcf.co.kr/960450,Oct_241110
home_living,생활/가정용품,락토케어 치약,난 아직도 게 맛을 알어~,2024-10-04,https://play.tvcf.co.kr/960745,Oct_241110
public_gov,관공서/단체,질병관리청,예방접종하고 질병을 이길 병으로,2024-10-10,https://play.tvcf.co.kr/961556,Oct_241110
fnb,식품/제과,신라면 툼바,포크로 먹는 신라면 툼바,2024-10-12,https://play.tvcf.co.kr/961529,Oct_241110
fnb,식품/제과,아웃백스테이크하우스,"WINTER IS BACK, OUTBACK",2024-10-15,https://play.tvcf.co.kr/961688,Oct_241110
beauty,화장품,동성 허브,"머리색은 젊어지는데, 두피는 괜찮을까?",2024-10-15,https://play.tvcf.co.kr/962590,Oct_241110
telecom,정보통신,알리익스프레스,알리가 알립니다,2024-10-21,https://play.tvcf.co.kr/962268,Oct_241110
fashion,패션/스포츠,아이더,추울 틈 없음.,2024-10-21,https://play.tvcf.co.kr/962344,Oct_241110
retail,서비스/유통/레저,신세계그룹 쓱데이,어차피 사는 거 이런날 사는거지,2024-10-25,https://play.tvcf.co.kr/962846,Oct_241110
fnb,식품/제과,이디야커피,"EDIYA, YAMMY. EDIYAMMY",2024-10-25,https://play.tvcf.co.kr/962852,Oct_241110
retail,서비스/유통/레저,굿웨어몰,그대여 굿웨어,2024-10-25,https://play.tvcf.co.kr/962938,Oct_241110
beverage_alcohol,음료/기호식품,골든블루,새로운 파란을 일으키다. 새.파란 위스키,2024-10-28,https://play.tvcf.co.kr/962939,Oct_241110
finance,금융/보험,삼성증권,바꾸는 게 답입니다,2024-10-28,https://play.tvcf.co.kr/963647,Oct_241110
construction_realestate,아파트/건설,휴그린,"나에게 맞춘 창, 작품",2023-09-01,https://play.tvcf.co.kr/916608,Sep_231007
corporate_pr,기업PR,현대해상 기업PR,겪어보면 다른 보험,2023-09-01,https://play.tvcf.co.kr/916605,Sep_231007
healthcare_pharma,제약/의료/복지,마그랩,마셔봐! 마그랩이 답이다,2023-09-01,https://play.tvcf.co.kr/916460,Sep_231007
finance,금융/보험,우리은행,집나간 금니도 되돌아오게 할 가창력,2023-09-01,https://play.tvcf.co.kr/916835,Sep_231007
home_living,생활/가정용품,리바트,"잠들지 않는 도전, 리바트",2023-09-01,https://play.tvcf.co.kr/916842,Sep_231007
finance,금융/보험,DB손해보험,"약속된 플레이를 펼치면, 약속된 행복이 찾아오니까",2023-09-01,https://play.tvcf.co.kr/916866,Sep_231007
corporate_pr,기업PR,KB금융그룹,희망을 키우는 국민 모두가 희망부자입니다,2023-09-01,https://play.tvcf.co.kr/916896,Sep_231007
healthcare_pharma,제약/의료/복지,콘택골드,걸렸구나 생각되면 콘택골드,2023-09-01,https://play.tvcf.co.kr/916874,Sep_231007
beauty,화장품,설화수 진설크림,리모델링한 듯 또렷하게 되살아난 피부,2023-09-01,https://play.tvcf.co.kr/916907,Sep_231007
healthcare_pharma,제약/의료/복지,광동 경옥고,백pro의 회복력,2023-09-01,https://play.tvcf.co.kr/916351,Sep_231007
beverage_alcohol,음료/기호식품,짐빔 하이볼,취향따라 즐길 짐빔 됐어?,2023-09-01,https://play.tvcf.co.kr/916909,Sep_231007
automotive,자동차/정유,폭스바겐 The all-electric ID.4,New life begins,2023-09-01,https://play.tvcf.co.kr/916845,Sep_231007
finance,금융/보험,대신증권,"큰 대, 믿을 신 대신증권",2023-09-01,https://play.tvcf.co.kr/916850,Sep_231007
beauty,화장품,설화수 진설크림,S FOR Sulwhasoo,2023-09-01,https://play.tvcf.co.kr/916917,Sep_231007
telecom,정보통신,삼성 갤럭시 Z 플립5,Join the 줏대,2023-09-01,https://play.tvcf.co.kr/916925,Sep_231007
beauty,화장품,CJ 올리브영,HEALTHY BEAUTY FOR ALL,2023-09-01,https://play.tvcf.co.kr/916932,Sep_231007
beverage_alcohol,음료/기호식품,조니워커 블랙 하이볼,블랙은 늘 옳으니까,2023-09-01,https://play.tvcf.co.kr/916940,Sep_231007
healthcare_pharma,제약/의료/복지,액티브 부스터샷,"이 모든 걸, 올인원",2023-09-01,https://play.tvcf.co.kr/916941,Sep_231007
public_gov,관공서/단체,희망의 씨앗,"장기기증, 뿌듯함을 예약하세요",2023-09-01,https://play.tvcf.co.kr/916974,Sep_231007
home_living,생활/가정용품,에이스침대,침대는 과학이다,2023-09-01,https://play.tvcf.co.kr/916965,Sep_231007
healthcare_pharma,제약/의료/복지,알레그라,알레르기로부터 자유롭게,2023-09-01,https://play.tvcf.co.kr/916931,Sep_231007
public_gov,관공서/단체,스포츠7330,이제 진짜 Play를 하자,2023-09-01,https://play.tvcf.co.kr/916973,Sep_231007
public_gov,관공서/단체,불법도박 근절 캠페인,베팅하시겠습니까?,2023-09-01,https://play.tvcf.co.kr/916912,Sep_231007
healthcare_pharma,제약/의료/복지,로게인폼,탈모엔 로게인폼,2023-09-01,https://play.tvcf.co.kr/916967,Sep_231007
healthcare_pharma,제약/의료/복지,뉴트리원라이프 비비랩,안에서 밖을 만드는 뷰티 밸런스,2023-09-01,https://play.tvcf.co.kr/916969,Sep_231007
home_appliance,전기전자,노마드 무선드라이기,일상에 혁신을 더하세요,2023-09-01,https://play.tvcf.co.kr/916924,Sep_231007
telecom,정보통신,넷플릭스,요즘 넷플 뭐봄?,2023-09-01,https://play.tvcf.co.kr/916975,Sep_231007
fnb,식품/제과,구도로통닭,"구도로 폼, 미쳤다",2023-09-01,https://play.tvcf.co.kr/916970,Sep_231007
public_gov,관공서/단체,공익광고협의회,오늘부터 함께 친환경 피지컬,2023-09-01,https://play.tvcf.co.kr/916915,Sep_231007
fashion,패션/스포츠,피레티,ETERNAL CLASSIC,2023-09-01,https://play.tvcf.co.kr/916997,Sep_231007
fnb,식품/제과,멕시카나치킨 치토스치킨,멕시카나 요즘 누가 먹음?,2023-09-01,https://play.tvcf.co.kr/917003,Sep_231007
corporate_pr,기업PR,HL만도,움직이는 모든 것에 자유를,2023-09-01,https://play.tvcf.co.kr/917002,Sep_231007
fnb,식품/제과,힙 콤비오틱 유기농 3단계,지혜로운 엄마들의 선택,2023-09-01,https://play.tvcf.co.kr/916993,Sep_231007
healthcare_pharma,제약/의료/복지,온바디,대한민국 변비 개선 프로젝트,2023-09-01,https://play.tvcf.co.kr/917000,Sep_231007
beauty,화장품,설화수 진설크림,THE ULTIMATE S,2023-09-01,https://play.tvcf.co.kr/916949,Sep_231007
fashion,패션/스포츠,만다리나덕,HELLO STRANGER,2023-09-01,https://play.tvcf.co.kr/917219,Sep_231007
beauty,화장품,닥터 브로너스,Find your clean beauty,2023-09-01,https://play.tvcf.co.kr/917256,Sep_231007
healthcare_pharma,제약/의료/복지,듀오덤 스팟패치,떨어질 줄 모르는 자신감의 이유,2023-09-01,https://play.tvcf.co.kr/917249,Sep_231007
fashion,패션/스포츠,비너스,안보여도 예쁜 게 좋아,2023-09-01,https://play.tvcf.co.kr/917320,Sep_231007
retail,서비스/유통/레저,롯데면세점,공항보다 더 큰 롯데면세권에서 산다,2023-09-01,https://play.tvcf.co.kr/917438,Sep_231007
fnb,식품/제과,구도로통닭,콜레스테롤은 로우. 트랜스지방이 제로.,2023-09-01,https://play.tvcf.co.kr/917006,Sep_231007
corporate_pr,기업PR,삼성생명,"삼성생명 마음운동장, 당신이 주인입니다",2023-09-01,https://play.tvcf.co.kr/917923,Sep_231007
retail,서비스/유통/레저,모바일티머니,아직도 카드찍고 타는 분들을 위해,2023-09-01,https://play.tvcf.co.kr/917819,Sep_231007
fnb,식품/제과,써브웨이,기분좋게 스파이시,2023-09-01,https://play.tvcf.co.kr/917839,Sep_231007
home_appliance,전기전자,LG 베스트케어,누구나 그럴싸한 계획이 있다. 해보기 전까진.,2023-09-01,https://play.tvcf.co.kr/917879,Sep_231007
public_gov,관공서/단체,2023 이통사와 함께하는 개인정보보호 캠페인,정보관리의 핵심? 정보관심이 핵심!,2023-09-01,https://play.tvcf.co.kr/918262,Sep_231007
fnb,식품/제과,한돈,대한민국 기대작 한돈,2023-09-01,https://play.tvcf.co.kr/918272,Sep_231007
fashion,패션/스포츠,파리게이츠,"내가 가장 빛나는 시간, 파리게이츠",2023-09-01,https://play.tvcf.co.kr/918435,Sep_231007
fnb,식품/제과,동원 선물세트,명절엔 역시 동원 선물세트,2023-09-01,https://play.tvcf.co.kr/916570,Sep_231007
fashion,패션/스포츠,삼성물산 갤럭시,Find your elegance,2023-09-01,https://play.tvcf.co.kr/918465,Sep_231007
home_living,생활/가정용품,이케아,"생각대로 산다, 이케아",2023-09-01,https://play.tvcf.co.kr/918520,Sep_231007
home_appliance,전기전자,루나: 달빛연대기,달빛을 머금은 환상적 모험의 세계가 열린다,2023-09-01,https://play.tvcf.co.kr/918554,Sep_231007
fashion,패션/스포츠,밀레,어떤 가을이 와도 바람은 제로,2023-09-01,https://play.tvcf.co.kr/918705,Sep_231007
home_appliance,전기전자,글램팜,미용실에선 원래 글램팜 써,2023-09-01,https://play.tvcf.co.kr/918808,Sep_231007
fashion,패션/스포츠,온오프,Let's have fun,2023-09-01,https://play.tvcf.co.kr/919264,Sep_231007
fashion,패션/스포츠,뉴발란스,달리는 이유는 달라도 달려,2023-09-01,https://play.tvcf.co.kr/919611,Sep_231007
automotive,자동차/정유,New XM3 E-Tech 하이브리드,내가 바라는 하이브리드 그 이상,2023-09-01,https://play.tvcf.co.kr/919613,Sep_231007
finance,금융/보험,NH농협생명,누구든 원하는 건 다---- 농협생명에 있다!,2023-09-01,https://play.tvcf.co.kr/919749,Sep_231007
fnb,식품/제과,청송주왕산김치,"김치의 왕, 청송주왕산김치",2023-09-01,https://play.tvcf.co.kr/919922,Sep_231007
beauty,화장품,숨37°,이제야 숨 쉬는 것 같아,2023-09-01,https://play.tvcf.co.kr/920001,Sep_231007
education,출판/교육/문화,SBS 항저우 아시안게임,"다시, 뜨겁게",2023-09-02,https://play.tvcf.co.kr/917043,Sep_231007
home_appliance,전기전자,세라젬 파우제,"녹아든다, 제대로. 파우제대로.",2023-09-02,https://play.tvcf.co.kr/917654,Sep_231007
beauty,화장품,리파 하트브러시,찰랑에도 등급이 있다,2023-09-03,https://play.tvcf.co.kr/917153,Sep_231007
automotive,자동차/정유,현대자동차,Drawing Longest Run,2023-09-04,https://play.tvcf.co.kr/917154,Sep_231007
healthcare_pharma,제약/의료/복지,콜대원,증상별로 색다르게 다짜고짜 콜대원,2023-09-04,https://play.tvcf.co.kr/917230,Sep_231007
fnb,식품/제과,맥도날드,"주문을 더 쉽게, 맥도날드 M오더",2023-09-04,https://play.tvcf.co.kr/917214,Sep_231007
home_appliance,전기전자,삼성 MICREO LED,A Journey to Redefine Limits,2023-09-04,https://play.tvcf.co.kr/917209,Sep_231007
finance,금융/보험,케이뱅크,생활비는 돌아온다,2023-09-04,https://play.tvcf.co.kr/917657,Sep_231007
corporate_pr,기업PR,한화,우주라는 기회를 만나 더 크게 펼쳐질 대한민국 경제영토,2023-09-04,https://play.tvcf.co.kr/917744,Sep_231007
finance,금융/보험,신협,행복 내비 켜세요,2023-09-04,https://play.tvcf.co.kr/917241,Sep_231007
education,출판/교육/문화,스마트해법수학,공부한 모든 순간이 기록되는 스마트학원 공부방,2023-09-04,https://play.tvcf.co.kr/918659,Sep_231007
healthcare_pharma,제약/의료/복지,정관장,정관장사 만만세~,2023-09-05,https://play.tvcf.co.kr/917184,Sep_231007
healthcare_pharma,제약/의료/복지,정관장,당신께만큼은 정관장,2023-09-05,https://play.tvcf.co.kr/917181,Sep_231007
fashion,패션/스포츠,볼빅,화이트 카본의 힘으로 완성한 폭발적인 비거리 퍼포먼스 볼,2023-09-05,https://play.tvcf.co.kr/917246,Sep_231007
automotive,자동차/정유,제네시스 GV60,"마음껏 자유롭게, FACE CONNECT",2023-09-05,https://play.tvcf.co.kr/917277,Sep_231007
corporate_pr,기업PR,SK엔무브,ZIC를 만드는 회사 에너지 세이빙 컴퍼니 SK엔무브,2023-09-05,https://play.tvcf.co.kr/917406,Sep_231007
construction_realestate,아파트/건설,숨터프,좋은 인조잔디는 숨을 쉽니다,2023-09-05,https://play.tvcf.co.kr/917403,Sep_231007
public_gov,관공서/단체,한국생명존중희망재단,사람을 더하세요,2023-09-05,https://play.tvcf.co.kr/917414,Sep_231007
home_appliance,전기전자,바디프렌드 다빈치,Oh Healthy day!,2023-09-05,https://play.tvcf.co.kr/917416,Sep_231007
finance,금융/보험,토스뱅크,믿을 수 있는 전세 대출의 시작,2023-09-05,https://play.tvcf.co.kr/917439,Sep_231007
finance,금융/보험,신한카드,신한카드의 새로운 플레이어로 너답게 꿈을 펼쳐봐,2023-09-05,https://play.tvcf.co.kr/917920,Sep_231007
education,출판/교육/문화,애드아시아 2023 서울,K-'인싸'이트풀 디지털 마케팅 페스티벌,2023-09-06,https://play.tvcf.co.kr/917477,Sep_231007
home_appliance,전기전자,LG전자,"내가 알던 집이 바뀌었다, ThingQ를 알고부터",2023-09-06,https://play.tvcf.co.kr/917936,Sep_231007
telecom,정보통신,CJ ONE,"트루 라이프스타일 멤버십, CJ ONE",2023-09-06,https://play.tvcf.co.kr/918283,Sep_231007
home_appliance,전기전자,세븐나이츠키우기,손놔 재밌는 세키! 긴장한 게임계에 느슨함을 주러왔다,2023-09-07,https://play.tvcf.co.kr/917355,Sep_231007
corporate_pr,기업PR,현대 트럭&버스,"멈추지 않는 자동차, 해야 할 일을 합니다",2023-09-07,https://play.tvcf.co.kr/917644,Sep_231007
beverage_alcohol,음료/기호식품,필라이트 로우 칼로리,말도 안되지만 칼로리 쫘-악 빠졌다,2023-09-07,https://play.tvcf.co.kr/917652,Sep_231007
automotive,자동차/정유,제네시스 GV70,어디서든 여유로운 휴식,2023-09-07,https://play.tvcf.co.kr/917659,Sep_231007
automotive,자동차/정유,메르세데스 벤츠 E-CLASS,반복되는 충동은 더 이상 충동이 아니다,2023-09-07,https://play.tvcf.co.kr/917789,Sep_231007
public_gov,관공서/단체,기상청 지진안전 캠페인,설마하는 순간 여진도 찾아옵니다,2023-09-07,https://play.tvcf.co.kr/917785,Sep_231007
retail,서비스/유통/레저,굿웨어몰,좋은 옷을 모두에게,2023-09-07,https://play.tvcf.co.kr/917787,Sep_231007
fnb,식품/제과,고흥미역다시마자조금,고흥미역가 다시마로 만든 건강한 밥상을 차려보세요.,2023-09-07,https://play.tvcf.co.kr/917784,Sep_231007
home_appliance,전기전자,한게임 한판쳐,호구탈출엔 한게임 호구와트,2023-09-07,https://play.tvcf.co.kr/917816,Sep_231007
public_gov,관공서/단체,더펠로우십 코리아,"결국, 평화",2023-09-07,https://play.tvcf.co.kr/917891,Sep_231007
corporate_pr,기업PR,LG전자,"나답게 살 때, 인생은 더 좋아지니까. Life's Good",2023-09-07,https://play.tvcf.co.kr/917871,Sep_231007
public_gov,관공서/단체,HUG 주택도시보증공사,행복공식으로 주거문제 함께 해결하세요.,2023-09-07,https://play.tvcf.co.kr/918240,Sep_231007
home_appliance,전기전자,바람의나라 연,지금 사전등록 시 전설 등급 환수 3개 지급.,2023-09-07,https://play.tvcf.co.kr/918264,Sep_231007
fnb,식품/제과,청년떡집,황금으로 전하는 귀한 마음,2023-09-07,https://play.tvcf.co.kr/917793,Sep_231007
retail,서비스/유통/레저,롯데월드,롯데월드에 다크 문이 뜨면 새로운 판타지의 문이 열린다.,2023-09-08,https://play.tvcf.co.kr/917815,Sep_231007
home_living,생활/가정용품,해피문데이,좋은 탐폰을 아는 질의 응답,2023-09-08,https://play.tvcf.co.kr/917812,Sep_231007
telecom,정보통신,구글플레이,"플레이를 더 특별하게, 모두의 모든 순간에",2023-09-08,https://play.tvcf.co.kr/917844,Sep_231007
fnb,식품/제과,멕시카나치킨 치토스치킨,양념 장인의 원픽,2023-09-08,https://play.tvcf.co.kr/917931,Sep_231007
telecom,정보통신,티맵모빌리티,이동의 새로운 가능성을 열어갑니다,2023-09-08,https://play.tvcf.co.kr/917922,Sep_231007
home_appliance,전기전자,LG 스탠바이미 Go,다음엔 어디서 볼래?,2023-09-08,https://play.tvcf.co.kr/918338,Sep_231007
retail,서비스/유통/레저,에버랜드 블러드시티,위대한 승리를 준비하라 화이트 Z와 함께.,2023-09-08,https://play.tvcf.co.kr/918314,Sep_231007
corporate_pr,기업PR,HD현대,HD현대 이건 못 참지,2023-09-08,https://play.tvcf.co.kr/918462,Sep_231007
automotive,자동차/정유,제네시스 Electrified G80,충전 후 가져다드리는 My Genesis app 픽업앤 충전.,2023-09-08,https://play.tvcf.co.kr/918529,Sep_231007
home_living,생활/가정용품,큐레이들,Fare well without regret with Curadle,2023-09-08,https://play.tvcf.co.kr/918838,Sep_231007
home_living,생활/가정용품,잔티움 나이트버닝,"잔티움 나이트 버닝, 고마움!",2023-09-08,https://play.tvcf.co.kr/919420,Sep_231007
home_appliance,전기전자,콜 오브 드래곤즈,끝내 이기고야 마는 k전투력,2023-09-09,https://play.tvcf.co.kr/918228,Sep_231007
healthcare_pharma,제약/의료/복지,치센,치질 참지말고 치센,2023-09-09,https://play.tvcf.co.kr/918227,Sep_231007
finance,금융/보험,라이나생명보험,라이나는 혁신합니다,2023-09-09,https://play.tvcf.co.kr/918420,Sep_231007
fnb,식품/제과,박카스맛젤리,박카스맛 젤리 폼 미쳤다,2023-09-10,https://play.tvcf.co.kr/918263,Sep_231007
retail,서비스/유통/레저,11번가,팅받네 슈팅배송,2023-09-11,https://play.tvcf.co.kr/918237,Sep_231007
healthcare_pharma,제약/의료/복지,MSD,미래를 바꾸자 예방의 힘으로,2023-09-11,https://play.tvcf.co.kr/918255,Sep_231007
home_appliance,전기전자,삼성신혼가전,결혼 축하선물 FUN하게 할 수 없을까? BESPOKE. Wedding. Funding.,2023-09-11,https://play.tvcf.co.kr/918275,Sep_231007
home_appliance,전기전자,쿠첸브레인,쿠첸 브레인은 생각하는 밥솥이다.,2023-09-11,https://play.tvcf.co.kr/918412,Sep_231007
public_gov,관공서/단체,사랑의 열매,기부로 나를 더 가치있게,2023-09-11,https://play.tvcf.co.kr/918409,Sep_231007
beauty,화장품,닥터지,트렌드는 다음 문제. Science first.,2023-09-11,https://play.tvcf.co.kr/918411,Sep_231007
beauty,화장품,이니스프리,단숨에 차오르는 초현실 수분의 힘,2023-09-11,https://play.tvcf.co.kr/918406,Sep_231007
automotive,자동차/정유,제네시스 Electrified GV70,"영화로 더 충전되는 밤, 비디오 스트리밍 서비스",2023-09-11,https://play.tvcf.co.kr/918533,Sep_231007
retail,서비스/유통/레저,11번가,11번가 쇼킹히어로가,2023-09-11,https://play.tvcf.co.kr/918534,Sep_231007
finance,금융/보험,신한투자증권,가족처럼 응원해주는 내 편이 필요할 때 신한투자증권이 당신을 응원합니다,2023-09-11,https://play.tvcf.co.kr/918540,Sep_231007
fashion,패션/스포츠,리바이스,How will you wear yours?,2023-09-11,https://play.tvcf.co.kr/918558,Sep_231007
home_living,생활/가정용품,뭄뭄실내화,"우리집, 평온함이 시급할 땐",2023-09-11,https://play.tvcf.co.kr/918707,Sep_231007
beverage_alcohol,음료/기호식품,윈저,자유로운 매력의 My style,2023-09-11,https://play.tvcf.co.kr/919009,Sep_231007
education,출판/교육/문화,MBC 2022 항저우 아시안게임,"함께 항저우, 함께 MBC",2023-09-12,https://play.tvcf.co.kr/918510,Sep_231007
healthcare_pharma,제약/의료/복지,모더나,"모더나, 모든 것을 바꿉니다",2023-09-12,https://play.tvcf.co.kr/918509,Sep_231007
retail,서비스/유통/레저,메타라이브,"현장이 궁금할 땐, 현장 검색해",2023-09-12,https://play.tvcf.co.kr/918653,Sep_231007
fnb,식품/제과,라면왕 김통깨,김과 통깨의 고소한 캐미,2023-09-13,https://play.tvcf.co.kr/918427,Sep_231007
home_appliance,전기전자,LG 베스트케어,"다시 처음으로, 새 가전으로",2023-09-13,https://play.tvcf.co.kr/918531,Sep_231007
education,출판/교육/문화,KBS 2022 항저우 아시안게임,"진심을 담은 방송. 맛있는 중계, 멋있는 중계.",2023-09-13,https://play.tvcf.co.kr/918641,Sep_231007
beauty,화장품,스템벨,피부의 줄기를 바로 세우다,2023-09-13,https://play.tvcf.co.kr/918642,Sep_231007
home_appliance,전기전자,제스파,당신의 마음까지 편안하게,2023-09-13,https://play.tvcf.co.kr/919260,Sep_231007
education,출판/교육/문화,2022 항저우 아시안게임 Team Korea 브랜드 캠페인,"beyondyourself, team korea",2023-09-13,https://play.tvcf.co.kr/919549,Sep_231007
automotive,자동차/정유,포르쉐 타이칸,타이칸  너 좀 멋지다? 우리 쭉 같이가자,2023-09-14,https://play.tvcf.co.kr/918698,Sep_231007
beverage_alcohol,음료/기호식품,처음처럼 새로,슈거 소주였던 적이 없는 제로 슈거 소주,2023-09-14,https://play.tvcf.co.kr/918742,Sep_231007
retail,서비스/유통/레저,제주항공,가자. 우리에겐 J가 있다,2023-09-14,https://play.tvcf.co.kr/918743,Sep_231007
finance,금융/보험,보험클리닉,"맞나? 싶을 땐, 만나 보험클리닉",2023-09-14,https://play.tvcf.co.kr/918773,Sep_231007
healthcare_pharma,제약/의료/복지,테라플루,"잠깐 타임, 테라플루 타임",2023-09-14,https://play.tvcf.co.kr/918782,Sep_231007
public_gov,관공서/단체,보건복지부 연명의료 결정제도,멋진 삶은 맺음말로 완성됩니다,2023-09-14,https://play.tvcf.co.kr/918744,Sep_231007
fnb,식품/제과,메가MGC커피,"현명한 내가, 네가, 메가!",2023-09-14,https://play.tvcf.co.kr/918776,Sep_231007
beverage_alcohol,음료/기호식품,몽베스트 블랜딩 하우스,이런 콤부차 봤어?,2023-09-14,https://play.tvcf.co.kr/918787,Sep_231007
retail,서비스/유통/레저,아시아나항공,지구를 사랑한 비행,2023-09-15,https://play.tvcf.co.kr/918769,Sep_231007
healthcare_pharma,제약/의료/복지,멘소래담,바르는 통증 지우개,2023-09-15,https://play.tvcf.co.kr/918765,Sep_231007
fashion,패션/스포츠,안다르,어디에서든 요가 할 수 있을 것 같은데요,2023-09-15,https://play.tvcf.co.kr/918781,Sep_231007
corporate_pr,기업PR,카카오,당연한 일상을 지킨다는 그 고마운 책임감으로.,2023-09-15,https://play.tvcf.co.kr/918900,Sep_231007
fashion,패션/스포츠,아이더,"보통의 바람막이, 그보다 더. 아이더.",2023-09-15,https://play.tvcf.co.kr/918903,Sep_231007
healthcare_pharma,제약/의료/복지,슈퍼바크릴,이게 바로 인지질의 힘,2023-09-15,https://play.tvcf.co.kr/918901,Sep_231007
corporate_pr,기업PR,삼양 라운드스퀘어,삼양식품 미래와 만나다,2023-09-15,https://play.tvcf.co.kr/918902,Sep_231007
fnb,식품/제과,빼빼로,"""빼뺴로 같이 먹고 싶은데"" 이 말은 니가 보고 싶다는 뜻!",2023-09-15,https://play.tvcf.co.kr/918905,Sep_231007
healthcare_pharma,제약/의료/복지,당신도 대상포진 대상자 캠페인,당신도 대상포진 대상자,2023-09-15,https://play.tvcf.co.kr/918897,Sep_231007
fnb,식품/제과,멕시카나치킨 치토스치킨,달콤! 바삭! 매콤! 다 담긴 인생의 맛,2023-09-15,https://play.tvcf.co.kr/918912,Sep_231007
healthcare_pharma,제약/의료/복지,프롬바이오 관절엔 크릴오일,요즘때면 더 애틋하게 생각나는 부모님께 관절엔 크릴오일 어떨까요?,2023-09-15,https://play.tvcf.co.kr/918914,Sep_231007
healthcare_pharma,제약/의료/복지,슈퍼바 부스트 크릴56,슈퍼바 부스트 크릴56은 가능합니다,2023-09-15,https://play.tvcf.co.kr/918913,Sep_231007
home_living,생활/가정용품,프릴 시크릿 오브 베이킹소다,새로워진 프릴을 경험해보세요,2023-09-15,https://play.tvcf.co.kr/918711,Sep_231007
automotive,자동차/정유,에쓰오일,Goodoil can do it,2023-09-15,https://play.tvcf.co.kr/918650,Sep_231007
finance,금융/보험,KCGI자산운용,"우리는 KCGI 자산운용. 발음대로 읽으면, 크지",2023-09-15,https://play.tvcf.co.kr/918947,Sep_231007
finance,금융/보험,우리은행,내가 원하는 금융생활의 답,2023-09-15,https://play.tvcf.co.kr/919085,Sep_231007
healthcare_pharma,제약/의료/복지,플루아릭스 테트라,독감백신은 다 다르다,2023-09-15,https://play.tvcf.co.kr/919680,Sep_231007
beauty,화장품,CJ 올리브영 바이오힐보,"피부장벽, 손상의 답이 boh다",2023-09-15,https://play.tvcf.co.kr/919739,Sep_231007
public_gov,관공서/단체,금연캠페인,한 대가 무한대가 되는 전자담배 연쇄흡연,2023-09-16,https://play.tvcf.co.kr/918908,Sep_231007
home_appliance,전기전자,쿠쿠 마스터셰프 사일런스,"기대, 그 이상의 기술",2023-09-16,https://play.tvcf.co.kr/918917,Sep_231007
telecom,정보통신,KT 키즈랜드,키즈랜드로 함께 키워요,2023-09-16,https://play.tvcf.co.kr/918950,Sep_231007
fnb,식품/제과,한우자조금,"한우에만 있는 귀한 부위, 진심",2023-09-16,https://play.tvcf.co.kr/918918,Sep_231007
telecom,정보통신,SK텔레콤 엑스칼리버,SK 텔레콤의 AI는 오늘도 사람의 마음을 보며 성장하고 있습니다.,2023-09-17,https://play.tvcf.co.kr/918951,Sep_231007
beauty,화장품,The Whoo HWANYU,The history of whoo,2023-09-18,https://play.tvcf.co.kr/918795,Sep_231007
corporate_pr,기업PR,하나금융그룹,"떠나봐 트래블로그로, 하나뿐인 여행으로.",2023-09-18,https://play.tvcf.co.kr/918952,Sep_231007
healthcare_pharma,제약/의료/복지,우루사,그 간 힘드셨죠?,2023-09-18,https://play.tvcf.co.kr/918997,Sep_231007
beverage_alcohol,음료/기호식품,선양,"세상, 잘 빠진 소주. 선양에 빠졌다.",2023-09-18,https://play.tvcf.co.kr/919004,Sep_231007
beverage_alcohol,음료/기호식품,네스프레소 버츄오,잊지못할 커피경험,2023-09-18,https://play.tvcf.co.kr/919005,Sep_231007
fnb,식품/제과,푸라닭치킨,"순살, 부위를 확인할 것.",2023-09-18,https://play.tvcf.co.kr/919071,Sep_231007
healthcare_pharma,제약/의료/복지,임펙타민,임펙타민에 대한 알 권리,2023-09-18,https://play.tvcf.co.kr/919001,Sep_231007
home_appliance,전기전자,바람의 나라 연,민속촌에서 만나기 바람,2023-09-18,https://play.tvcf.co.kr/919024,Sep_231007
public_gov,관공서/단체,HUG 주택도시보증공사,대한민국 주거안심,2023-09-18,https://play.tvcf.co.kr/919088,Sep_231007
automotive,자동차/정유,토요타 알파드,"이 순간, 더 빛나도록",2023-09-18,https://play.tvcf.co.kr/919451,Sep_231007
public_gov,관공서/단체,공정거래위원회 CCM 인증제도,소비자를 소중하게 생각하는 기업의 약속,2023-09-18,https://play.tvcf.co.kr/919084,Sep_231007
retail,서비스/유통/레저,카카오T 퀵,카카오 T 택시처럼 간편한 퀵 없나? / 카카오 T 퀵?,2023-09-19,https://play.tvcf.co.kr/918924,Sep_231007
healthcare_pharma,제약/의료/복지,상쾌환,새파란 게 안 끼는 술자리가 없네?,2023-09-19,https://play.tvcf.co.kr/918928,Sep_231007
fnb,식품/제과,버거킹 트러플 머쉬룸 와퍼,지금 나의 X가  오고 있다.,2023-09-19,https://play.tvcf.co.kr/918938,Sep_231007
automotive,자동차/정유,볼보,주행의 변화를 넘어 일상의 변화로,2023-09-19,https://play.tvcf.co.kr/919185,Sep_231007
fnb,식품/제과,농림축산식품부 우리과일,올해도 우리 과일이 딱! 입니다,2023-09-19,https://play.tvcf.co.kr/919207,Sep_231007
home_appliance,전기전자,FC 온라인 FC 모바일,나의 축구가 마침내 모두의 축구로,2023-09-19,https://play.tvcf.co.kr/919187,Sep_231007
finance,금융/보험,미래에셋증권 제로 프로젝트,이런 제로 오직 미래에셋증권,2023-09-19,https://play.tvcf.co.kr/919184,Sep_231007
home_living,생활/가정용품,아토팜,우리 아이 생활 더마 아토팜,2023-09-19,https://play.tvcf.co.kr/919802,Sep_231007
retail,서비스/유통/레저,CJ대한통운 더운반,"화물도 물류니까, 전문가에게",2023-09-20,https://play.tvcf.co.kr/919201,Sep_231007
retail,서비스/유통/레저,CJ온스타일,온스딸,2023-09-20,https://play.tvcf.co.kr/919228,Sep_231007
public_gov,관공서/단체,수돗물홍보협의회,언제 어디서나 믿고 마실 수 있는 우리의 수돗물입니다,2023-09-20,https://play.tvcf.co.kr/919405,Sep_231007
home_appliance,전기전자,니콘 Zf,나만의 시선을 담은 단 한번의 손짓,2023-09-20,https://play.tvcf.co.kr/919669,Sep_231007
telecom,정보통신,SK텔레콤 에이닷,"모든 순간, 모든 필요에",2023-09-20,https://play.tvcf.co.kr/920565,Sep_231007
public_gov,관공서/단체,퇴직연금,내 일의 가치를 내일의 가치로,2023-09-21,https://play.tvcf.co.kr/919396,Sep_231007
telecom,정보통신,구글코리아,"대한민국을 세계를 향해, GOOGLE은 대한민국을 위해.",2023-09-21,https://play.tvcf.co.kr/919413,Sep_231007
home_appliance,전기전자,소니 α7C2,"모든 위대함은, 아주 작은 것들로 부터",2023-09-21,https://play.tvcf.co.kr/919449,Sep_231007
automotive,자동차/정유,The 기아 레이 EV,생활 EV의 시작,2023-09-21,https://play.tvcf.co.kr/919453,Sep_231007
healthcare_pharma,제약/의료/복지,NH한삼인 홍삼정스틱,대한민국 명절 선물은 역시 한스틱,2023-09-21,https://play.tvcf.co.kr/919523,Sep_231007
education,출판/교육/문화,KBS 2022 항저우 아시안게임,아시안 게임은 KBS,2023-09-21,https://play.tvcf.co.kr/919521,Sep_231007
fnb,식품/제과,맥도날드,우리 농가 살리는 버거가 다시 돌아왔습니다,2023-09-21,https://play.tvcf.co.kr/919464,Sep_231007
public_gov,관공서/단체,농지은행,농지은행으로 청년의 희망을 노후의 행복을,2023-09-21,https://play.tvcf.co.kr/919531,Sep_231007
healthcare_pharma,제약/의료/복지,혈행건강 프로메가,대한민국 혈행 건강에 책임을 다하다. 1등 오메가3.,2023-09-21,https://play.tvcf.co.kr/919522,Sep_231007
automotive,자동차/정유,토요타 알파드,먼저 가치를 보는 당신,2023-09-21,https://play.tvcf.co.kr/919647,Sep_231007
fashion,패션/스포츠,블랙야크,세상은 문 밖에,2023-09-21,https://play.tvcf.co.kr/919808,Sep_231007
healthcare_pharma,제약/의료/복지,프로메가 알티지 오메가3,우린 모두 프로의 피가 흐른다,2023-09-21,https://play.tvcf.co.kr/920012,Sep_231007
telecom,정보통신,구글코리아,"Google, 디지털 스킬업의 방향을 잡다",2023-09-21,https://play.tvcf.co.kr/920571,Sep_231007
corporate_pr,기업PR,HL만도,세상 자유로운 길을 열다,2023-09-22,https://play.tvcf.co.kr/919623,Sep_231007
fashion,패션/스포츠,K2 실크스타,세상에서 젤~로 부드러운 다운 탄생,2023-09-22,https://play.tvcf.co.kr/919615,Sep_231007
fashion,패션/스포츠,스케쳐스 아웃도어,아웃도어는 규칙없는 스포츠,2023-09-22,https://play.tvcf.co.kr/919621,Sep_231007
home_appliance,전기전자,귀뚜라미 카본매트 온돌,귀뚜라미 카본매트 잘 쓰고 계시죠?,2023-09-22,https://play.tvcf.co.kr/919617,Sep_231007
home_appliance,전기전자,귀뚜라미,이것이 귀뚜라미의 1석 4조 기술,2023-09-22,https://play.tvcf.co.kr/919622,Sep_231007
education,출판/교육/문화,생활안전요령 캠페인,"행복한 한가위를 보내는 방법, 바로 안전입니다",2023-09-22,https://play.tvcf.co.kr/919620,Sep_231007
telecom,정보통신,디즈니플러스,정말로 연휴가 길다고 생각해?,2023-09-22,https://play.tvcf.co.kr/919627,Sep_231007
telecom,정보통신,삼성화재 애니핏,"Anything Possible, 셀카로 건강을 체크하는 AI 건강관상",2023-09-22,https://play.tvcf.co.kr/919667,Sep_231007
corporate_pr,기업PR,아모레퍼시픽,"YOU, 이 시대의 아름다움",2023-09-22,https://play.tvcf.co.kr/919646,Sep_231007
fashion,패션/스포츠,테일러메이드 어패럴,"테일러메이드, 작품이 되다",2023-09-23,https://play.tvcf.co.kr/919641,Sep_231007
retail,서비스/유통/레저,제주항공,여행은 이렇게 갑자기 온다,2023-09-23,https://play.tvcf.co.kr/919642,Sep_231007
healthcare_pharma,제약/의료/복지,인사돌플러스,잇몸 속부터 단단하게,2023-09-23,https://play.tvcf.co.kr/919637,Sep_231007
home_living,생활/가정용품,베스트슬립,국가대표 공식 침대 메트리스,2023-09-23,https://play.tvcf.co.kr/919649,Sep_231007
finance,금융/보험,KB차차차,이러니 KB를 믿을 수밖에,2023-09-23,https://play.tvcf.co.kr/919651,Sep_231007
finance,금융/보험,우리카드,우리는 정석대로 하겠습니다.,2023-09-23,https://play.tvcf.co.kr/919645,Sep_231007
healthcare_pharma,제약/의료/복지,박씨그리프테트라주,"독감백신, 알면 알수록 박씨그리프테트라",2023-09-23,https://play.tvcf.co.kr/919636,Sep_231007
home_appliance,전기전자,센텔리안24 마데카 프라임,화장이 잘 받아요,2023-09-23,https://play.tvcf.co.kr/919639,Sep_231007
healthcare_pharma,제약/의료/복지,프리베나13,이제 화이자 페렴구균 백신 프리베나 13으로 예방하세요.,2023-09-24,https://play.tvcf.co.kr/919660,Sep_231007
healthcare_pharma,제약/의료/복지,프리베나13,난 아직 건강하니까? 지금 바로.,2023-09-24,https://play.tvcf.co.kr/919672,Sep_231007
telecom,정보통신,스포티파이,언제. 어디서나. 운명 같은 음악이 널 찾아올 거야,2023-09-25,https://play.tvcf.co.kr/919661,Sep_231007
public_gov,관공서/단체,한미동맹70주년,기대하라 70년 K美를,2023-09-25,https://play.tvcf.co.kr/919676,Sep_231007
education,출판/교육/문화,벼룩시장,"국민 대표 일자리 앱, 벼룩시장",2023-09-25,https://play.tvcf.co.kr/919720,Sep_231007
education,출판/교육/문화,KBS,"우리가 서로를 바라보는 눈길이, 달빛처럼 순하고 부드럽기를",2023-09-25,https://play.tvcf.co.kr/919783,Sep_231007
fnb,식품/제과,푸라닭치킨,뚫고 나오는 바삭함,2023-09-25,https://play.tvcf.co.kr/919778,Sep_231007
healthcare_pharma,제약/의료/복지,오톰 마이올뉴,당신 곁에서 더 안전하게,2023-09-25,https://play.tvcf.co.kr/919782,Sep_231007
public_gov,관공서/단체,보건복지부,"세상을 바꾸는 나의 언어, Let's take ACTION",2023-09-25,https://play.tvcf.co.kr/919792,Sep_231007
beauty,화장품,헤라,한계를 모르는 이 도시는 나를 닮았다,2023-09-25,https://play.tvcf.co.kr/919791,Sep_231007
education,출판/교육/문화,뉴콘텐츠아카데미,너라는 새로운 에디션,2023-09-25,https://play.tvcf.co.kr/919859,Sep_231007
retail,서비스/유통/레저,에미레이트항공,하늘에서 축구 생중계를?,2023-09-25,https://play.tvcf.co.kr/919790,Sep_231007
automotive,자동차/정유,BMW 5 시리즈,BMW New 5 시리즈를 소개합니다.,2023-09-25,https://play.tvcf.co.kr/919781,Sep_231007
fashion,패션/스포츠,빈폴,태도를 입는다,2023-09-25,https://play.tvcf.co.kr/920576,Sep_231007
fashion,패션/스포츠,에잇세컨즈,"아니 근데 진짜 나, 좀 멋있네",2023-09-25,https://play.tvcf.co.kr/920605,Sep_231007
retail,서비스/유통/레저,알리익스프레스,"직구, 형이 계속 바꿔줄게",2023-09-26,https://play.tvcf.co.kr/919978,Sep_231007
home_appliance,전기전자,"경동나비엔 숙면매트 온수, 카본",숙면. 기술을 써.,2023-09-26,https://play.tvcf.co.kr/919958,Sep_231007
fashion,패션/스포츠,내셔널지오그래픽,요즘은 너만한 게 없다,2023-09-26,https://play.tvcf.co.kr/919981,Sep_231007
corporate_pr,기업PR,한국거래소,"2030 엑스포를 유치하기 위해, 세계는 모두 '부산'스럽다",2023-09-26,https://play.tvcf.co.kr/919919,Sep_231007
fnb,식품/제과,안성탕면,역시 라면계의 도화지,2023-09-26,https://play.tvcf.co.kr/919989,Sep_231007
fashion,패션/스포츠,스릭슨,1위는 바뀌는 법이야,2023-09-26,https://play.tvcf.co.kr/919984,Sep_231007
home_appliance,전기전자,LG 틔운,나만의 공간은 틔운으로 성장 중,2023-09-26,https://play.tvcf.co.kr/919995,Sep_231007
beauty,화장품,이퓨럽,"우리의 시간 속도는 다르지만, 함께한 추억 깊이는 같습니다",2023-09-26,https://play.tvcf.co.kr/920000,Sep_231007
home_appliance,전기전자,캐논 EOS R50,그마음 알아서. 캐논이 알아서.,2023-09-26,https://play.tvcf.co.kr/919979,Sep_231007
home_appliance,전기전자,캐논 EOS R8,시작부터 기술적. 퀄리티는 본격적.,2023-09-26,https://play.tvcf.co.kr/919983,Sep_231007
fnb,식품/제과,미원,작은 미원이 더 큰 세상을 만난다,2023-09-27,https://play.tvcf.co.kr/920005,Sep_231007
telecom,정보통신,구글플레이,게임도 획득도 놓치지 마,2023-09-27,https://play.tvcf.co.kr/920014,Sep_231007
healthcare_pharma,제약/의료/복지,판콜 에스,"감기없는 코리아, 판콜이야",2023-09-27,https://play.tvcf.co.kr/920002,Sep_231007
public_gov,관공서/단체,권역외상센터,기억해주세요 생명을 살리는 여섯글자,2023-09-27,https://play.tvcf.co.kr/920299,Sep_231007
finance,금융/보험,대신증권,"대신, 쟤로해",2023-09-27,https://play.tvcf.co.kr/920366,Sep_231007
retail,서비스/유통/레저,모두투어,모두가 즐거운 여행,2023-09-27,https://play.tvcf.co.kr/920574,Sep_231007
healthcare_pharma,제약/의료/복지,그날엔,너 하고 싶은 거 다~해,2023-09-27,https://play.tvcf.co.kr/920607,Sep_231007
public_gov,관공서/단체,응급실 과밀화 방지 캠페인,대형병원 응급실은 응급환자에게,2023-09-28,https://play.tvcf.co.kr/919925,Sep_231007
automotive,자동차/정유,T station,티스테이션 타임,2023-09-28,https://play.tvcf.co.kr/920346,Sep_231007
telecom,정보통신,LG유플러스,"통신이 쉽다, 유플닷컴",2023-09-28,https://play.tvcf.co.kr/920339,Sep_231007
public_gov,관공서/단체,한국주택금융공사 주택연금,내 집이 나의 힘,2023-09-28,https://play.tvcf.co.kr/920343,Sep_231007
public_gov,관공서/단체,한국장학재단 직업계고,"먼저 찾은 내일, 먼저 만난 꿈",2023-09-28,https://play.tvcf.co.kr/920335,Sep_231007
telecom,정보통신,넷플릭스,위기에 빠진 당신의 구원자,2023-09-28,https://play.tvcf.co.kr/920290,Sep_231007
home_appliance,전기전자,바디프랜드,"피로도 잘 풀고, 수능도 잘 풀자!",2023-09-28,https://play.tvcf.co.kr/920404,Sep_231007
corporate_pr,기업PR,대상그룹,더 많은 것들을 존중의 대상으로,2023-09-30,https://play.tvcf.co.kr/920368,Sep_231007
fnb,식품/제과,종가,"김치의 또다른 이름, 종가",2023-09-30,https://play.tvcf.co.kr/920369,Sep_231007
beauty,화장품,CJ올리브영,남자들의 자기관리,2024-09-01,https://play.tvcf.co.kr/957364,Sep_241009
beauty,화장품,정샘물뷰티,"FIND YOUR BASE, FIND YOUTIFUL",2024-09-01,https://play.tvcf.co.kr/957209,Sep_241009
beauty,화장품,설화수,고밀도 피부를 완성하다,2024-09-01,https://play.tvcf.co.kr/957328,Sep_241009
beauty,화장품,바이리즌 스킨 부스터 HA,아름다움이 깊다,2024-09-01,https://play.tvcf.co.kr/945265,Sep_241009
beauty,화장품,니베아 립케어,히알루론으로 촉촉하고 산뜻하게,2024-09-01,https://play.tvcf.co.kr/957560,Sep_241009
education,출판/교육/문화,빨간펜 아이캔두,빨간펜이니까 아이캔두!,2024-09-01,https://play.tvcf.co.kr/957326,Sep_241009
education,출판/교육/문화,미래엔,미래엔 클래스가 다르다,2024-09-01,https://play.tvcf.co.kr/954334,Sep_241009
education,출판/교육/문화,SBS 2024 KBO리그,우리의 야구에는 포기란 없다,2024-09-01,https://play.tvcf.co.kr/957325,Sep_241009
healthcare_pharma,제약/의료/복지,혈행건강 프로메가,대한민국 혈행 건강에 책임을 다하다,2024-09-01,https://play.tvcf.co.kr/957212,Sep_241009
healthcare_pharma,제약/의료/복지,아로나민 골드,차이는 아로나민골드,2024-09-01,https://play.tvcf.co.kr/956246,Sep_241009
healthcare_pharma,제약/의료/복지,넥스가드 스펙트라,심장사상충과 내외부 구충을 한 번에,2024-09-01,https://play.tvcf.co.kr/957338,Sep_241009
healthcare_pharma,제약/의료/복지,광동 경옥고,프로는 먹는 거엔 타협 안 해요,2024-09-01,https://play.tvcf.co.kr/957337,Sep_241009
telecom,정보통신,넷플릭스,"9월, 넷플 뭐봄?",2024-09-01,https://play.tvcf.co.kr/957373,Sep_241009
home_appliance,전기전자,쿠첸그레인,잡곡으로 건강하자,2024-09-01,https://play.tvcf.co.kr/957218,Sep_241009
home_appliance,전기전자,쿠키런킹덤,"쿠키런킹덤, 맹렬한 파괴의 도래",2024-09-01,https://play.tvcf.co.kr/960369,Sep_241009
fnb,식품/제과,썬플러스 골드라벨,추석선물 고민하지마세요,2024-09-01,https://play.tvcf.co.kr/957214,Sep_241009
fnb,식품/제과,한돈,한돈을 즐기는 누구나 국돼팀,2024-09-01,https://play.tvcf.co.kr/957567,Sep_241009
retail,서비스/유통/레저,에버랜드,상상도 못했던 기묘한 이야기의 시작,2024-09-01,https://play.tvcf.co.kr/957370,Sep_241009
finance,금융/보험,KB국민카드,"다 되는 페이, KB페이",2024-09-01,https://play.tvcf.co.kr/957734,Sep_241009
finance,금융/보험,신한라이프,좋으면 됐어,2024-09-01,https://play.tvcf.co.kr/951080,Sep_241009
finance,금융/보험,라이나생명,정말 나를 위한 보험,2024-09-01,https://play.tvcf.co.kr/957752,Sep_241009
finance,금융/보험,DB손해보험,"함께, 약속 DB손해보험",2024-09-01,https://play.tvcf.co.kr/960057,Sep_241009
public_gov,관공서/단체,GH경기주택도시공사,"도시의 미래를 위한 솔루션, 도미솔",2024-09-01,https://play.tvcf.co.kr/957375,Sep_241009
public_gov,관공서/단체,식품의약품안전처 마약근절 캠페인,"마약을 이기는 힘. 용기 한 걸음, 함께 한 걸음.",2024-09-01,https://play.tvcf.co.kr/957327,Sep_241009
public_gov,관공서/단체,산림청,"나무를 씁니다, 나무가 삽니다",2024-09-01,https://play.tvcf.co.kr/957445,Sep_241009
public_gov,관공서/단체,마음구조109,마음에 힘이 됩니다,2024-09-01,https://play.tvcf.co.kr/957361,Sep_241009
public_gov,관공서/단체,경찰청 우회전 일시정지 캠페인,"우회전 일시정지, 이제 0K입니다",2024-09-01,https://play.tvcf.co.kr/957334,Sep_241009
public_gov,관공서/단체,한국음악저작권협회,MUSIC 음악 안에는 우리가 있습니다,2024-09-01,https://play.tvcf.co.kr/957700,Sep_241009
fnb,식품/제과,맘스터치,WOW TASTE MOM's TOUCH,2024-09-01,https://play.tvcf.co.kr/957371,Sep_241009
education,출판/교육/문화,KBS 캠페인,아이 + 꿈 = 미래,2024-09-02,https://play.tvcf.co.kr/957457,Sep_241009
healthcare_pharma,제약/의료/복지,씨스팡,관절팔팔 씨스팡!,2024-09-02,https://play.tvcf.co.kr/957453,Sep_241009
healthcare_pharma,제약/의료/복지,메노리자,시작하자 메노리자,2024-09-02,https://play.tvcf.co.kr/957463,Sep_241009
home_appliance,전기전자,세라젬,모두의 라이프가 다 다른만큼 세라젬의 기술을 더 다양하게 누릴 수 있도록,2024-09-02,https://play.tvcf.co.kr/957455,Sep_241009
beverage_alcohol,음료/기호식품,필라이트 후레쉬,말도 안되지만 압도적 가성비,2024-09-02,https://play.tvcf.co.kr/957454,Sep_241009
beverage_alcohol,음료/기호식품,카스 라이트,맥주 한잔 할 수 있는 친구는 먼 곳에 있지 않다,2024-09-02,https://play.tvcf.co.kr/957400,Sep_241009
fnb,식품/제과,써브웨이,안창살과 머쉬룸이 어우러지는 미지의 taste,2024-09-02,https://play.tvcf.co.kr/957468,Sep_241009
home_living,생활/가정용품,질레트 랩스 딥 클렌징 바,디테일을 아는 남자의 선택,2024-09-02,https://play.tvcf.co.kr/957464,Sep_241009
finance,금융/보험,KB자산운용,당신이 위로 RISE 할 수 있도록,2024-09-02,https://play.tvcf.co.kr/957108,Sep_241009
finance,금융/보험,토스증권,누구나 주식 투자를 쉽게 보는 세상으로,2024-09-02,https://play.tvcf.co.kr/957749,Sep_241009
finance,금융/보험,미래에셋증권,"미래에셋 수수료, 끊임없이 ZERO",2024-09-02,https://play.tvcf.co.kr/957429,Sep_241009
finance,금융/보험,삼성자산운용,연금도 ISA 투자도 Kodex로 앞서가다,2024-09-02,https://play.tvcf.co.kr/959507,Sep_241009
public_gov,관공서/단체,네이버페이,돈이 되는 금융비교,2024-09-02,https://play.tvcf.co.kr/957420,Sep_241009
public_gov,관공서/단체,한화그룹,"새로운 커리어의 시작, 너만의 이유로 불태워라",2024-09-02,https://play.tvcf.co.kr/960082,Sep_241009
public_gov,관공서/단체,초록우산 어린이재단,언제나 어린이곁에,2024-09-02,https://play.tvcf.co.kr/957442,Sep_241009
retail,서비스/유통/레저,티머니,이동이득 티머니GO,2024-09-02,https://play.tvcf.co.kr/957473,Sep_241009
healthcare_pharma,제약/의료/복지,혈행건강 프로메가,혈행어사 출두요!,2024-09-02,https://play.tvcf.co.kr/957808,Sep_241009
beauty,화장품,THE WHOO,마침내 새로운 히스토리가 될 24시간 안티에이징,2024-09-03,https://play.tvcf.co.kr/958757,Sep_241009
healthcare_pharma,제약/의료/복지,화이자 프리베나13,14년 연속 국내 폐렴구균 백신 부문 1위,2024-09-03,https://play.tvcf.co.kr/957565,Sep_241009
home_appliance,전기전자,어도비 애크로뱃,단 하나의 pdf 솔루션,2024-09-03,https://play.tvcf.co.kr/960372,Sep_241009
automotive,자동차/정유,현대자동차그룹,Inspiring Human Progress,2024-09-03,https://play.tvcf.co.kr/957577,Sep_241009
public_gov,관공서/단체,국제구조위원회,희망을 구조합니다,2024-09-03,https://play.tvcf.co.kr/957736,Sep_241009
public_gov,관공서/단체,인천도시공사,ㅁiㄹH가 기대되는 우리는 iH에 살아요,2024-09-03,https://play.tvcf.co.kr/957574,Sep_241009
fashion,패션/스포츠,PXG,정점에서 마주한 위대한 만남,2024-09-04,https://play.tvcf.co.kr/957806,Sep_241009
fashion,패션/스포츠,젤라또 피케,맛있는 기분을 픽해봐,2024-09-04,https://play.tvcf.co.kr/957864,Sep_241009
education,출판/교육/문화,MBC 선데이 베이스볼,일요일엔 MBC와 함께,2024-09-04,https://play.tvcf.co.kr/957796,Sep_241009
home_appliance,전기전자,코웨이 비렉스 페블체어,안마의자 페블로 갖고 싶던 공간을 완성하다,2024-09-04,https://play.tvcf.co.kr/957793,Sep_241009
home_appliance,전기전자,캐논 EOS R5 Mark II,역대급 5의 위대한 계승,2024-09-04,https://play.tvcf.co.kr/957780,Sep_241009
home_appliance,전기전자,삼성 OLED,Gaming Super DNA,2024-09-04,https://play.tvcf.co.kr/957896,Sep_241009
retail,서비스/유통/레저,롯데렌터카 G카,"언제든G 떠날 때G, 그린카의 새 이름 Gcar",2024-09-04,https://play.tvcf.co.kr/957859,Sep_241009
home_living,생활/가정용품,하기스 네이처메이드,지금 바로 걸음을 내딛어보자,2024-09-04,https://play.tvcf.co.kr/957569,Sep_241009
beauty,화장품,토니모리,"찾아봐, 너만의 특별함",2024-09-05,https://play.tvcf.co.kr/958139,Sep_241009
telecom,정보통신,SK브로드밴드 B tv,빈틈없는 콘텐츠 라이프의 시작,2024-09-05,https://play.tvcf.co.kr/957537,Sep_241009
home_appliance,전기전자,리니지 리마스터,"리니지, 플레이를 리마스터 하다",2024-09-05,https://play.tvcf.co.kr/958015,Sep_241009
home_appliance,전기전자,LG전자,"모이자, 꿈꾸자",2024-09-05,https://play.tvcf.co.kr/958136,Sep_241009
fnb,식품/제과,반올림피자샵,반올림은 자중하지 않아,2024-09-05,https://play.tvcf.co.kr/958289,Sep_241009
retail,서비스/유통/레저,마담주,"마음 담아 주다, 마담주",2024-09-05,https://play.tvcf.co.kr/957998,Sep_241009
home_living,생활/가정용품,써모스,나 생각보다 대단한 사람인 것 같아,2024-09-05,https://play.tvcf.co.kr/958000,Sep_241009
corporate_pr,기업PR,DB손해보험,약속대로 이루어지길,2024-09-05,https://play.tvcf.co.kr/958101,Sep_241009
public_gov,관공서/단체,서울관광재단,FEEL SOUL GOOD,2024-09-05,https://play.tvcf.co.kr/957863,Sep_241009
construction_realestate,아파트/건설,KCC,컬러가 세상을 바꾼다,2024-09-05,https://play.tvcf.co.kr/957895,Sep_241009
healthcare_pharma,제약/의료/복지,익수 공진단,인생에 꼭 한 번은 익수 공진단,2024-09-06,https://play.tvcf.co.kr/958100,Sep_241009
fnb,식품/제과,버거킹,두툼-한 치킨과 비프,2024-09-06,https://play.tvcf.co.kr/958092,Sep_241009
fnb,식품/제과,고피자,PIZZA EVERYWHERE COMPANY,2024-09-06,https://play.tvcf.co.kr/958138,Sep_241009
corporate_pr,기업PR,현대해상 기업PR,시대를 넘어 보험이 가야할 길,2024-09-06,https://play.tvcf.co.kr/957344,Sep_241009
corporate_pr,기업PR,삼성SDS,"우리는 이미, 세계에서 가장 주목받는 하이테크 물류기업입니다.",2024-09-06,https://play.tvcf.co.kr/958298,Sep_241009
finance,금융/보험,KB손해보험 다이렉트,만기왔다이렉트,2024-09-06,https://play.tvcf.co.kr/958649,Sep_241009
public_gov,관공서/단체,가스안전캠페인,행복을 지켜주는 CHECK!,2024-09-06,https://play.tvcf.co.kr/958104,Sep_241009
healthcare_pharma,제약/의료/복지,훼스탈 슈퍼자임,"빠른소화, 소화효소가 답이다",2024-09-07,https://play.tvcf.co.kr/958123,Sep_241009
home_appliance,전기전자,코웨이 비렉스 리클라이닝 안마베드,이제 안마는 코웨이 비렉스,2024-09-07,https://play.tvcf.co.kr/958113,Sep_241009
fnb,식품/제과,켈로그 프로틴 딜라이트 카라멜&피칸,강민경의 요즘 단백질,2024-09-07,https://play.tvcf.co.kr/958111,Sep_241009
finance,금융/보험,NH트래블리 체크카드,너에게 혜택을 끝없이,2024-09-07,https://play.tvcf.co.kr/958098,Sep_241009
education,출판/교육/문화,대교 브레인 트레이닝,오늘의 행복을 평생의 기억으로,2024-09-09,https://play.tvcf.co.kr/958265,Sep_241009
healthcare_pharma,제약/의료/복지,락토핏,대한민국 1등 유산균,2024-09-09,https://play.tvcf.co.kr/958267,Sep_241009
telecom,정보통신,SK텔레콤,AI때문에 벌어진 도파민 중독. AI 스스로 해결할 순 없을까?.,2024-09-09,https://play.tvcf.co.kr/958366,Sep_241009
home_appliance,전기전자,삼성 갤럭시 북4 엣지,처음 만나는 AI PC,2024-09-09,https://play.tvcf.co.kr/958266,Sep_241009
home_appliance,전기전자,저니 오브 모나크,꿈꾸던 본토로 향하는 여정,2024-09-09,https://play.tvcf.co.kr/959280,Sep_241009
beverage_alcohol,음료/기호식품,코카콜라,맛있는 마법을 더해요,2024-09-09,https://play.tvcf.co.kr/959162,Sep_241009
home_living,생활/가정용품,파나소닉,스타일이 있는 남자,2024-09-09,https://play.tvcf.co.kr/958134,Sep_241009
corporate_pr,기업PR,코오롱몰,코오롱 고객 공개모집,2024-09-09,https://play.tvcf.co.kr/958127,Sep_241009
home_appliance,전기전자,퍼플,"원하면, 지금 바로.",2024-09-10,https://play.tvcf.co.kr/959045,Sep_241009
home_appliance,전기전자,휴플러스,휴식에 안마를 더하다,2024-09-10,https://play.tvcf.co.kr/960439,Sep_241009
home_living,생활/가정용품,데스커,모두를 움직일 가능성,2024-09-10,https://play.tvcf.co.kr/958272,Sep_241009
finance,금융/보험,신한카드,완벽한 포인트 득점 플랜,2024-09-10,https://play.tvcf.co.kr/958488,Sep_241009
public_gov,관공서/단체,공익광고협의회,아이들의 신호에 응답해주세요,2024-09-10,https://play.tvcf.co.kr/958290,Sep_241009
home_living,생활/가정용품,굽네듀먼,재료가 보이면 맛이 보인다,2024-09-10,https://play.tvcf.co.kr/958364,Sep_241009
fnb,식품/제과,본죽 본죽&비빔밥,더 완벽한 일석이죽,2024-09-10,https://play.tvcf.co.kr/958342,Sep_241009
fashion,패션/스포츠,탑텐,편안함에 물들다,2024-09-11,https://play.tvcf.co.kr/958521,Sep_241009
education,출판/교육/문화,골프존,"별빛 라운드의 색다른 즐거움, 지금 투비전NX에서",2024-09-11,https://play.tvcf.co.kr/958554,Sep_241009
home_appliance,전기전자,삼성 갤럭시 버즈3 프로,Hear sound in a new light,2024-09-11,https://play.tvcf.co.kr/958486,Sep_241009
home_appliance,전기전자,로보락,실제 후기를 딱 보여드림,2024-09-11,https://play.tvcf.co.kr/959331,Sep_241009
finance,금융/보험,SBI저축은행,금융은 실전이야,2024-09-11,https://play.tvcf.co.kr/958549,Sep_241009
fashion,패션/스포츠,뉴발란스,ALWAYS TOGETHER,2024-09-12,https://play.tvcf.co.kr/958991,Sep_241009
education,출판/교육/문화,2024 MBC 신입사원 공개채용,새로움을 채우다 MBC,2024-09-12,https://play.tvcf.co.kr/958683,Sep_241009
education,출판/교육/문화,팀스파르타,바라던 내 일을 만나다,2024-09-12,https://play.tvcf.co.kr/958984,Sep_241009
healthcare_pharma,제약/의료/복지,코웰메디,코웰메디로 진행시켜,2024-09-12,https://play.tvcf.co.kr/958738,Sep_241009
healthcare_pharma,제약/의료/복지,모닝케어 PRESS ON,환과 액상을 바로 마시는 환상적 숙취해소,2024-09-12,https://play.tvcf.co.kr/958760,Sep_241009
telecom,정보통신,KT 스카이라이프,Change your Home life,2024-09-12,https://play.tvcf.co.kr/958730,Sep_241009
home_appliance,전기전자,나르왈 Freo Z Ultra,지능적 바닥케어의 시작,2024-09-12,https://play.tvcf.co.kr/960136,Sep_241009
beverage_alcohol,음료/기호식품,처음처럼,변함없는 부드러움,2024-09-12,https://play.tvcf.co.kr/958673,Sep_241009
fnb,식품/제과,그레인온,1등은 누가 뭐래도 그레인온,2024-09-12,https://play.tvcf.co.kr/958680,Sep_241009
retail,서비스/유통/레저,CJ온스타일,쇼핑은 쇼로 시작해,2024-09-12,https://play.tvcf.co.kr/958746,Sep_241009
corporate_pr,기업PR,서한,"오직, 좋은 집을 짓습니다.",2024-09-12,https://play.tvcf.co.kr/958378,Sep_241009
finance,금융/보험,KB손해보험 다이렉트,만기 오면 연아의 KB다이렉트,2024-09-12,https://play.tvcf.co.kr/958745,Sep_241009
finance,금융/보험,현대캐피탈,그동안 자동차 정보 따로 자동차 금융 따로 헤매느라 고생한 모두에게 바칩니다.,2024-09-12,https://play.tvcf.co.kr/958743,Sep_241009
public_gov,관공서/단체,보건복지부 129 보건복지상담센터,보건복지부가 129로 행복을 연결합니다,2024-09-12,https://play.tvcf.co.kr/958753,Sep_241009
public_gov,관공서/단체,코리안드림 1000만 캠페인,"ONE THE FULL, ONE KOREA",2024-09-12,https://play.tvcf.co.kr/959281,Sep_241009
fnb,식품/제과,맥도날드 맥크리스피 스리라차 마요,오늘을 맛있게 쓰리라,2024-09-12,https://play.tvcf.co.kr/958681,Sep_241009
telecom,정보통신,디즈니플러스,디즈니+ 일년살기,2024-09-12,https://play.tvcf.co.kr/958682,Sep_241009
fashion,패션/스포츠,스케쳐스 맥스 쿠셔닝,스케쳐스가 만들면 러닝화조차 편안해진다,2024-09-13,https://play.tvcf.co.kr/958831,Sep_241009
fashion,패션/스포츠,노스페이스 화이트라벨,NUPTSE THE SHORT,2024-09-13,https://play.tvcf.co.kr/958829,Sep_241009
healthcare_pharma,제약/의료/복지,네이처 메이드,꽉 채운 건강을 만드는 기술,2024-09-13,https://play.tvcf.co.kr/958694,Sep_241009
healthcare_pharma,제약/의료/복지,홍이장군 점프스틱,차원이 다른 성장,2024-09-13,https://play.tvcf.co.kr/958747,Sep_241009
healthcare_pharma,제약/의료/복지,로게인폼,두피케어를 넘어 모낭 표적케어로,2024-09-13,https://play.tvcf.co.kr/958828,Sep_241009
healthcare_pharma,제약/의료/복지,당신도 대상포진 대상자 캠페인,대상포진은 예방접종이 중요합니다,2024-09-13,https://play.tvcf.co.kr/958821,Sep_241009
telecom,정보통신,SK텔레콤 아이폰 16 Pro,Capture Your Vibe,2024-09-13,https://play.tvcf.co.kr/958827,Sep_241009
telecom,정보통신,아이폰 16 Pro,할리우드가 손 안에,2024-09-13,https://play.tvcf.co.kr/958824,Sep_241009
telecom,정보통신,나만없어 드래곤,지상 최대 드래곤 전쟁에 모두 참여하세요,2024-09-13,https://play.tvcf.co.kr/959066,Sep_241009
telecom,정보통신,삼성 갤럭시 Z 플립6,Voice of Galacy,2024-09-13,https://play.tvcf.co.kr/959078,Sep_241009
home_appliance,전기전자,LG 트롬 오브제컬렉션 건조기,무.조.건 트롬 건조,2024-09-13,https://play.tvcf.co.kr/960036,Sep_241009
automotive,자동차/정유,BMW i7,자신의 운명을 스스로 만드는 당신께,2024-09-13,https://play.tvcf.co.kr/958830,Sep_241009
fnb,식품/제과,동원 그릴리,신유빈은 그릴리 후랑크,2024-09-13,https://play.tvcf.co.kr/958737,Sep_241009
fnb,식품/제과,팔도비빔면,페어링의 원조 팔도비빔면Ⅱ,2024-09-13,https://play.tvcf.co.kr/958819,Sep_241009
finance,금융/보험,토스,청소년 도박이 사라지는 그날까지,2024-09-13,https://play.tvcf.co.kr/958735,Sep_241009
public_gov,관공서/단체,유니세프,"나는 팀코리아, 그리고 유니세프 팀코리아",2024-09-13,https://play.tvcf.co.kr/959113,Sep_241009
public_gov,관공서/단체,한국도박문제예방치유원,🎵 형 따라 1 to the 3 to the 3 to the 6,2024-09-13,https://play.tvcf.co.kr/959122,Sep_241009
fashion,패션/스포츠,빈폴,"익숙하게, 다시 새롭게",2024-09-13,https://play.tvcf.co.kr/958691,Sep_241009
fashion,패션/스포츠,K2 실크스타,세상 젤로 부드러운 다운,2024-09-14,https://play.tvcf.co.kr/958834,Sep_241009
healthcare_pharma,제약/의료/복지,치센,"치질 키우지 말고, 먹는 약 치센!",2024-09-14,https://play.tvcf.co.kr/958839,Sep_241009
home_appliance,전기전자,발란스핏 체어마사지기,소파에 탁! 의자에 탁!,2024-09-14,https://play.tvcf.co.kr/958837,Sep_241009
home_living,생활/가정용품,퍼시스,세상이 MZ를 바라보는 모습 대신 진짜 당신의 모습을 들려주세요.,2024-09-14,https://play.tvcf.co.kr/958860,Sep_241009
telecom,정보통신,잡코리알바몬,"지원아, 1위로 와",2024-09-14,https://play.tvcf.co.kr/958842,Sep_241009
beverage_alcohol,음료/기호식품,제누 단백질 커피믹스,그래도 맛있다,2024-09-15,https://play.tvcf.co.kr/958847,Sep_241009
fashion,패션/스포츠,밀레,"HISTORY OF MOUNTAIN, MILLET",2024-09-16,https://play.tvcf.co.kr/959168,Sep_241009
telecom,정보통신,KT 아이폰 16 Pro,모두를 들썩이게 할 iPhone 16,2024-09-16,https://play.tvcf.co.kr/959278,Sep_241009
home_appliance,전기전자,휴렉,🎵 음쓰는 휴렉,2024-09-16,https://play.tvcf.co.kr/959180,Sep_241009
public_gov,관공서/단체,대한민국 국방부,건군 76주년 국군의 날,2024-09-16,https://play.tvcf.co.kr/958851,Sep_241009
beverage_alcohol,음료/기호식품,포카리스웨트,24년 여름이었습니다,2024-09-16,https://play.tvcf.co.kr/958864,Sep_241009
fnb,식품/제과,테일러푸룬,시원하게 잘 비우는 우리가족 건강습관,2024-09-18,https://play.tvcf.co.kr/960113,Sep_241009
finance,금융/보험,KB손해보험 다이렉트,KB다이렉트만기억해,2024-09-19,https://play.tvcf.co.kr/958972,Sep_241009
finance,금융/보험,신한금융그룹,시니어도 누려야 하니까,2024-09-19,https://play.tvcf.co.kr/959301,Sep_241009
public_gov,관공서/단체,초록우산 어린이재단,소중한 이를 추억하고 아름다운 여운을 이어가는 일,2024-09-19,https://play.tvcf.co.kr/959034,Sep_241009
beauty,화장품,아이스트,모공부터 탄력을 한번에,2024-09-20,https://play.tvcf.co.kr/959497,Sep_241009
beauty,화장품,피지오겔,새로운 DMT 리제너러티브 크림을 만나보세요,2024-09-20,https://play.tvcf.co.kr/959554,Sep_241009
healthcare_pharma,제약/의료/복지,모더나 코로나19 백신 스파이크박스,코로나19가 당신의 인생을 멈추지 않도록,2024-09-20,https://play.tvcf.co.kr/959056,Sep_241009
healthcare_pharma,제약/의료/복지,콜대원,감기엔 콜대원,2024-09-20,https://play.tvcf.co.kr/958968,Sep_241009
home_appliance,전기전자,풀쎄라,언제 어디서나 뷰티풀해라,2024-09-20,https://play.tvcf.co.kr/959134,Sep_241009
home_appliance,전기전자,스파알,깨알루틴,2024-09-20,https://play.tvcf.co.kr/960185,Sep_241009
beverage_alcohol,음료/기호식품,발렌타인,"바로, 지금 우리가 깊어지는 시간",2024-09-20,https://play.tvcf.co.kr/959114,Sep_241009
beverage_alcohol,음료/기호식품,코카콜라 제로,지금 바로 레츠곰!,2024-09-20,https://play.tvcf.co.kr/959057,Sep_241009
finance,금융/보험,미래에셋증권,🎵 연금은 미래,2024-09-20,https://play.tvcf.co.kr/959302,Sep_241009
telecom,정보통신,SK텔레콤 ZEM,ZEM있으면 다 됩니다.,2024-09-21,https://play.tvcf.co.kr/959273,Sep_241009
fashion,패션/스포츠,아이더,가볍잖아? 근데 따뜻.,2024-09-21,https://play.tvcf.co.kr/959498,Sep_241009
education,출판/교육/문화,KBS 캠페인,"우리 아이, 우리 미래",2024-09-23,https://play.tvcf.co.kr/959339,Sep_241009
home_appliance,전기전자,리니지M,KNIGHT RETURNS,2024-09-23,https://play.tvcf.co.kr/959531,Sep_241009
beverage_alcohol,음료/기호식품,새로,제로 슈거로 산뜻하고 부드러운 새로,2024-09-23,https://play.tvcf.co.kr/959340,Sep_241009
retail,서비스/유통/레저,29CM,취향을 완성하는 단 하나의 가이드,2024-09-23,https://play.tvcf.co.kr/959537,Sep_241009
public_gov,관공서/단체,진안고원,"바람, 햇살, 구름도 쉬어가는 곳",2024-09-23,https://play.tvcf.co.kr/959341,Sep_241009
automotive,자동차/정유,아이오닉,"나만 누리고 싶으니까. I only, IONIQ",2024-09-23,https://play.tvcf.co.kr/959561,Sep_241009
home_appliance,전기전자,삼성전자,Expand your TERAtory,2024-09-23,https://play.tvcf.co.kr/959188,Sep_241009
beauty,화장품,더마펌,당신의 피부에 더 직접적으로,2024-09-24,https://play.tvcf.co.kr/960105,Sep_241009
beauty,화장품,리바이포유,마음 속에서 마음 손 위로,2024-09-24,https://play.tvcf.co.kr/960442,Sep_241009
healthcare_pharma,제약/의료/복지,가다실9,암 예방 더 이상 미룰 순 없으니까,2024-09-24,https://play.tvcf.co.kr/960224,Sep_241009
beverage_alcohol,음료/기호식품,아사히 쇼쿠사이,이것이 아시안 프리미엄,2024-09-24,https://play.tvcf.co.kr/959538,Sep_241009
retail,서비스/유통/레저,더한섬닷컴,A Room Of Her Own,2024-09-24,https://play.tvcf.co.kr/960413,Sep_241009
finance,금융/보험,신한투자증권,🎵 매일매일 신투데이 신한투자증권,2024-09-24,https://play.tvcf.co.kr/959511,Sep_241009
telecom,정보통신,시큐릿,흔적이 없는 신박한 보안 메신저,2024-09-25,https://play.tvcf.co.kr/960011,Sep_241009
construction_realestate,아파트/건설,쌍용건설,평택역 대변화의 시작,2024-09-25,https://play.tvcf.co.kr/960015,Sep_241009
retail,서비스/유통/레저,이마트,"이 맛에 이 가격, 어메이징 버거",2024-09-25,https://play.tvcf.co.kr/959909,Sep_241009
public_gov,관공서/단체,국가유산진흥원,국가유산 나도 지킨다,2024-09-25,https://play.tvcf.co.kr/959898,Sep_241009
fashion,패션/스포츠,내셔널지오그래픽 어패럴,변덕스러운 지구의 가을을 즐겨봐,2024-09-26,https://play.tvcf.co.kr/960041,Sep_241009
healthcare_pharma,제약/의료/복지,오트리빈S,"오늘이 트인다, 오트리빈",2024-09-26,https://play.tvcf.co.kr/960556,Sep_241009
home_appliance,전기전자,삼성 갤럭시 탭 S10,New ways to elevate your day,2024-09-26,https://play.tvcf.co.kr/960155,Sep_241009
construction_realestate,아파트/건설,KB골든라이프케어,서울 평창동엔 꽃이 활짝,2024-09-26,https://play.tvcf.co.kr/960112,Sep_241009
fnb,식품/제과,BHC치킨 뿌링클,사랑해주신 덕에 10년 동안 잘 컸습니다,2024-09-26,https://play.tvcf.co.kr/960047,Sep_241009
finance,금융/보험,현대카드 핑크,"쇼핑이 쇼핑을 부르는 혜택, 핑크에 담다",2024-09-26,https://play.tvcf.co.kr/960024,Sep_241009
finance,금융/보험,현대카드 레드,핫한 혜택으로 뜨거워진 레드,2024-09-26,https://play.tvcf.co.kr/960022,Sep_241009
finance,금융/보험,현대카드 그린,어디로 떠나든 그린의 혜택으로,2024-09-26,https://play.tvcf.co.kr/960023,Sep_241009
fnb,식품/제과,뚜레쥬르,좋아하는 걸 더 기본 좋게,2024-09-26,https://play.tvcf.co.kr/960017,Sep_241009
home_appliance,전기전자,경동나비엔 숙면매트,기술의 차이가 숙면의 차이,2024-09-27,https://play.tvcf.co.kr/960179,Sep_241009
home_appliance,전기전자,경동나비엔 콘덴싱 ON AI,나비엔 없는 10년 10초로 요약해줄게,2024-09-27,https://play.tvcf.co.kr/960403,Sep_241009
fnb,식품/제과,시티델리,시티델리로 함 박꿔보시죠,2024-09-27,https://play.tvcf.co.kr/960192,Sep_241009
retail,서비스/유통/레저,아시아나항공,데려가 줄게요 당신이 바라던 바로 그 세상으로,2024-09-27,https://play.tvcf.co.kr/960196,Sep_241009
home_living,생활/가정용품,페브리즈,빨래한 것 같은 상쾌함이 최대 48시간 동안,2024-09-27,https://play.tvcf.co.kr/960541,Sep_241009
home_living,생활/가정용품,팸퍼스,축축함은 잠그고 뽀송함만 남겼다,2024-09-27,https://play.tvcf.co.kr/960652,Sep_241009
corporate_pr,기업PR,하나은행 청소년 불법도박 예방 캠페인,도박은 게임이 아닙니다. 명백한 범죄입니다.,2024-09-27,https://play.tvcf.co.kr/960237,Sep_241009
finance,금융/보험,신한투자증권 프로 IRP,신한투자증권 프로가 %로 말합니다,2024-09-27,https://play.tvcf.co.kr/960386,Sep_241009
public_gov,관공서/단체,대한민국정부,우리가 좋아하는 것들이 사라지기 전에 탄소중립 당장 실천할 때,2024-09-27,https://play.tvcf.co.kr/960150,Sep_241009
public_gov,관공서/단체,대한민국정부,"탄소를 줄이는 확실한 행동, 탄소중립 소확행 시작",2024-09-27,https://play.tvcf.co.kr/960151,Sep_241009
public_gov,관공서/단체,WWF,까막딱따구리가 운영하는 가평 나무숲 구멍하우스.,2024-09-27,https://play.tvcf.co.kr/960380,Sep_241009
fashion,패션/스포츠,르무통,신발은 편해야 합니다,2024-09-27,https://play.tvcf.co.kr/960244,Sep_241009
home_appliance,전기전자,경동나비엔 콘덴싱 ON AI,"온수, 불편하거나 나비엔이거나",2024-09-27,https://play.tvcf.co.kr/960230,Sep_241009
education,출판/교육/문화,KBS,세상에서 가장 과학적인 문자 한글,2024-09-28,https://play.tvcf.co.kr/960289,Sep_241009
telecom,정보통신,KT,KT가 마이크로소프트와 함께 당신에게 더 가까운 다음 시대 AI를 만듭니다.,2024-09-29,https://play.tvcf.co.kr/960370,Sep_241009
home_appliance,전기전자,어도비 포토샵,내일의 꿈을 오늘로,2024-09-30,https://play.tvcf.co.kr/960388,Sep_241009
automotive,자동차/정유,현대자동차,"우리의 여정과 도전, 그 중심에는 늘 여러분이 있습니다.",2024-09-30,https://play.tvcf.co.kr/960446,Sep_241009
finance,금융/보험,신한은행 퇴직연금,퇴직연금은 탄탄한 신한은행 퇴직연금,2024-09-30,https://play.tvcf.co.kr/960448,Sep_241009
public_gov,관공서/단체,유니세프,저와 함께 유니세프 팀이 되어 어린이를 지켜주세요,2024-09-30,https://play.tvcf.co.kr/960383,Sep_241009
public_gov,관공서/단체,LH 한국주택도시공사,"삶이 있는 곳에, 한국토지주택공사",2024-09-30,https://play.tvcf.co.kr/960445,Sep_241009
public_gov,관공서/단체,한국로봇산업진흥원,로봇은 언제나 내 편,2024-09-30,https://play.tvcf.co.kr/960440,Sep_241009
public_gov,관공서/지자체,한국주택금융공사,국민의 든든한 주택 금융 혜택,2023-07-01,https://play.tvcf.co.kr/911041,Jul_230730
public_gov,관공서/지자체,한국산업안전보건공단,숨은 위험을 미리 찾는 것이 안전의 시작,2023-07-01,https://play.tvcf.co.kr/911039,Jul_230730
public_gov,관공서/지자체,저출산고령사회위원회,"너를 만나, 새로운 나로",2023-07-01,https://play.tvcf.co.kr/911034,Jul_230730
public_gov,관공서/지자체,인천시교육청,"학생 한 명 한 명의 결대로 꿈대로, 학생성공시대를 여는 인천교육",2023-07-01,https://play.tvcf.co.kr/911258,Jul_230730
public_gov,관공서/지자체,경기도,당신의 가치가 기회로,2023-07-01,https://play.tvcf.co.kr/911036,Jul_230730
finance,금융/보험,우체국 금융,신뢰가 대세다! 우체국금융 스타일,2023-07-01,https://play.tvcf.co.kr/911024,Jul_230730
finance,금융/보험,신한투자증권,신한투자증권을 만나면 핑크빛 계획이 되고,2023-07-01,https://play.tvcf.co.kr/912215,Jul_230730
corporate_pr,기업PR,현대엘리베이터,ELEVATE YOUR DAYS,2023-07-01,https://play.tvcf.co.kr/911053,Jul_230730
home_living,생활/가정용품,크리스피바바,"여름엔, 양모로",2023-07-01,https://play.tvcf.co.kr/911084,Jul_230730
home_living,생활/가정용품,쿡셀,요리가 건강해지는 쿡셀타임!,2023-07-01,https://play.tvcf.co.kr/911026,Jul_230730
home_living,생활/가정용품,유한크로락스 세정살균티슈,주방에서 쓱. 싹. 짠. 깨끗.,2023-07-01,https://play.tvcf.co.kr/911676,Jul_230730
home_living,생활/가정용품,다우니 실내건조 플러스,"빽빽하게 빽빽하게 널어도
햇볕에 말린듯 상쾌하게",2023-07-01,https://play.tvcf.co.kr/911049,Jul_230730
retail,서비스/유통/레저,야놀자,놀자. 계산적으로.,2023-07-01,https://play.tvcf.co.kr/911062,Jul_230730
retail,서비스/유통/레저,아임닭,인공지능이 써준 그대로 한 글자도 수정 없이 제작한 광고의 탄생,2023-07-01,https://play.tvcf.co.kr/910045,Jul_230730
retail,서비스/유통/레저,사구플라워,"화환 49,000원",2023-07-01,https://play.tvcf.co.kr/910457,Jul_230730
retail,서비스/유통/레저,모두투어,두근거리는 순간부터 여행은 시작이니까,2023-07-01,https://play.tvcf.co.kr/911050,Jul_230730
fnb,식품/제과,프링글스,한번 열면 멈추지 않는 즐거움!,2023-07-01,https://play.tvcf.co.kr/911044,Jul_230730
fnb,식품/제과,조마루감자탕,"당신 옆에 든든한, 조마루감자탕",2023-07-01,https://play.tvcf.co.kr/911085,Jul_230730
beverage_alcohol,음료/기호식품,클라우드 생 드래프트,"클라우드 생 드래프트와 함께라면, 온 세상이 生맥맛집",2023-07-01,https://play.tvcf.co.kr/911303,Jul_230730
beverage_alcohol,음료/기호식품,카스,신나기만 했던 여름은? 바로 오늘! 카스쿨,2023-07-01,https://play.tvcf.co.kr/911088,Jul_230730
beverage_alcohol,음료/기호식품,칠성사이다,"청량한 순간에 언제나, 칠성사이다",2023-07-01,https://play.tvcf.co.kr/910727,Jul_230730
beverage_alcohol,음료/기호식품,덴마크,"확실히 신선해, 나까지 신선해졌어
Fresh Me, 덴마크",2023-07-01,https://play.tvcf.co.kr/910734,Jul_230730
beverage_alcohol,음료/기호식품,농심 데이플러스,맛있는 하루충전 데이플러스,2023-07-01,https://play.tvcf.co.kr/911454,Jul_230730
beverage_alcohol,음료/기호식품,나랑드사이다,아무것도 없다 맛만 있다,2023-07-01,https://play.tvcf.co.kr/911078,Jul_230730
automotive,자동차/정유,캐스퍼,Incredible CASPER,2023-07-01,https://play.tvcf.co.kr/911031,Jul_230730
automotive,자동차/정유,기아자동차,Movement that inspires,2023-07-01,https://play.tvcf.co.kr/911079,Jul_230730
automotive,자동차/정유,BMW MINI,작은 도시를 사랑하자. BIG LOVE. MINI.,2023-07-01,https://play.tvcf.co.kr/912056,Jul_230730
home_appliance,전기전자,컴투스프로야구,야구를 대신할 수 있는 건 야구밖에 없다,2023-07-01,https://play.tvcf.co.kr/911573,Jul_230730
home_appliance,전기전자,삼성 BESPOKE INFINITE LINE KITCHEN,모든 것은 변하지만 동시에 어떤 것도 변하지 않는다,2023-07-01,https://play.tvcf.co.kr/911038,Jul_230730
home_appliance,전기전자,바람의나라:연,당신의 플레이가 선물이 되다!,2023-07-01,https://play.tvcf.co.kr/911874,Jul_230730
home_appliance,전기전자,다이슨 v12 디텍트 슬림,처음부터 끝까지 깨끗한 물로 깔끔한 마무리,2023-07-01,https://play.tvcf.co.kr/911083,Jul_230730
home_appliance,전기전자,네스프레소 버츄오,Unbelievable. Unforgettable.,2023-07-01,https://play.tvcf.co.kr/911043,Jul_230730
home_appliance,전기전자,가스트론,안전을 완전하게,2023-07-01,https://play.tvcf.co.kr/909511,Jul_230730
home_appliance,전기전자,샤크 에보 플라워 시스템 IQ 플러스,청소를 파워풀하고 간편하게,2023-07-01,https://play.tvcf.co.kr/911077,Jul_230730
home_appliance,전기전자,냥코대전쟁,치열한 전투 속에 쏟아지는 보상을 잡아라,2023-07-01,https://play.tvcf.co.kr/912216,Jul_230730
telecom,정보통신,SK 텔레콤,헤헤혜택 더 줌,2023-07-01,https://play.tvcf.co.kr/910752,Jul_230730
telecom,정보통신,쏘카,내 차엔 없던 세계,2023-07-01,https://play.tvcf.co.kr/910003,Jul_230730
telecom,정보통신,바비톡,"성형, 피부시술 전에 바비톡 안하면 다메다메요",2023-07-01,https://play.tvcf.co.kr/911543,Jul_230730
healthcare_pharma,제약/의료/복지,콜대원,"기다려도 기다려도 떨어지지 않는 감기엔, 다짜고짜 콜대원",2023-07-01,https://play.tvcf.co.kr/911374,Jul_230730
healthcare_pharma,제약/의료/복지,아이클리어,눈 노화엔 아이클리어!,2023-07-01,https://play.tvcf.co.kr/911087,Jul_230730
healthcare_pharma,제약/의료/복지,박카스,"누구보다 먼저 아침을 깨우는 당신이 있기에
지금의 대한민국이 있습니다",2023-07-01,https://play.tvcf.co.kr/911025,Jul_230730
healthcare_pharma,제약/의료/복지,덴서티,아 그래서 DENSITY,2023-07-01,https://play.tvcf.co.kr/911075,Jul_230730
healthcare_pharma,제약/의료/복지,애크논크림,애크논 콕! 여드름 싹!,2023-07-01,https://play.tvcf.co.kr/912213,Jul_230730
healthcare_pharma,제약/의료/복지,센트룸 프로바이오,"다이어트, 채워서 빼는 시대",2023-07-01,https://play.tvcf.co.kr/908803,Jul_230730
beauty,화장품,CJ올리브영,"Inner Beautiful Time. 속부터 아름다워지는 중, 올리브영 이너뷰티.",2023-07-01,https://play.tvcf.co.kr/911280,Jul_230730
beauty,화장품,에스트라,민감한 속건조엔 수분길 여는 더마 속수분,2023-07-01,https://play.tvcf.co.kr/911471,Jul_230730
beauty,화장품,썸머스이브,세상 모든 Y에 밸런스로 답하다,2023-07-01,https://play.tvcf.co.kr/911287,Jul_230730
fnb,식품/제과,신라면,오늘의 베스트신은? 지금이 BEST 辛이지!,2023-07-02,https://play.tvcf.co.kr/911256,Jul_230730
home_living,생활/가정용품,디어스킨 리얼모달,처음 만난 기분 좋은 시원함,2023-07-03,https://play.tvcf.co.kr/910914,Jul_230730
retail,서비스/유통/레저,대한항공 x 델타항공,최고의 팀을 선택하세요,2023-07-03,https://play.tvcf.co.kr/912040,Jul_230730
fnb,식품/제과,서브웨이,"널 만나면 기분이 좋아, eat fresh feel good",2023-07-03,https://play.tvcf.co.kr/911268,Jul_230730
fnb,식품/제과,서브웨이,그 새우 많이 컸다,2023-07-03,https://play.tvcf.co.kr/911278,Jul_230730
telecom,정보통신,LG유플러스,유쓰 청년 요금제로 혜택이 득흔득흔,2023-07-03,https://play.tvcf.co.kr/911479,Jul_230730
education,출판/교육/문화,캡티칭,놀이를 통해 코딩을 배우는 여긴 캡티칭,2023-07-03,https://play.tvcf.co.kr/911459,Jul_230730
fashion,패션/스포츠,배럴,LIFE IS SWELL,2023-07-03,https://play.tvcf.co.kr/911533,Jul_230730
home_living,생활/가정용품,페브리즈,오늘 냄새 오늘 리셋,2023-07-04,https://play.tvcf.co.kr/911495,Jul_230730
fnb,식품/제과,자일리톨,Let's XYLITOL,2023-07-04,https://play.tvcf.co.kr/911499,Jul_230730
fnb,식품/제과,배스킨라빈스,배라에 라춘과 여름이 온에어,2023-07-04,https://play.tvcf.co.kr/911486,Jul_230730
fnb,식품/제과,제주감귤,"한결 같은 달달함, 제주감귤",2023-07-05,https://play.tvcf.co.kr/911669,Jul_230730
fnb,식품/제과,맥도날드 진도 대파 크림 크로켓 버거,"버거 맛도 우리 농가도 살리는
맥도날드가 찾은 한국의 맛",2023-07-05,https://play.tvcf.co.kr/911664,Jul_230730
automotive,자동차/정유,The new 모닝,24시간 새로운 모닝이 밝았습니다.,2023-07-05,https://play.tvcf.co.kr/911551,Jul_230730
telecom,정보통신,DIGICO KT,DIGICO KT,2023-07-05,https://play.tvcf.co.kr/911519,Jul_230730
telecom,정보통신,삼성 스마트싱스,스마트싱스 1일 1DO. 스싱 easy!,2023-07-05,https://play.tvcf.co.kr/911719,Jul_230730
beauty,화장품,비플레인,"클렌징 선두, 녹두",2023-07-05,https://play.tvcf.co.kr/911514,Jul_230730
beauty,화장품,려(呂) 루트젠,"여자에겐, 여자를 위한 탈모샴푸를",2023-07-05,https://play.tvcf.co.kr/904183,Jul_230730
public_gov,관공서/지자체,행정안전부,풍수해보험 준비해요,2023-07-06,https://play.tvcf.co.kr/911830,Jul_230730
finance,금융/보험,신한카드,오직 신한카드 고객만,2023-07-06,https://play.tvcf.co.kr/911855,Jul_230730
home_living,생활/가정용품,더리얼 모먼트,더리얼로 진짜 가족이 됩니다,2023-07-06,https://play.tvcf.co.kr/911860,Jul_230730
fnb,식품/제과,버거킹 헬로 디아블로 와퍼,Hell로 버거킹,2023-07-06,https://play.tvcf.co.kr/911856,Jul_230730
telecom,정보통신,수삼국,믿어봐. 믿을 수 없겠지만.,2023-07-06,https://play.tvcf.co.kr/911875,Jul_230730
education,출판/교육/문화,JTBC 캠페인,안전부터 배우면 물은 위험하지 않습니다.,2023-07-06,https://play.tvcf.co.kr/911876,Jul_230730
education,출판/교육/문화,2023 마이크로서울,2023 micro seoul. Seoulbound,2023-07-06,https://play.tvcf.co.kr/911728,Jul_230730
home_living,생활/가정용품,해피홈 파워캡슐,세제가 아니다 ALL IN ONE이다,2023-07-07,https://play.tvcf.co.kr/911998,Jul_230730
retail,서비스/유통/레저,카카오T 해외차량호출,국내에서 택시 부르듯 해외차량호출. 모빌리티 자동로밍시대의 개막.,2023-07-07,https://play.tvcf.co.kr/911674,Jul_230730
beverage_alcohol,음료/기호식품,아사히 수퍼드라이 생맥주캔,언제 어디서나 생맥주 목넘김 그대로,2023-07-07,https://play.tvcf.co.kr/911999,Jul_230730
telecom,정보통신,LG유플러스 U+tv NEXT,"OTT, 이제 보는 사람 중심으로",2023-07-07,https://play.tvcf.co.kr/911956,Jul_230730
telecom,정보통신,알바몬,알바몬 좋다~,2023-07-07,https://play.tvcf.co.kr/910731,Jul_230730
healthcare_pharma,제약/의료/복지,오로나민C,텐션 장인들이 만든 텐션 100%,2023-07-07,https://play.tvcf.co.kr/911878,Jul_230730
healthcare_pharma,제약/의료/복지,룰더핏 에스컷&액티브 다이어트,나다운 핏의 완성,2023-07-07,https://play.tvcf.co.kr/912053,Jul_230730
fashion,패션/스포츠,아쿠아티카,래쉬가드는 아쿠아티카,2023-07-07,https://play.tvcf.co.kr/912030,Jul_230730
fnb,식품/제과,닭가습살햄 챔,"햄을 끊었다, 챔을 시작했다",2023-07-08,https://play.tvcf.co.kr/912039,Jul_230730
automotive,자동차/정유,금호타이어 EV,전기차의 심장이 되다,2023-07-08,https://play.tvcf.co.kr/912100,Jul_230730
home_appliance,전기전자,LG휘센 시스템 에어컨,내심 바란 대로. 휘센이 맞춰서 다 해주니까.,2023-07-08,https://play.tvcf.co.kr/911943,Jul_230730
fashion,패션/스포츠,르무통,_______은 르무통을 신습니다.,2023-07-08,https://play.tvcf.co.kr/912045,Jul_230730
beauty,화장품,하이모 레이디,"꿈꾸는 모든 스타일, 레이디와 함께 헤어",2023-07-08,https://play.tvcf.co.kr/912026,Jul_230730
public_gov,관공서/지자체,공익광고협의회,"나부터, 5초만",2023-07-10,https://play.tvcf.co.kr/912189,Jul_230730
finance,금융/보험,현대해상 다이렉트,"현대해상은 차량번호 하나로.
특약 확인이 한번에.",2023-07-10,https://play.tvcf.co.kr/912057,Jul_230730
home_living,생활/가정용품,뭄뭄실내화,"우리집, 시원함이 시급할 때. 뭄뭄에어.",2023-07-10,https://play.tvcf.co.kr/912227,Jul_230730
telecom,정보통신,웰로비즈,웰로비즈가 콕! 집어 알려드립니다,2023-07-10,https://play.tvcf.co.kr/912200,Jul_230730
telecom,정보통신,웰로,"모르면 손해, 웰로",2023-07-10,https://play.tvcf.co.kr/912201,Jul_230730
beauty,화장품,키스미 캔디 피팅 틴트,Pick Your Candy Flavor. kiss me.,2023-07-10,https://play.tvcf.co.kr/912072,Jul_230730
beauty,화장품,이퓨럽,반려인을 위한 선크림,2023-07-10,https://play.tvcf.co.kr/912209,Jul_230730
telecom,정보통신,웰로,모르는데 어떻게 받아요? 웰로를 다운 받아요,2023-07-11,https://play.tvcf.co.kr/912203,Jul_230730
public_gov,관공서/지자체,식품의약품안전처,식중독 예방 6대 수칙이면 다 했다,2023-07-11,https://play.tvcf.co.kr/912231,Jul_230730
beauty,화장품,달바,세럼을 스프레이하다,2023-07-11,https://play.tvcf.co.kr/912219,Jul_230730
education,출판/교육/문화,SBS캠페인,오늘의 스타트업이 내일의 세상,2023-07-12,https://play.tvcf.co.kr/912346,Jul_230730
beverage_alcohol,음료/기호식품,하이뮨 프로틴밸런스,Oh~ 5~ 오~ 5초에 한캔씩 팔리는 하이뮨,2023-07-12,https://play.tvcf.co.kr/912444,Jul_230730
retail,서비스/유통/레저,티머니 고,"매일 타는 대중교통, 적립은 받고 계시Go?",2023-07-12,https://play.tvcf.co.kr/912385,Jul_230730
retail,서비스/유통/레저,클럽디 오아시스,"이 모든 것을 바다 위, 오아시스에서",2023-07-12,https://play.tvcf.co.kr/912351,Jul_230730
home_appliance,전기전자,리니지W,리니지X진격의 거인,2023-07-12,https://play.tvcf.co.kr/912263,Jul_230730
home_appliance,전기전자,코웨이 icon 얼음정수기,얼음정수기는 코웨이 icon 얼음정수기!,2023-07-12,https://play.tvcf.co.kr/912345,Jul_230730
telecom,정보통신,LG유플러스,통신이 쉽다 유플닷컴,2023-07-13,https://play.tvcf.co.kr/912358,Jul_230730
beverage_alcohol,음료/기호식품,한맥,부드럽게 부드럽게 달라지다,2023-07-13,https://play.tvcf.co.kr/912613,Jul_230730
public_gov,관공서/지자체,한국환경산업기술원,폼나게 녹색사자,2023-07-13,https://play.tvcf.co.kr/912438,Jul_230730
public_gov,관공서/지자체,한국음악저작권협회,음악인을 지킵니다. 음악을 지킵니다.,2023-07-13,https://play.tvcf.co.kr/912401,Jul_230730
fnb,식품/제과,포스트 그래놀라,1등 그래놀라에겐 당신이 1등. 그래놀라는 포스트다.,2023-07-13,https://play.tvcf.co.kr/912349,Jul_230730
telecom,정보통신,아레스 : 라이즈 오브 가디언즈,7월 25일 아레스 정식 출시,2023-07-13,https://play.tvcf.co.kr/912442,Jul_230730
fnb,식품/제과,스팸,이 맛 오직 스팸뿐,2023-07-13,https://play.tvcf.co.kr/912398,Jul_230730
home_appliance,전기전자,마비노기,자유로운 우리의 낭만 가득 알바 라이프,2023-07-13,https://play.tvcf.co.kr/912394,Jul_230730
fnb,식품/제과,롯데리아,K버거 K뮤직이 되다,2023-07-13,https://play.tvcf.co.kr/912388,Jul_230730
retail,서비스/유통/레저,롯데 RE:FRESH,맛있는 수박에 100% 진심,2023-07-13,https://play.tvcf.co.kr/912250,Jul_230730
healthcare_pharma,제약/의료/복지,로타릭스,고민을 왜 해요. 이미 세계 판매 1위인데.,2023-07-13,https://play.tvcf.co.kr/912445,Jul_230730
public_gov,관공서/지자체,경기도교육청,너와 나는 어디서든 똑같이 소중하니까,2023-07-13,https://play.tvcf.co.kr/912429,Jul_230730
telecom,정보통신,LG유플러스 해외로밍,이 모든 즐거움이. 추가요금 걱정없이.,2023-07-14,https://play.tvcf.co.kr/912527,Jul_230730
telecom,정보통신,틱톡,"내 방식대로, 재밌게",2023-07-14,https://play.tvcf.co.kr/912521,Jul_230730
healthcare_pharma,제약/의료/복지,튠페이스,섬세하게 탄탄하게. Tune face.,2023-07-14,https://play.tvcf.co.kr/912574,Jul_230730
beverage_alcohol,음료/기호식품,켈리,"이 여름, 켈리에 꽂히다",2023-07-14,https://play.tvcf.co.kr/912450,Jul_230730
fnb,식품/제과,아웃백스테이크하우스,올 여름엔 아웃백 써머그래,2023-07-14,https://play.tvcf.co.kr/912441,Jul_230730
fnb,식품/제과,사세,"세상에 없던 순살치킨, 사세 가라아게",2023-07-14,https://play.tvcf.co.kr/912449,Jul_230730
beverage_alcohol,음료/기호식품,별빛청하 스파클링,"반짝반짝 오늘을 기념하며, 별빛청하 스파클링",2023-07-14,https://play.tvcf.co.kr/912431,Jul_230730
telecom,정보통신,메이플스토리 NEW AGE,메이플을 완전히 새롭게,2023-07-14,https://play.tvcf.co.kr/912495,Jul_230730
public_gov,관공서/지자체,고창군,"우리가 만날 최고의 여름, 고창",2023-07-14,https://play.tvcf.co.kr/912467,Jul_230730
automotive,자동차/정유,쉐보레 트레일블레이저,TRAIILBLAZER  TRAIILBLAZER.,2023-07-14,https://play.tvcf.co.kr/912661,Jul_230730
home_appliance,전기전자,AI하틴루 슬립드림,"미세한 떨림까지 정밀하게 지켜보고, 숙면으로 인도합니다.",2023-07-15,https://play.tvcf.co.kr/912575,Jul_230730
healthcare_pharma,제약/의료/복지,플레이드 뽀로로 밴드,고기능 하이드로겔로 상처 걱정 뽀로롱.,2023-07-15,https://play.tvcf.co.kr/912564,Jul_230730
healthcare_pharma,제약/의료/복지,크니쁘니,우리 아이 오늘도 참 잘했어요,2023-07-15,https://play.tvcf.co.kr/913165,Jul_230730
home_appliance,전기전자,코끼리 이동식 에어컨,"무더운 여름, 웰템 이동식 에어컨으로 시원하게 쾌적하게!",2023-07-15,https://play.tvcf.co.kr/912562,Jul_230730
finance,금융/보험,우체국 금융,믿을 수 있어 우체국금융이다.,2023-07-15,https://play.tvcf.co.kr/912560,Jul_230730
healthcare_pharma,제약/의료/복지,비타500 ZERO,비타민C 가드득 피었습니다,2023-07-15,https://play.tvcf.co.kr/912464,Jul_230730
healthcare_pharma,제약/의료/복지,덴서티,두가지 고주파로 빈틈없이. 자신감을 채우다. DENSITY.,2023-07-15,https://play.tvcf.co.kr/912579,Jul_230730
public_gov,관공서/지자체,전라남도,볼수록 새로운. 알수록 놀라운. 전라남도.,2023-07-16,https://play.tvcf.co.kr/912592,Jul_230730
healthcare_pharma,제약/의료/복지,호당원 프리미엄 골드,식후 혈당케어! 이젠 호당원 골드입니다.,2023-07-17,https://play.tvcf.co.kr/912617,Jul_230730
education,출판/교육/문화,메가스터디,노베니까 노베,2023-07-17,https://play.tvcf.co.kr/912804,Jul_230730
education,출판/교육/문화,골프존,골프의 차원을 넓히디,2023-07-17,https://play.tvcf.co.kr/912611,Jul_230730
fashion,패션/스포츠,KLPGA,Swing the world,2023-07-17,https://play.tvcf.co.kr/912642,Jul_230730
retail,서비스/유통/레저,티머니 고,착한이동 이동이득 티머니GO.,2023-07-18,https://play.tvcf.co.kr/912768,Jul_230730
finance,금융/보험,우리금융그룹,우리를 위해 우리가 밀어준다,2023-07-18,https://play.tvcf.co.kr/912641,Jul_230730
automotive,자동차/정유,스포티지,시대를 넘어. 세대를 넘어.,2023-07-18,https://play.tvcf.co.kr/912781,Jul_230730
beverage_alcohol,음료/기호식품,버드와이저,아직 도전하지 않은 모든  이들을 위해. THE  STAGE IS YOUR TO TAKE.,2023-07-18,https://play.tvcf.co.kr/912692,Jul_230730
telecom,정보통신,구글플레이,나의 모든 플레이가 시작되는 곳. 구글 플레이.,2023-07-18,https://play.tvcf.co.kr/912806,Jul_230730
fnb,식품/제과,The미식 메밀비빔면,먹어봐. 아는 맛보다 맛있으니까. The 미식 비빔면.,2023-07-19,https://play.tvcf.co.kr/912773,Jul_230730
retail,서비스/유통/레저,JW메리어트,발견해보세요. 온전한 나를. 새로운 날을.,2023-07-19,https://play.tvcf.co.kr/912810,Jul_230730
automotive,자동차/정유,BMW MINI,<칸트와 닭모가지>,2023-07-19,https://play.tvcf.co.kr/912759,Jul_230730
finance,금융/보험,우리금융그룹,우리를 위해 우리가 띄운다.,2023-07-19,https://play.tvcf.co.kr/912774,Jul_230730
education,출판/교육/문화,비상교육 온리원,잡았다. 상위권 학습법.,2023-07-19,https://play.tvcf.co.kr/912819,Jul_230730
home_appliance,전기전자,LG랩스 브리즈,"저마다의 흐림, 브리즈로 걷어낼 수 있도록.",2023-07-20,https://play.tvcf.co.kr/912832,Jul_230730
finance,금융/보험,DB금융 네트워크,한 사람 한 사람을 위한 금융,2023-07-20,https://play.tvcf.co.kr/912797,Jul_230730
public_gov,관공서/지자체,한국관광공사,RIDE THE KOREAN WAVE.,2023-07-20,https://play.tvcf.co.kr/913048,Jul_230730
automotive,자동차/정유,포르쉐 타이칸,"taycan, Soul, elctrified.",2023-07-20,https://play.tvcf.co.kr/912826,Jul_230730
finance,금융/보험,우리금융그룹,우리를 위해 우리가 응원한다,2023-07-20,https://play.tvcf.co.kr/912793,Jul_230730
retail,서비스/유통/레저,아이허브,피곤할 땐 이게 직구,2023-07-20,https://play.tvcf.co.kr/912790,Jul_230730
telecom,정보통신,붕괴 스타레일,붕괴 스타레일. 불멸의 끝 업데이트.,2023-07-20,https://play.tvcf.co.kr/912812,Jul_230730
healthcare_pharma,제약/의료/복지,뭴러스 오메가3 레몬맛,프레딧이 최초로. 노르웨이 1등 브랜드 뭴러스를 직접 공급합니다.,2023-07-20,https://play.tvcf.co.kr/912827,Jul_230730
public_gov,관공서/지자체,국민건강보험 노인장기요양보험,노인 장기 요양보험으로 노후 날씨 맑음!,2023-07-20,https://play.tvcf.co.kr/912811,Jul_230730
telecom,정보통신,TMAP대리,T나게 좋다 티맵대리,2023-07-21,https://play.tvcf.co.kr/913029,Jul_230730
corporate_pr,기업PR,SK이노베이션,"이런 미래. 지금까지는 SF.
지금부터는 SK 이노베이션.",2023-07-21,https://play.tvcf.co.kr/912822,Jul_230730
beverage_alcohol,음료/기호식품,포카리스웨트,모든 오늘을 파랑해,2023-07-21,https://play.tvcf.co.kr/913003,Jul_230730
telecom,정보통신,아이폰 14pro,뉴진스 iPhone으로 찍다,2023-07-21,https://play.tvcf.co.kr/912994,Jul_230730
fnb,식품/제과,아웃백 본앤본 프레스티지 스테이크,아웃백에 올 새로운 이유가 생겼네요.,2023-07-21,https://play.tvcf.co.kr/912820,Jul_230730
retail,서비스/유통/레저,셀로,"추억은 당신에게, 폰은 셀로에게",2023-07-21,https://play.tvcf.co.kr/913721,Jul_230730
fnb,식품/제과,새우깡,모여라! 세상 모든 손,2023-07-21,https://play.tvcf.co.kr/912993,Jul_230730
fnb,식품/제과,반올림피자,내 취향이 여기에. 반올림 피자.,2023-07-21,https://play.tvcf.co.kr/913000,Jul_230730
retail,서비스/유통/레저,홈플러스,홈플런. 좋아하는 건 모두 시원한 가격으로. 홈플로 달려.,2023-07-22,https://play.tvcf.co.kr/913008,Jul_230730
telecom,정보통신,삼성 갤럭시,Join the flip side,2023-07-22,https://play.tvcf.co.kr/913740,Jul_230730
education,출판/교육/문화,밀크T,교과서를 만든 회사가 인강 콘텐츠를 제작한다?,2023-07-22,https://play.tvcf.co.kr/913011,Jul_230730
beverage_alcohol,음료/기호식품,맥심 T.O.P,지금처럼 앞으로도 KEEP IT UP,2023-07-22,https://play.tvcf.co.kr/913121,Jul_230730
healthcare_pharma,제약/의료/복지,뉴오리진 이너플로라,대한민국 여자 유산균. 뉴오리진 이너플로라.,2023-07-22,https://play.tvcf.co.kr/912990,Jul_230730
public_gov,관공서/지자체,고용노동부,키워라. 워라벨.,2023-07-22,https://play.tvcf.co.kr/913019,Jul_230730
fnb,식품/제과,King Of KIM,"Crispy, WANT EAT?",2023-07-24,https://play.tvcf.co.kr/913044,Jul_230730
public_gov,관공서/지자체,FIFA,FOOTBALL UNITES THE WORLD,2023-07-24,https://play.tvcf.co.kr/913111,Jul_230730
home_living,생활/가정용품,포포몽,best pet pad,2023-07-24,https://play.tvcf.co.kr/913627,Jul_230730
beverage_alcohol,음료/기호식품,에딩거,"연쇄 거품 살린 사건. 거품까지 맛있게 살렸다, 에딩거",2023-07-24,https://play.tvcf.co.kr/914230,Jul_230730
beverage_alcohol,음료/기호식품,아사히 수퍼드라이,모던 재팬의 청량감,2023-07-24,https://play.tvcf.co.kr/913112,Jul_230730
corporate_pr,기업PR,삼성전자,Future of Work by DS,2023-07-24,https://play.tvcf.co.kr/913339,Jul_230730
home_appliance,전기전자,LG ThinQ,"모르면 손해일지도, LG ThinkQ",2023-07-25,https://play.tvcf.co.kr/913270,Jul_230730
automotive,자동차/정유,토요타 하이랜더,더 큰 세상이 타고 있다 토요타 하이랜더,2023-07-25,https://play.tvcf.co.kr/913173,Jul_230730
construction_realestate,아파트/건설,스위첸,서로 다른 문명이 만나 또 다른 문명을 키워가는 집,2023-07-25,https://play.tvcf.co.kr/913125,Jul_230730
home_appliance,전기전자,소니 WF-1000XM5,이것은 작게 진화한 헤드폰,2023-07-25,https://play.tvcf.co.kr/913129,Jul_230730
home_appliance,전기전자,마데카 프라임,마데카라 달라요,2023-07-25,https://play.tvcf.co.kr/913227,Jul_230730
telecom,정보통신,SLBS,MEET THE WHOLE NEW GALAXY,2023-07-26,https://play.tvcf.co.kr/913382,Jul_230730
beverage_alcohol,음료/기호식품,세븐브로이,"취향은 가지가지, 맥주도 가지가지. 취향존중 세븐브로이.",2023-07-26,https://play.tvcf.co.kr/914079,Jul_230730
telecom,정보통신,삼성 갤럭시 Z플립 5,Join the flip side,2023-07-26,https://play.tvcf.co.kr/913355,Jul_230730
home_appliance,전기전자,삼성 갤럭시 탭 S9,"결국, 탭 하나 차이",2023-07-26,https://play.tvcf.co.kr/913353,Jul_230730
telecom,정보통신,삼성 갤럭시 워치6 클래식,Time for NEW CLASSIC,2023-07-26,https://play.tvcf.co.kr/913373,Jul_230730
telecom,정보통신,삼성 갤럭시 워치6,This is MY Watch,2023-07-26,https://play.tvcf.co.kr/913372,Jul_230730
telecom,정보통신,LG유플러스 갤럭시 Z 플립5,"이런 혜택, 유플러스만의 WHY NOT?",2023-07-27,https://play.tvcf.co.kr/913617,Jul_230730
automotive,자동차/정유,현대자동차,"우리가 달려온 길, 그리고 나아갈 길",2023-07-27,https://play.tvcf.co.kr/913614,Jul_230730
home_appliance,전기전자,하만 JBL Tour One,내 안으로 떠나는 투어,2023-07-27,https://play.tvcf.co.kr/913781,Jul_230730
fnb,식품/제과,삼양식품,"So yummy , spicy. tasty. 맵지.",2023-07-27,https://play.tvcf.co.kr/913628,Jul_230730
telecom,정보통신,삼성 갤럭시 Z 플립5,줏대있게 Write now,2023-07-27,https://play.tvcf.co.kr/913727,Jul_230730
retail,서비스/유통/레저,고려기프트,판촉물은 고려기프트,2023-07-27,https://play.tvcf.co.kr/913630,Jul_230730
telecom,정보통신,SK텔레콤 에이닷,"내 손안의 AI 친구, 에이닷",2023-07-28,https://play.tvcf.co.kr/913747,Jul_230730
finance,금융/보험,SGI서울보증,"꿈을 보증하다, 희망을 더하다",2023-07-28,https://play.tvcf.co.kr/913998,Jul_230730
education,출판/교육/문화,KBS,물 줄기를 따라 여름을 맞는다,2023-07-28,https://play.tvcf.co.kr/913701,Jul_230730
finance,금융/보험,KB금융그룹,돈을 위해 독해진 돈독한 프렌즈. 스타프렌즈.,2023-07-28,https://play.tvcf.co.kr/913723,Jul_230730
telecom,정보통신,삼성 갤럭시 Z 플립5 | 탭 S9,Galaxy Tab S. 최초의 방수 기능 탑재.,2023-07-28,https://play.tvcf.co.kr/914094,Jul_230730
fnb,식품/제과,비비고 셰프컬렉션,한식만이 가진 어우러짐 속 온기를. 이제 집에서 경험해 보세요.,2023-07-28,https://play.tvcf.co.kr/913945,Jul_230730
public_gov,관공서/지자체,"수협중앙회, 수협은행",우리 바다가 키우고 어부의 이름으로 전합니다. 진심을 담아 - 이름에 담아.,2023-07-29,https://play.tvcf.co.kr/913704,Jul_230730
home_appliance,전기전자,바디프랜드,Oh! Healthy day,2023-07-29,https://play.tvcf.co.kr/914193,Jul_230730
automotive,자동차/정유,BMW XM,"Normal 에서 시작.
그걸 깨는 것 부터 시작.
BREAK THE NORM",2023-07-31,https://play.tvcf.co.kr/913739,Jul_230730
telecom,정보통신,아나바다,"아나바다, 지금 당장 교환바다",2023-07-31,https://play.tvcf.co.kr/913959,Jul_230730
healthcare_pharma,제약/의료/복지,고려은단 메가도스B,"지금, 활력의 차이를 느껴보세요.",2023-07-31,https://play.tvcf.co.kr/913732,Jul_230730
